
Chn1 Chn2  PAE Dist  Type   ipSAE    ipSAE_d0chn ipSAE_d0dom  ipTM_af  ipTM_d0chn     pDockQ     pDockQ2    LIS       n0res  n0chn  n0dom   d0res   d0chn   d0dom  nres1   nres2   dist1   dist2  Model
A    B     10   10   asym  0.000000    0.000000    0.000000    0.173    0.015753      0.0187     0.0081     0.0000       0     84      0    1.00    3.29    1.00      0       0       0       0   result_model_3
B    A     10   10   asym  0.000000    0.000000    0.000000    0.173    0.015896      0.0187     0.0081     0.0000       0     84      0    1.00    3.29    1.00      0       0       0       0   result_model_3
A    B     10   10   max   0.000000    0.000000    0.000000    0.173    0.015896      0.0187     0.0081     0.0000       0     84      0    1.00    3.29    1.00      0       0       0       0   result_model_3

A    C     10   10   asym  0.000000    0.000000    0.000000    0.291    0.026648      0.0242     0.0089     0.0000       0     84      0    1.00    3.29    1.00      0       0       0       0   result_model_3
C    A     10   10   asym  0.000000    0.000000    0.000000    0.293    0.027103      0.0242     0.0090     0.0000       0     84      0    1.00    3.29    1.00      0       0       0       0   result_model_3
A    C     10   10   max   0.000000    0.000000    0.000000    0.293    0.027103      0.0242     0.0090     0.0000       0     84      0    1.00    3.29    1.00      0       0       0       0   result_model_3

A    D     10   10   asym  0.000000    0.000000    0.000000    0.176    0.015815      0.0193     0.0081     0.0000       0     84      0    1.00    3.29    1.00      0       0       0       0   result_model_3
D    A     10   10   asym  0.000000    0.000000    0.000000    0.175    0.015883      0.0193     0.0081     0.0000       0     84      0    1.00    3.29    1.00      0       0       0       0   result_model_3
A    D     10   10   max   0.000000    0.000000    0.000000    0.176    0.015883      0.0193     0.0081     0.0000       0     84      0    1.00    3.29    1.00      0       0       0       0   result_model_3

A    E     10   10   asym  0.000000    0.000000    0.000000    0.276    0.025186      0.0248     0.0089     0.0000       0     84      0    1.00    3.29    1.00      0       0       0       0   result_model_3
E    A     10   10   asym  0.000000    0.000000    0.000000    0.283    0.024195      0.0248     0.0088     0.0000       0     84      0    1.00    3.29    1.00      0       0       0       0   result_model_3
A    E     10   10   max   0.000000    0.000000    0.000000    0.283    0.025186      0.0248     0.0089     0.0000       0     84      0    1.00    3.29    1.00      0       0       0       0   result_model_3

A    F     10   10   asym  0.000000    0.000000    0.000000    0.170    0.015733      0.0192     0.0081     0.0000       0     84      0    1.00    3.29    1.00      0       0       0       0   result_model_3
F    A     10   10   asym  0.000000    0.000000    0.000000    0.174    0.015434      0.0192     0.0081     0.0000       0     84      0    1.00    3.29    1.00      0       0       0       0   result_model_3
A    F     10   10   max   0.000000    0.000000    0.000000    0.174    0.015733      0.0192     0.0081     0.0000       0     84      0    1.00    3.29    1.00      0       0       0       0   result_model_3

A    G     10   10   asym  0.000000    0.000000    0.000000    0.226    0.019995      0.0000     0.0000     0.0000       0     84      0    1.00    3.29    1.00      0       0       0       0   result_model_3
G    A     10   10   asym  0.000000    0.000000    0.000000    0.232    0.019204      0.0000     0.0000     0.0000       0     84      0    1.00    3.29    1.00      0       0       0       0   result_model_3
A    G     10   10   max   0.000000    0.000000    0.000000    0.232    0.019995      0.0000     0.0000     0.0000       0     84      0    1.00    3.29    1.00      0       0       0       0   result_model_3

A    H     10   10   asym  0.000000    0.000000    0.000000    0.160    0.015085      0.0000     0.0000     0.0000       0     84      0    1.00    3.29    1.00      0       0       0       0   result_model_3
H    A     10   10   asym  0.000000    0.000000    0.000000    0.163    0.014718      0.0000     0.0000     0.0000       0     84      0    1.00    3.29    1.00      0       0       0       0   result_model_3
A    H     10   10   max   0.000000    0.000000    0.000000    0.163    0.015085      0.0000     0.0000     0.0000       0     84      0    1.00    3.29    1.00      0       0       0       0   result_model_3

A    I     10   10   asym  0.000000    0.000000    0.000000    0.189    0.016859      0.0000     0.0000     0.0000       0     84      0    1.00    3.29    1.00      0       0       0       0   result_model_3
I    A     10   10   asym  0.000000    0.000000    0.000000    0.189    0.016597      0.0000     0.0000     0.0000       0     84      0    1.00    3.29    1.00      0       0       0       0   result_model_3
A    I     10   10   max   0.000000    0.000000    0.000000    0.189    0.016859      0.0000     0.0000     0.0000       0     84      0    1.00    3.29    1.00      0       0       0       0   result_model_3

A    J     10   10   asym  0.000000    0.000000    0.000000    0.150    0.014420      0.0000     0.0000     0.0000       0     84      0    1.00    3.29    1.00      0       0       0       0   result_model_3
J    A     10   10   asym  0.000000    0.000000    0.000000    0.152    0.014156      0.0000     0.0000     0.0000       0     84      0    1.00    3.29    1.00      0       0       0       0   result_model_3
A    J     10   10   max   0.000000    0.000000    0.000000    0.152    0.014420      0.0000     0.0000     0.0000       0     84      0    1.00    3.29    1.00      0       0       0       0   result_model_3

A    K     10   10   asym  0.000000    0.000000    0.000000    0.165    0.015074      0.0000     0.0000     0.0000       0     84      0    1.00    3.29    1.00      0       0       0       0   result_model_3
K    A     10   10   asym  0.000000    0.000000    0.000000    0.163    0.015018      0.0000     0.0000     0.0000       0     84      0    1.00    3.29    1.00      0       0       0       0   result_model_3
A    K     10   10   max   0.000000    0.000000    0.000000    0.165    0.015074      0.0000     0.0000     0.0000       0     84      0    1.00    3.29    1.00      0       0       0       0   result_model_3

A    L     10   10   asym  0.000000    0.000000    0.000000    0.144    0.013905      0.0000     0.0000     0.0000       0     84      0    1.00    3.29    1.00      0       0       0       0   result_model_3
L    A     10   10   asym  0.000000    0.000000    0.000000    0.144    0.013797      0.0000     0.0000     0.0000       0     84      0    1.00    3.29    1.00      0       0       0       0   result_model_3
A    L     10   10   max   0.000000    0.000000    0.000000    0.144    0.013905      0.0000     0.0000     0.0000       0     84      0    1.00    3.29    1.00      0       0       0       0   result_model_3

A    M     10   10   asym  0.000000    0.000000    0.000000    0.153    0.014200      0.0000     0.0000     0.0000       0     84      0    1.00    3.29    1.00      0       0       0       0   result_model_3
M    A     10   10   asym  0.000000    0.000000    0.000000    0.150    0.014282      0.0000     0.0000     0.0000       0     84      0    1.00    3.29    1.00      0       0       0       0   result_model_3
A    M     10   10   max   0.000000    0.000000    0.000000    0.153    0.014282      0.0000     0.0000     0.0000       0     84      0    1.00    3.29    1.00      0       0       0       0   result_model_3

A    N     10   10   asym  0.000000    0.000000    0.000000    0.138    0.013543      0.0000     0.0000     0.0000       0     84      0    1.00    3.29    1.00      0       0       0       0   result_model_3
N    A     10   10   asym  0.000000    0.000000    0.000000    0.138    0.013505      0.0000     0.0000     0.0000       0     84      0    1.00    3.29    1.00      0       0       0       0   result_model_3
A    N     10   10   max   0.000000    0.000000    0.000000    0.138    0.013543      0.0000     0.0000     0.0000       0     84      0    1.00    3.29    1.00      0       0       0       0   result_model_3

A    O     10   10   asym  0.000000    0.000000    0.000000    0.134    0.013084      0.0000     0.0000     0.0000       0     84      0    1.00    3.29    1.00      0       0       0       0   result_model_3
O    A     10   10   asym  0.000000    0.000000    0.000000    0.131    0.013233      0.0000     0.0000     0.0000       0     84      0    1.00    3.29    1.00      0       0       0       0   result_model_3
A    O     10   10   max   0.000000    0.000000    0.000000    0.134    0.013233      0.0000     0.0000     0.0000       0     84      0    1.00    3.29    1.00      0       0       0       0   result_model_3

A    P     10   10   asym  0.000000    0.000000    0.000000    0.126    0.012748      0.0000     0.0000     0.0000       0     84      0    1.00    3.29    1.00      0       0       0       0   result_model_3
P    A     10   10   asym  0.000000    0.000000    0.000000    0.125    0.012769      0.0000     0.0000     0.0000       0     84      0    1.00    3.29    1.00      0       0       0       0   result_model_3
A    P     10   10   max   0.000000    0.000000    0.000000    0.126    0.012769      0.0000     0.0000     0.0000       0     84      0    1.00    3.29    1.00      0       0       0       0   result_model_3

A    Q     10   10   asym  0.000000    0.000000    0.000000    0.145    0.013513      0.0000     0.0000     0.0000       0     84      0    1.00    3.29    1.00      0       0       0       0   result_model_3
Q    A     10   10   asym  0.000000    0.000000    0.000000    0.139    0.013805      0.0000     0.0000     0.0000       0     84      0    1.00    3.29    1.00      0       0       0       0   result_model_3
A    Q     10   10   max   0.000000    0.000000    0.000000    0.145    0.013805      0.0000     0.0000     0.0000       0     84      0    1.00    3.29    1.00      0       0       0       0   result_model_3

A    R     10   10   asym  0.000000    0.000000    0.000000    0.133    0.013142      0.0000     0.0000     0.0000       0     84      0    1.00    3.29    1.00      0       0       0       0   result_model_3
R    A     10   10   asym  0.000000    0.000000    0.000000    0.132    0.013185      0.0000     0.0000     0.0000       0     84      0    1.00    3.29    1.00      0       0       0       0   result_model_3
A    R     10   10   max   0.000000    0.000000    0.000000    0.133    0.013185      0.0000     0.0000     0.0000       0     84      0    1.00    3.29    1.00      0       0       0       0   result_model_3

A    S     10   10   asym  0.000000    0.000000    0.000000    0.125    0.012605      0.0000     0.0000     0.0000       0     84      0    1.00    3.29    1.00      0       0       0       0   result_model_3
S    A     10   10   asym  0.000000    0.000000    0.000000    0.123    0.012684      0.0000     0.0000     0.0000       0     84      0    1.00    3.29    1.00      0       0       0       0   result_model_3
A    S     10   10   max   0.000000    0.000000    0.000000    0.125    0.012684      0.0000     0.0000     0.0000       0     84      0    1.00    3.29    1.00      0       0       0       0   result_model_3

A    T     10   10   asym  0.000000    0.000000    0.000000    0.119    0.012383      0.0000     0.0000     0.0000       0     84      0    1.00    3.29    1.00      0       0       0       0   result_model_3
T    A     10   10   asym  0.000000    0.000000    0.000000    0.119    0.012379      0.0000     0.0000     0.0000       0     84      0    1.00    3.29    1.00      0       0       0       0   result_model_3
A    T     10   10   max   0.000000    0.000000    0.000000    0.119    0.012383      0.0000     0.0000     0.0000       0     84      0    1.00    3.29    1.00      0       0       0       0   result_model_3

B    C     10   10   asym  0.000000    0.000000    0.000000    0.170    0.015803      0.0192     0.0081     0.0000       0     84      0    1.00    3.29    1.00      0       0       0       0   result_model_3
C    B     10   10   asym  0.000000    0.000000    0.000000    0.172    0.015621      0.0192     0.0081     0.0000       0     84      0    1.00    3.29    1.00      0       0       0       0   result_model_3
B    C     10   10   max   0.000000    0.000000    0.000000    0.172    0.015803      0.0192     0.0081     0.0000       0     84      0    1.00    3.29    1.00      0       0       0       0   result_model_3

B    D     10   10   asym  0.000000    0.000000    0.000000    0.280    0.026187      0.0243     0.0089     0.0000       0     84      0    1.00    3.29    1.00      0       0       0       0   result_model_3
D    B     10   10   asym  0.000000    0.000000    0.000000    0.285    0.025280      0.0243     0.0088     0.0000       0     84      0    1.00    3.29    1.00      0       0       0       0   result_model_3
B    D     10   10   max   0.000000    0.000000    0.000000    0.285    0.026187      0.0243     0.0089     0.0000       0     84      0    1.00    3.29    1.00      0       0       0       0   result_model_3

B    E     10   10   asym  0.000000    0.000000    0.000000    0.163    0.015310      0.0000     0.0000     0.0000       0     84      0    1.00    3.29    1.00      0       0       0       0   result_model_3
E    B     10   10   asym  0.000000    0.000000    0.000000    0.166    0.014974      0.0000     0.0000     0.0000       0     84      0    1.00    3.29    1.00      0       0       0       0   result_model_3
B    E     10   10   max   0.000000    0.000000    0.000000    0.166    0.015310      0.0000     0.0000     0.0000       0     84      0    1.00    3.29    1.00      0       0       0       0   result_model_3

B    F     10   10   asym  0.000000    0.000000    0.000000    0.234    0.020946      0.0184     0.0081     0.0000       0     84      0    1.00    3.29    1.00      0       0       0       0   result_model_3
F    B     10   10   asym  0.000000    0.000000    0.000000    0.238    0.019912      0.0184     0.0081     0.0000       0     84      0    1.00    3.29    1.00      0       0       0       0   result_model_3
B    F     10   10   max   0.000000    0.000000    0.000000    0.238    0.020946      0.0184     0.0081     0.0000       0     84      0    1.00    3.29    1.00      0       0       0       0   result_model_3

B    G     10   10   asym  0.000000    0.000000    0.000000    0.151    0.014497      0.0000     0.0000     0.0000       0     84      0    1.00    3.29    1.00      0       0       0       0   result_model_3
G    B     10   10   asym  0.000000    0.000000    0.000000    0.154    0.014241      0.0000     0.0000     0.0000       0     84      0    1.00    3.29    1.00      0       0       0       0   result_model_3
B    G     10   10   max   0.000000    0.000000    0.000000    0.154    0.014497      0.0000     0.0000     0.0000       0     84      0    1.00    3.29    1.00      0       0       0       0   result_model_3

B    H     10   10   asym  0.000000    0.000000    0.000000    0.196    0.017727      0.0000     0.0000     0.0000       0     84      0    1.00    3.29    1.00      0       0       0       0   result_model_3
H    B     10   10   asym  0.000000    0.000000    0.000000    0.198    0.017173      0.0000     0.0000     0.0000       0     84      0    1.00    3.29    1.00      0       0       0       0   result_model_3
B    H     10   10   max   0.000000    0.000000    0.000000    0.198    0.017727      0.0000     0.0000     0.0000       0     84      0    1.00    3.29    1.00      0       0       0       0   result_model_3

B    I     10   10   asym  0.000000    0.000000    0.000000    0.143    0.013920      0.0000     0.0000     0.0000       0     84      0    1.00    3.29    1.00      0       0       0       0   result_model_3
I    B     10   10   asym  0.000000    0.000000    0.000000    0.144    0.013756      0.0000     0.0000     0.0000       0     84      0    1.00    3.29    1.00      0       0       0       0   result_model_3
B    I     10   10   max   0.000000    0.000000    0.000000    0.144    0.013920      0.0000     0.0000     0.0000       0     84      0    1.00    3.29    1.00      0       0       0       0   result_model_3

B    J     10   10   asym  0.000000    0.000000    0.000000    0.168    0.015632      0.0000     0.0000     0.0000       0     84      0    1.00    3.29    1.00      0       0       0       0   result_model_3
J    B     10   10   asym  0.000000    0.000000    0.000000    0.169    0.015347      0.0000     0.0000     0.0000       0     84      0    1.00    3.29    1.00      0       0       0       0   result_model_3
B    J     10   10   max   0.000000    0.000000    0.000000    0.169    0.015632      0.0000     0.0000     0.0000       0     84      0    1.00    3.29    1.00      0       0       0       0   result_model_3

B    K     10   10   asym  0.000000    0.000000    0.000000    0.135    0.013387      0.0000     0.0000     0.0000       0     84      0    1.00    3.29    1.00      0       0       0       0   result_model_3
K    B     10   10   asym  0.000000    0.000000    0.000000    0.136    0.013307      0.0000     0.0000     0.0000       0     84      0    1.00    3.29    1.00      0       0       0       0   result_model_3
B    K     10   10   max   0.000000    0.000000    0.000000    0.136    0.013387      0.0000     0.0000     0.0000       0     84      0    1.00    3.29    1.00      0       0       0       0   result_model_3

B    L     10   10   asym  0.000000    0.000000    0.000000    0.152    0.014291      0.0000     0.0000     0.0000       0     84      0    1.00    3.29    1.00      0       0       0       0   result_model_3
L    B     10   10   asym  0.000000    0.000000    0.000000    0.150    0.014299      0.0000     0.0000     0.0000       0     84      0    1.00    3.29    1.00      0       0       0       0   result_model_3
B    L     10   10   max   0.000000    0.000000    0.000000    0.152    0.014299      0.0000     0.0000     0.0000       0     84      0    1.00    3.29    1.00      0       0       0       0   result_model_3

B    M     10   10   asym  0.000000    0.000000    0.000000    0.129    0.012935      0.0000     0.0000     0.0000       0     84      0    1.00    3.29    1.00      0       0       0       0   result_model_3
M    B     10   10   asym  0.000000    0.000000    0.000000    0.128    0.012968      0.0000     0.0000     0.0000       0     84      0    1.00    3.29    1.00      0       0       0       0   result_model_3
B    M     10   10   max   0.000000    0.000000    0.000000    0.129    0.012968      0.0000     0.0000     0.0000       0     84      0    1.00    3.29    1.00      0       0       0       0   result_model_3

B    N     10   10   asym  0.000000    0.000000    0.000000    0.142    0.013513      0.0000     0.0000     0.0000       0     84      0    1.00    3.29    1.00      0       0       0       0   result_model_3
N    B     10   10   asym  0.000000    0.000000    0.000000    0.138    0.013666      0.0000     0.0000     0.0000       0     84      0    1.00    3.29    1.00      0       0       0       0   result_model_3
B    N     10   10   max   0.000000    0.000000    0.000000    0.142    0.013666      0.0000     0.0000     0.0000       0     84      0    1.00    3.29    1.00      0       0       0       0   result_model_3

B    O     10   10   asym  0.000000    0.000000    0.000000    0.119    0.012172      0.0000     0.0000     0.0000       0     84      0    1.00    3.29    1.00      0       0       0       0   result_model_3
O    B     10   10   asym  0.000000    0.000000    0.000000    0.115    0.012386      0.0000     0.0000     0.0000       0     84      0    1.00    3.29    1.00      0       0       0       0   result_model_3
B    O     10   10   max   0.000000    0.000000    0.000000    0.119    0.012386      0.0000     0.0000     0.0000       0     84      0    1.00    3.29    1.00      0       0       0       0   result_model_3

B    P     10   10   asym  0.000000    0.000000    0.000000    0.125    0.012519      0.0000     0.0000     0.0000       0     84      0    1.00    3.29    1.00      0       0       0       0   result_model_3
P    B     10   10   asym  0.000000    0.000000    0.000000    0.121    0.012764      0.0000     0.0000     0.0000       0     84      0    1.00    3.29    1.00      0       0       0       0   result_model_3
B    P     10   10   max   0.000000    0.000000    0.000000    0.125    0.012764      0.0000     0.0000     0.0000       0     84      0    1.00    3.29    1.00      0       0       0       0   result_model_3

B    Q     10   10   asym  0.000000    0.000000    0.000000    0.126    0.012498      0.0000     0.0000     0.0000       0     84      0    1.00    3.29    1.00      0       0       0       0   result_model_3
Q    B     10   10   asym  0.000000    0.000000    0.000000    0.121    0.012746      0.0000     0.0000     0.0000       0     84      0    1.00    3.29    1.00      0       0       0       0   result_model_3
B    Q     10   10   max   0.000000    0.000000    0.000000    0.126    0.012746      0.0000     0.0000     0.0000       0     84      0    1.00    3.29    1.00      0       0       0       0   result_model_3

B    R     10   10   asym  0.000000    0.000000    0.000000    0.135    0.012907      0.0000     0.0000     0.0000       0     84      0    1.00    3.29    1.00      0       0       0       0   result_model_3
R    B     10   10   asym  0.000000    0.000000    0.000000    0.128    0.013267      0.0000     0.0000     0.0000       0     84      0    1.00    3.29    1.00      0       0       0       0   result_model_3
B    R     10   10   max   0.000000    0.000000    0.000000    0.135    0.013267      0.0000     0.0000     0.0000       0     84      0    1.00    3.29    1.00      0       0       0       0   result_model_3

B    S     10   10   asym  0.000000    0.000000    0.000000    0.114    0.011907      0.0000     0.0000     0.0000       0     84      0    1.00    3.29    1.00      0       0       0       0   result_model_3
S    B     10   10   asym  0.000000    0.000000    0.000000    0.111    0.012089      0.0000     0.0000     0.0000       0     84      0    1.00    3.29    1.00      0       0       0       0   result_model_3
B    S     10   10   max   0.000000    0.000000    0.000000    0.114    0.012089      0.0000     0.0000     0.0000       0     84      0    1.00    3.29    1.00      0       0       0       0   result_model_3

B    T     10   10   asym  0.000000    0.000000    0.000000    0.118    0.012174      0.0000     0.0000     0.0000       0     84      0    1.00    3.29    1.00      0       0       0       0   result_model_3
T    B     10   10   asym  0.000000    0.000000    0.000000    0.116    0.012341      0.0000     0.0000     0.0000       0     84      0    1.00    3.29    1.00      0       0       0       0   result_model_3
B    T     10   10   max   0.000000    0.000000    0.000000    0.118    0.012341      0.0000     0.0000     0.0000       0     84      0    1.00    3.29    1.00      0       0       0       0   result_model_3

C    D     10   10   asym  0.000000    0.000000    0.000000    0.170    0.015792      0.0190     0.0081     0.0000       0     84      0    1.00    3.29    1.00      0       0       0       0   result_model_3
D    C     10   10   asym  0.000000    0.000000    0.000000    0.173    0.015530      0.0190     0.0081     0.0000       0     84      0    1.00    3.29    1.00      0       0       0       0   result_model_3
C    D     10   10   max   0.000000    0.000000    0.000000    0.173    0.015792      0.0190     0.0081     0.0000       0     84      0    1.00    3.29    1.00      0       0       0       0   result_model_3

C    E     10   10   asym  0.000000    0.000000    0.000000    0.251    0.022783      0.0000     0.0000     0.0000       0     84      0    1.00    3.29    1.00      0       0       0       0   result_model_3
E    C     10   10   asym  0.000000    0.000000    0.000000    0.256    0.021435      0.0000     0.0000     0.0000       0     84      0    1.00    3.29    1.00      0       0       0       0   result_model_3
C    E     10   10   max   0.000000    0.000000    0.000000    0.256    0.022783      0.0000     0.0000     0.0000       0     84      0    1.00    3.29    1.00      0       0       0       0   result_model_3

C    F     10   10   asym  0.000000    0.000000    0.000000    0.163    0.015206      0.0000     0.0000     0.0000       0     84      0    1.00    3.29    1.00      0       0       0       0   result_model_3
F    C     10   10   asym  0.000000    0.000000    0.000000    0.165    0.014937      0.0000     0.0000     0.0000       0     84      0    1.00    3.29    1.00      0       0       0       0   result_model_3
C    F     10   10   max   0.000000    0.000000    0.000000    0.165    0.015206      0.0000     0.0000     0.0000       0     84      0    1.00    3.29    1.00      0       0       0       0   result_model_3

C    G     10   10   asym  0.000000    0.000000    0.000000    0.204    0.018284      0.0000     0.0000     0.0000       0     84      0    1.00    3.29    1.00      0       0       0       0   result_model_3
G    C     10   10   asym  0.000000    0.000000    0.000000    0.207    0.017715      0.0000     0.0000     0.0000       0     84      0    1.00    3.29    1.00      0       0       0       0   result_model_3
C    G     10   10   max   0.000000    0.000000    0.000000    0.207    0.018284      0.0000     0.0000     0.0000       0     84      0    1.00    3.29    1.00      0       0       0       0   result_model_3

C    H     10   10   asym  0.000000    0.000000    0.000000    0.151    0.014495      0.0000     0.0000     0.0000       0     84      0    1.00    3.29    1.00      0       0       0       0   result_model_3
H    C     10   10   asym  0.000000    0.000000    0.000000    0.153    0.014227      0.0000     0.0000     0.0000       0     84      0    1.00    3.29    1.00      0       0       0       0   result_model_3
C    H     10   10   max   0.000000    0.000000    0.000000    0.153    0.014495      0.0000     0.0000     0.0000       0     84      0    1.00    3.29    1.00      0       0       0       0   result_model_3

C    I     10   10   asym  0.000000    0.000000    0.000000    0.172    0.015883      0.0000     0.0000     0.0000       0     84      0    1.00    3.29    1.00      0       0       0       0   result_model_3
I    C     10   10   asym  0.000000    0.000000    0.000000    0.174    0.015549      0.0000     0.0000     0.0000       0     84      0    1.00    3.29    1.00      0       0       0       0   result_model_3
C    I     10   10   max   0.000000    0.000000    0.000000    0.174    0.015883      0.0000     0.0000     0.0000       0     84      0    1.00    3.29    1.00      0       0       0       0   result_model_3

C    J     10   10   asym  0.000000    0.000000    0.000000    0.144    0.013917      0.0000     0.0000     0.0000       0     84      0    1.00    3.29    1.00      0       0       0       0   result_model_3
J    C     10   10   asym  0.000000    0.000000    0.000000    0.144    0.013777      0.0000     0.0000     0.0000       0     84      0    1.00    3.29    1.00      0       0       0       0   result_model_3
C    J     10   10   max   0.000000    0.000000    0.000000    0.144    0.013917      0.0000     0.0000     0.0000       0     84      0    1.00    3.29    1.00      0       0       0       0   result_model_3

C    K     10   10   asym  0.000000    0.000000    0.000000    0.154    0.014414      0.0000     0.0000     0.0000       0     84      0    1.00    3.29    1.00      0       0       0       0   result_model_3
K    C     10   10   asym  0.000000    0.000000    0.000000    0.153    0.014420      0.0000     0.0000     0.0000       0     84      0    1.00    3.29    1.00      0       0       0       0   result_model_3
C    K     10   10   max   0.000000    0.000000    0.000000    0.154    0.014420      0.0000     0.0000     0.0000       0     84      0    1.00    3.29    1.00      0       0       0       0   result_model_3

C    L     10   10   asym  0.000000    0.000000    0.000000    0.138    0.013462      0.0000     0.0000     0.0000       0     84      0    1.00    3.29    1.00      0       0       0       0   result_model_3
L    C     10   10   asym  0.000000    0.000000    0.000000    0.137    0.013435      0.0000     0.0000     0.0000       0     84      0    1.00    3.29    1.00      0       0       0       0   result_model_3
C    L     10   10   max   0.000000    0.000000    0.000000    0.138    0.013462      0.0000     0.0000     0.0000       0     84      0    1.00    3.29    1.00      0       0       0       0   result_model_3

C    M     10   10   asym  0.000000    0.000000    0.000000    0.143    0.013584      0.0000     0.0000     0.0000       0     84      0    1.00    3.29    1.00      0       0       0       0   result_model_3
M    C     10   10   asym  0.000000    0.000000    0.000000    0.139    0.013727      0.0000     0.0000     0.0000       0     84      0    1.00    3.29    1.00      0       0       0       0   result_model_3
C    M     10   10   max   0.000000    0.000000    0.000000    0.143    0.013727      0.0000     0.0000     0.0000       0     84      0    1.00    3.29    1.00      0       0       0       0   result_model_3

C    N     10   10   asym  0.000000    0.000000    0.000000    0.131    0.013039      0.0000     0.0000     0.0000       0     84      0    1.00    3.29    1.00      0       0       0       0   result_model_3
N    C     10   10   asym  0.000000    0.000000    0.000000    0.130    0.013074      0.0000     0.0000     0.0000       0     84      0    1.00    3.29    1.00      0       0       0       0   result_model_3
C    N     10   10   max   0.000000    0.000000    0.000000    0.131    0.013074      0.0000     0.0000     0.0000       0     84      0    1.00    3.29    1.00      0       0       0       0   result_model_3

C    O     10   10   asym  0.000000    0.000000    0.000000    0.126    0.012524      0.0000     0.0000     0.0000       0     84      0    1.00    3.29    1.00      0       0       0       0   result_model_3
O    C     10   10   asym  0.000000    0.000000    0.000000    0.122    0.012754      0.0000     0.0000     0.0000       0     84      0    1.00    3.29    1.00      0       0       0       0   result_model_3
C    O     10   10   max   0.000000    0.000000    0.000000    0.126    0.012754      0.0000     0.0000     0.0000       0     84      0    1.00    3.29    1.00      0       0       0       0   result_model_3

C    P     10   10   asym  0.000000    0.000000    0.000000    0.120    0.012301      0.0000     0.0000     0.0000       0     84      0    1.00    3.29    1.00      0       0       0       0   result_model_3
P    C     10   10   asym  0.000000    0.000000    0.000000    0.117    0.012453      0.0000     0.0000     0.0000       0     84      0    1.00    3.29    1.00      0       0       0       0   result_model_3
C    P     10   10   max   0.000000    0.000000    0.000000    0.120    0.012453      0.0000     0.0000     0.0000       0     84      0    1.00    3.29    1.00      0       0       0       0   result_model_3

C    Q     10   10   asym  0.000000    0.000000    0.000000    0.135    0.012924      0.0000     0.0000     0.0000       0     84      0    1.00    3.29    1.00      0       0       0       0   result_model_3
Q    C     10   10   asym  0.000000    0.000000    0.000000    0.129    0.013274      0.0000     0.0000     0.0000       0     84      0    1.00    3.29    1.00      0       0       0       0   result_model_3
C    Q     10   10   max   0.000000    0.000000    0.000000    0.135    0.013274      0.0000     0.0000     0.0000       0     84      0    1.00    3.29    1.00      0       0       0       0   result_model_3

C    R     10   10   asym  0.000000    0.000000    0.000000    0.126    0.012652      0.0000     0.0000     0.0000       0     84      0    1.00    3.29    1.00      0       0       0       0   result_model_3
R    C     10   10   asym  0.000000    0.000000    0.000000    0.123    0.012798      0.0000     0.0000     0.0000       0     84      0    1.00    3.29    1.00      0       0       0       0   result_model_3
C    R     10   10   max   0.000000    0.000000    0.000000    0.126    0.012798      0.0000     0.0000     0.0000       0     84      0    1.00    3.29    1.00      0       0       0       0   result_model_3

C    S     10   10   asym  0.000000    0.000000    0.000000    0.118    0.012153      0.0000     0.0000     0.0000       0     84      0    1.00    3.29    1.00      0       0       0       0   result_model_3
S    C     10   10   asym  0.000000    0.000000    0.000000    0.115    0.012331      0.0000     0.0000     0.0000       0     84      0    1.00    3.29    1.00      0       0       0       0   result_model_3
C    S     10   10   max   0.000000    0.000000    0.000000    0.118    0.012331      0.0000     0.0000     0.0000       0     84      0    1.00    3.29    1.00      0       0       0       0   result_model_3

C    T     10   10   asym  0.000000    0.000000    0.000000    0.114    0.012010      0.0000     0.0000     0.0000       0     84      0    1.00    3.29    1.00      0       0       0       0   result_model_3
T    C     10   10   asym  0.000000    0.000000    0.000000    0.113    0.012116      0.0000     0.0000     0.0000       0     84      0    1.00    3.29    1.00      0       0       0       0   result_model_3
C    T     10   10   max   0.000000    0.000000    0.000000    0.114    0.012116      0.0000     0.0000     0.0000       0     84      0    1.00    3.29    1.00      0       0       0       0   result_model_3

D    E     10   10   asym  0.000000    0.000000    0.000000    0.171    0.016052      0.0188     0.0082     0.0000       0     84      0    1.00    3.29    1.00      0       0       0       0   result_model_3
E    D     10   10   asym  0.000000    0.000000    0.000000    0.177    0.015540      0.0188     0.0081     0.0000       0     84      0    1.00    3.29    1.00      0       0       0       0   result_model_3
D    E     10   10   max   0.000000    0.000000    0.000000    0.177    0.016052      0.0188     0.0082     0.0000       0     84      0    1.00    3.29    1.00      0       0       0       0   result_model_3

D    F     10   10   asym  0.000000    0.000000    0.000000    0.261    0.023653      0.0251     0.0088     0.0000       0     84      0    1.00    3.29    1.00      0       0       0       0   result_model_3
F    D     10   10   asym  0.000000    0.000000    0.000000    0.271    0.022678      0.0251     0.0087     0.0000       0     84      0    1.00    3.29    1.00      0       0       0       0   result_model_3
D    F     10   10   max   0.000000    0.000000    0.000000    0.271    0.023653      0.0251     0.0088     0.0000       0     84      0    1.00    3.29    1.00      0       0       0       0   result_model_3

D    G     10   10   asym  0.000000    0.000000    0.000000    0.159    0.015131      0.0000     0.0000     0.0000       0     84      0    1.00    3.29    1.00      0       0       0       0   result_model_3
G    D     10   10   asym  0.000000    0.000000    0.000000    0.164    0.014710      0.0000     0.0000     0.0000       0     84      0    1.00    3.29    1.00      0       0       0       0   result_model_3
D    G     10   10   max   0.000000    0.000000    0.000000    0.164    0.015131      0.0000     0.0000     0.0000       0     84      0    1.00    3.29    1.00      0       0       0       0   result_model_3

D    H     10   10   asym  0.000000    0.000000    0.000000    0.217    0.019444      0.0184     0.0081     0.0000       0     84      0    1.00    3.29    1.00      0       0       0       0   result_model_3
H    D     10   10   asym  0.000000    0.000000    0.000000    0.225    0.018548      0.0184     0.0081     0.0000       0     84      0    1.00    3.29    1.00      0       0       0       0   result_model_3
D    H     10   10   max   0.000000    0.000000    0.000000    0.225    0.019444      0.0184     0.0081     0.0000       0     84      0    1.00    3.29    1.00      0       0       0       0   result_model_3

D    I     10   10   asym  0.000000    0.000000    0.000000    0.149    0.014374      0.0000     0.0000     0.0000       0     84      0    1.00    3.29    1.00      0       0       0       0   result_model_3
I    D     10   10   asym  0.000000    0.000000    0.000000    0.152    0.014112      0.0000     0.0000     0.0000       0     84      0    1.00    3.29    1.00      0       0       0       0   result_model_3
D    I     10   10   max   0.000000    0.000000    0.000000    0.152    0.014374      0.0000     0.0000     0.0000       0     84      0    1.00    3.29    1.00      0       0       0       0   result_model_3

D    J     10   10   asym  0.000000    0.000000    0.000000    0.185    0.016610      0.0000     0.0000     0.0000       0     84      0    1.00    3.29    1.00      0       0       0       0   result_model_3
J    D     10   10   asym  0.000000    0.000000    0.000000    0.186    0.016342      0.0000     0.0000     0.0000       0     84      0    1.00    3.29    1.00      0       0       0       0   result_model_3
D    J     10   10   max   0.000000    0.000000    0.000000    0.186    0.016610      0.0000     0.0000     0.0000       0     84      0    1.00    3.29    1.00      0       0       0       0   result_model_3

D    K     10   10   asym  0.000000    0.000000    0.000000    0.142    0.013834      0.0000     0.0000     0.0000       0     84      0    1.00    3.29    1.00      0       0       0       0   result_model_3
K    D     10   10   asym  0.000000    0.000000    0.000000    0.143    0.013714      0.0000     0.0000     0.0000       0     84      0    1.00    3.29    1.00      0       0       0       0   result_model_3
D    K     10   10   max   0.000000    0.000000    0.000000    0.143    0.013834      0.0000     0.0000     0.0000       0     84      0    1.00    3.29    1.00      0       0       0       0   result_model_3

D    L     10   10   asym  0.000000    0.000000    0.000000    0.163    0.014937      0.0000     0.0000     0.0000       0     84      0    1.00    3.29    1.00      0       0       0       0   result_model_3
L    D     10   10   asym  0.000000    0.000000    0.000000    0.161    0.014900      0.0000     0.0000     0.0000       0     84      0    1.00    3.29    1.00      0       0       0       0   result_model_3
D    L     10   10   max   0.000000    0.000000    0.000000    0.163    0.014937      0.0000     0.0000     0.0000       0     84      0    1.00    3.29    1.00      0       0       0       0   result_model_3

D    M     10   10   asym  0.000000    0.000000    0.000000    0.135    0.013364      0.0000     0.0000     0.0000       0     84      0    1.00    3.29    1.00      0       0       0       0   result_model_3
M    D     10   10   asym  0.000000    0.000000    0.000000    0.136    0.013329      0.0000     0.0000     0.0000       0     84      0    1.00    3.29    1.00      0       0       0       0   result_model_3
D    M     10   10   max   0.000000    0.000000    0.000000    0.136    0.013364      0.0000     0.0000     0.0000       0     84      0    1.00    3.29    1.00      0       0       0       0   result_model_3

D    N     10   10   asym  0.000000    0.000000    0.000000    0.151    0.014118      0.0000     0.0000     0.0000       0     84      0    1.00    3.29    1.00      0       0       0       0   result_model_3
N    D     10   10   asym  0.000000    0.000000    0.000000    0.149    0.014203      0.0000     0.0000     0.0000       0     84      0    1.00    3.29    1.00      0       0       0       0   result_model_3
D    N     10   10   max   0.000000    0.000000    0.000000    0.151    0.014203      0.0000     0.0000     0.0000       0     84      0    1.00    3.29    1.00      0       0       0       0   result_model_3

D    O     10   10   asym  0.000000    0.000000    0.000000    0.124    0.012533      0.0000     0.0000     0.0000       0     84      0    1.00    3.29    1.00      0       0       0       0   result_model_3
O    D     10   10   asym  0.000000    0.000000    0.000000    0.121    0.012671      0.0000     0.0000     0.0000       0     84      0    1.00    3.29    1.00      0       0       0       0   result_model_3
D    O     10   10   max   0.000000    0.000000    0.000000    0.124    0.012671      0.0000     0.0000     0.0000       0     84      0    1.00    3.29    1.00      0       0       0       0   result_model_3

D    P     10   10   asym  0.000000    0.000000    0.000000    0.133    0.013064      0.0000     0.0000     0.0000       0     84      0    1.00    3.29    1.00      0       0       0       0   result_model_3
P    D     10   10   asym  0.000000    0.000000    0.000000    0.131    0.013228      0.0000     0.0000     0.0000       0     84      0    1.00    3.29    1.00      0       0       0       0   result_model_3
D    P     10   10   max   0.000000    0.000000    0.000000    0.133    0.013228      0.0000     0.0000     0.0000       0     84      0    1.00    3.29    1.00      0       0       0       0   result_model_3

D    Q     10   10   asym  0.000000    0.000000    0.000000    0.131    0.012888      0.0000     0.0000     0.0000       0     84      0    1.00    3.29    1.00      0       0       0       0   result_model_3
Q    D     10   10   asym  0.000000    0.000000    0.000000    0.127    0.013063      0.0000     0.0000     0.0000       0     84      0    1.00    3.29    1.00      0       0       0       0   result_model_3
D    Q     10   10   max   0.000000    0.000000    0.000000    0.131    0.013063      0.0000     0.0000     0.0000       0     84      0    1.00    3.29    1.00      0       0       0       0   result_model_3

D    R     10   10   asym  0.000000    0.000000    0.000000    0.144    0.013478      0.0000     0.0000     0.0000       0     84      0    1.00    3.29    1.00      0       0       0       0   result_model_3
R    D     10   10   asym  0.000000    0.000000    0.000000    0.138    0.013769      0.0000     0.0000     0.0000       0     84      0    1.00    3.29    1.00      0       0       0       0   result_model_3
D    R     10   10   max   0.000000    0.000000    0.000000    0.144    0.013769      0.0000     0.0000     0.0000       0     84      0    1.00    3.29    1.00      0       0       0       0   result_model_3

D    S     10   10   asym  0.000000    0.000000    0.000000    0.117    0.012178      0.0000     0.0000     0.0000       0     84      0    1.00    3.29    1.00      0       0       0       0   result_model_3
S    D     10   10   asym  0.000000    0.000000    0.000000    0.115    0.012289      0.0000     0.0000     0.0000       0     84      0    1.00    3.29    1.00      0       0       0       0   result_model_3
D    S     10   10   max   0.000000    0.000000    0.000000    0.117    0.012289      0.0000     0.0000     0.0000       0     84      0    1.00    3.29    1.00      0       0       0       0   result_model_3

D    T     10   10   asym  0.000000    0.000000    0.000000    0.124    0.012600      0.0000     0.0000     0.0000       0     84      0    1.00    3.29    1.00      0       0       0       0   result_model_3
T    D     10   10   asym  0.000000    0.000000    0.000000    0.123    0.012679      0.0000     0.0000     0.0000       0     84      0    1.00    3.29    1.00      0       0       0       0   result_model_3
D    T     10   10   max   0.000000    0.000000    0.000000    0.124    0.012679      0.0000     0.0000     0.0000       0     84      0    1.00    3.29    1.00      0       0       0       0   result_model_3

E    F     10   10   asym  0.000000    0.000000    0.000000    0.176    0.016056      0.0193     0.0082     0.0000       0     84      0    1.00    3.29    1.00      0       0       0       0   result_model_3
F    E     10   10   asym  0.000000    0.000000    0.000000    0.179    0.015921      0.0193     0.0082     0.0000       0     84      0    1.00    3.29    1.00      0       0       0       0   result_model_3
E    F     10   10   max   0.000000    0.000000    0.000000    0.179    0.016056      0.0193     0.0082     0.0000       0     84      0    1.00    3.29    1.00      0       0       0       0   result_model_3

E    G     10   10   asym  0.000000    0.000000    0.000000    0.253    0.022485      0.0247     0.0086     0.0000       0     84      0    1.00    3.29    1.00      0       0       0       0   result_model_3
G    E     10   10   asym  0.000000    0.000000    0.000000    0.260    0.021602      0.0247     0.0086     0.0000       0     84      0    1.00    3.29    1.00      0       0       0       0   result_model_3
E    G     10   10   max   0.000000    0.000000    0.000000    0.260    0.022485      0.0247     0.0086     0.0000       0     84      0    1.00    3.29    1.00      0       0       0       0   result_model_3

E    H     10   10   asym  0.000000    0.000000    0.000000    0.167    0.015384      0.0192     0.0081     0.0000       0     84      0    1.00    3.29    1.00      0       0       0       0   result_model_3
H    E     10   10   asym  0.000000    0.000000    0.000000    0.169    0.015200      0.0192     0.0081     0.0000       0     84      0    1.00    3.29    1.00      0       0       0       0   result_model_3
E    H     10   10   max   0.000000    0.000000    0.000000    0.169    0.015384      0.0192     0.0081     0.0000       0     84      0    1.00    3.29    1.00      0       0       0       0   result_model_3

E    I     10   10   asym  0.000000    0.000000    0.000000    0.210    0.018128      0.0000     0.0000     0.0000       0     84      0    1.00    3.29    1.00      0       0       0       0   result_model_3
I    E     10   10   asym  0.000000    0.000000    0.000000    0.209    0.018000      0.0000     0.0000     0.0000       0     84      0    1.00    3.29    1.00      0       0       0       0   result_model_3
E    I     10   10   max   0.000000    0.000000    0.000000    0.210    0.018128      0.0000     0.0000     0.0000       0     84      0    1.00    3.29    1.00      0       0       0       0   result_model_3

E    J     10   10   asym  0.000000    0.000000    0.000000    0.158    0.014744      0.0000     0.0000     0.0000       0     84      0    1.00    3.29    1.00      0       0       0       0   result_model_3
J    E     10   10   asym  0.000000    0.000000    0.000000    0.158    0.014635      0.0000     0.0000     0.0000       0     84      0    1.00    3.29    1.00      0       0       0       0   result_model_3
E    J     10   10   max   0.000000    0.000000    0.000000    0.158    0.014744      0.0000     0.0000     0.0000       0     84      0    1.00    3.29    1.00      0       0       0       0   result_model_3

E    K     10   10   asym  0.000000    0.000000    0.000000    0.179    0.015737      0.0000     0.0000     0.0000       0     84      0    1.00    3.29    1.00      0       0       0       0   result_model_3
K    E     10   10   asym  0.000000    0.000000    0.000000    0.175    0.015908      0.0000     0.0000     0.0000       0     84      0    1.00    3.29    1.00      0       0       0       0   result_model_3
E    K     10   10   max   0.000000    0.000000    0.000000    0.179    0.015908      0.0000     0.0000     0.0000       0     84      0    1.00    3.29    1.00      0       0       0       0   result_model_3

E    L     10   10   asym  0.000000    0.000000    0.000000    0.151    0.014193      0.0000     0.0000     0.0000       0     84      0    1.00    3.29    1.00      0       0       0       0   result_model_3
L    E     10   10   asym  0.000000    0.000000    0.000000    0.149    0.014200      0.0000     0.0000     0.0000       0     84      0    1.00    3.29    1.00      0       0       0       0   result_model_3
E    L     10   10   max   0.000000    0.000000    0.000000    0.151    0.014200      0.0000     0.0000     0.0000       0     84      0    1.00    3.29    1.00      0       0       0       0   result_model_3

E    M     10   10   asym  0.000000    0.000000    0.000000    0.161    0.014623      0.0000     0.0000     0.0000       0     84      0    1.00    3.29    1.00      0       0       0       0   result_model_3
M    E     10   10   asym  0.000000    0.000000    0.000000    0.158    0.014835      0.0000     0.0000     0.0000       0     84      0    1.00    3.29    1.00      0       0       0       0   result_model_3
E    M     10   10   max   0.000000    0.000000    0.000000    0.161    0.014835      0.0000     0.0000     0.0000       0     84      0    1.00    3.29    1.00      0       0       0       0   result_model_3

E    N     10   10   asym  0.000000    0.000000    0.000000    0.144    0.013818      0.0000     0.0000     0.0000       0     84      0    1.00    3.29    1.00      0       0       0       0   result_model_3
N    E     10   10   asym  0.000000    0.000000    0.000000    0.144    0.013860      0.0000     0.0000     0.0000       0     84      0    1.00    3.29    1.00      0       0       0       0   result_model_3
E    N     10   10   max   0.000000    0.000000    0.000000    0.144    0.013860      0.0000     0.0000     0.0000       0     84      0    1.00    3.29    1.00      0       0       0       0   result_model_3

E    O     10   10   asym  0.000000    0.000000    0.000000    0.143    0.013505      0.0000     0.0000     0.0000       0     84      0    1.00    3.29    1.00      0       0       0       0   result_model_3
O    E     10   10   asym  0.000000    0.000000    0.000000    0.139    0.013791      0.0000     0.0000     0.0000       0     84      0    1.00    3.29    1.00      0       0       0       0   result_model_3
E    O     10   10   max   0.000000    0.000000    0.000000    0.143    0.013791      0.0000     0.0000     0.0000       0     84      0    1.00    3.29    1.00      0       0       0       0   result_model_3

E    P     10   10   asym  0.000000    0.000000    0.000000    0.131    0.013070      0.0000     0.0000     0.0000       0     84      0    1.00    3.29    1.00      0       0       0       0   result_model_3
P    E     10   10   asym  0.000000    0.000000    0.000000    0.131    0.013145      0.0000     0.0000     0.0000       0     84      0    1.00    3.29    1.00      0       0       0       0   result_model_3
E    P     10   10   max   0.000000    0.000000    0.000000    0.131    0.013145      0.0000     0.0000     0.0000       0     84      0    1.00    3.29    1.00      0       0       0       0   result_model_3

E    Q     10   10   asym  0.000000    0.000000    0.000000    0.153    0.013910      0.0000     0.0000     0.0000       0     84      0    1.00    3.29    1.00      0       0       0       0   result_model_3
Q    E     10   10   asym  0.000000    0.000000    0.000000    0.146    0.014314      0.0000     0.0000     0.0000       0     84      0    1.00    3.29    1.00      0       0       0       0   result_model_3
E    Q     10   10   max   0.000000    0.000000    0.000000    0.153    0.014314      0.0000     0.0000     0.0000       0     84      0    1.00    3.29    1.00      0       0       0       0   result_model_3

E    R     10   10   asym  0.000000    0.000000    0.000000    0.139    0.013438      0.0000     0.0000     0.0000       0     84      0    1.00    3.29    1.00      0       0       0       0   result_model_3
R    E     10   10   asym  0.000000    0.000000    0.000000    0.137    0.013586      0.0000     0.0000     0.0000       0     84      0    1.00    3.29    1.00      0       0       0       0   result_model_3
E    R     10   10   max   0.000000    0.000000    0.000000    0.139    0.013586      0.0000     0.0000     0.0000       0     84      0    1.00    3.29    1.00      0       0       0       0   result_model_3

E    S     10   10   asym  0.000000    0.000000    0.000000    0.131    0.012951      0.0000     0.0000     0.0000       0     84      0    1.00    3.29    1.00      0       0       0       0   result_model_3
S    E     10   10   asym  0.000000    0.000000    0.000000    0.130    0.013091      0.0000     0.0000     0.0000       0     84      0    1.00    3.29    1.00      0       0       0       0   result_model_3
E    S     10   10   max   0.000000    0.000000    0.000000    0.131    0.013091      0.0000     0.0000     0.0000       0     84      0    1.00    3.29    1.00      0       0       0       0   result_model_3

E    T     10   10   asym  0.000000    0.000000    0.000000    0.124    0.012659      0.0000     0.0000     0.0000       0     84      0    1.00    3.29    1.00      0       0       0       0   result_model_3
T    E     10   10   asym  0.000000    0.000000    0.000000    0.124    0.012670      0.0000     0.0000     0.0000       0     84      0    1.00    3.29    1.00      0       0       0       0   result_model_3
E    T     10   10   max   0.000000    0.000000    0.000000    0.124    0.012670      0.0000     0.0000     0.0000       0     84      0    1.00    3.29    1.00      0       0       0       0   result_model_3

F    G     10   10   asym  0.000000    0.000000    0.000000    0.169    0.015787      0.0187     0.0081     0.0000       0     84      0    1.00    3.29    1.00      0       0       0       0   result_model_3
G    F     10   10   asym  0.000000    0.000000    0.000000    0.173    0.015434      0.0187     0.0081     0.0000       0     84      0    1.00    3.29    1.00      0       0       0       0   result_model_3
F    G     10   10   max   0.000000    0.000000    0.000000    0.173    0.015787      0.0187     0.0081     0.0000       0     84      0    1.00    3.29    1.00      0       0       0       0   result_model_3

F    H     10   10   asym  0.000000    0.000000    0.000000    0.248    0.021587      0.0248     0.0086     0.0000       0     84      0    1.00    3.29    1.00      0       0       0       0   result_model_3
H    F     10   10   asym  0.000000    0.000000    0.000000    0.255    0.021036      0.0248     0.0086     0.0000       0     84      0    1.00    3.29    1.00      0       0       0       0   result_model_3
F    H     10   10   max   0.000000    0.000000    0.000000    0.255    0.021587      0.0248     0.0086     0.0000       0     84      0    1.00    3.29    1.00      0       0       0       0   result_model_3

F    I     10   10   asym  0.000000    0.000000    0.000000    0.158    0.014835      0.0000     0.0000     0.0000       0     84      0    1.00    3.29    1.00      0       0       0       0   result_model_3
I    F     10   10   asym  0.000000    0.000000    0.000000    0.159    0.014668      0.0000     0.0000     0.0000       0     84      0    1.00    3.29    1.00      0       0       0       0   result_model_3
F    I     10   10   max   0.000000    0.000000    0.000000    0.159    0.014835      0.0000     0.0000     0.0000       0     84      0    1.00    3.29    1.00      0       0       0       0   result_model_3

F    J     10   10   asym  0.000000    0.000000    0.000000    0.207    0.017891      0.0184     0.0080     0.0000       0     84      0    1.00    3.29    1.00      0       0       0       0   result_model_3
J    F     10   10   asym  0.000000    0.000000    0.000000    0.206    0.017771      0.0184     0.0080     0.0000       0     84      0    1.00    3.29    1.00      0       0       0       0   result_model_3
F    J     10   10   max   0.000000    0.000000    0.000000    0.207    0.017891      0.0184     0.0080     0.0000       0     84      0    1.00    3.29    1.00      0       0       0       0   result_model_3

F    K     10   10   asym  0.000000    0.000000    0.000000    0.149    0.014146      0.0000     0.0000     0.0000       0     84      0    1.00    3.29    1.00      0       0       0       0   result_model_3
K    F     10   10   asym  0.000000    0.000000    0.000000    0.148    0.014125      0.0000     0.0000     0.0000       0     84      0    1.00    3.29    1.00      0       0       0       0   result_model_3
F    K     10   10   max   0.000000    0.000000    0.000000    0.149    0.014146      0.0000     0.0000     0.0000       0     84      0    1.00    3.29    1.00      0       0       0       0   result_model_3

F    L     10   10   asym  0.000000    0.000000    0.000000    0.177    0.015622      0.0000     0.0000     0.0000       0     84      0    1.00    3.29    1.00      0       0       0       0   result_model_3
L    F     10   10   asym  0.000000    0.000000    0.000000    0.173    0.015761      0.0000     0.0000     0.0000       0     84      0    1.00    3.29    1.00      0       0       0       0   result_model_3
F    L     10   10   max   0.000000    0.000000    0.000000    0.177    0.015761      0.0000     0.0000     0.0000       0     84      0    1.00    3.29    1.00      0       0       0       0   result_model_3

F    M     10   10   asym  0.000000    0.000000    0.000000    0.143    0.013726      0.0000     0.0000     0.0000       0     84      0    1.00    3.29    1.00      0       0       0       0   result_model_3
M    F     10   10   asym  0.000000    0.000000    0.000000    0.142    0.013775      0.0000     0.0000     0.0000       0     84      0    1.00    3.29    1.00      0       0       0       0   result_model_3
F    M     10   10   max   0.000000    0.000000    0.000000    0.143    0.013775      0.0000     0.0000     0.0000       0     84      0    1.00    3.29    1.00      0       0       0       0   result_model_3

F    N     10   10   asym  0.000000    0.000000    0.000000    0.160    0.014550      0.0000     0.0000     0.0000       0     84      0    1.00    3.29    1.00      0       0       0       0   result_model_3
N    F     10   10   asym  0.000000    0.000000    0.000000    0.156    0.014756      0.0000     0.0000     0.0000       0     84      0    1.00    3.29    1.00      0       0       0       0   result_model_3
F    N     10   10   max   0.000000    0.000000    0.000000    0.160    0.014756      0.0000     0.0000     0.0000       0     84      0    1.00    3.29    1.00      0       0       0       0   result_model_3

F    O     10   10   asym  0.000000    0.000000    0.000000    0.130    0.012874      0.0000     0.0000     0.0000       0     84      0    1.00    3.29    1.00      0       0       0       0   result_model_3
O    F     10   10   asym  0.000000    0.000000    0.000000    0.128    0.013055      0.0000     0.0000     0.0000       0     84      0    1.00    3.29    1.00      0       0       0       0   result_model_3
F    O     10   10   max   0.000000    0.000000    0.000000    0.130    0.013055      0.0000     0.0000     0.0000       0     84      0    1.00    3.29    1.00      0       0       0       0   result_model_3

F    P     10   10   asym  0.000000    0.000000    0.000000    0.143    0.013505      0.0000     0.0000     0.0000       0     84      0    1.00    3.29    1.00      0       0       0       0   result_model_3
P    F     10   10   asym  0.000000    0.000000    0.000000    0.139    0.013797      0.0000     0.0000     0.0000       0     84      0    1.00    3.29    1.00      0       0       0       0   result_model_3
F    P     10   10   max   0.000000    0.000000    0.000000    0.143    0.013797      0.0000     0.0000     0.0000       0     84      0    1.00    3.29    1.00      0       0       0       0   result_model_3

F    Q     10   10   asym  0.000000    0.000000    0.000000    0.138    0.013233      0.0000     0.0000     0.0000       0     84      0    1.00    3.29    1.00      0       0       0       0   result_model_3
Q    F     10   10   asym  0.000000    0.000000    0.000000    0.134    0.013453      0.0000     0.0000     0.0000       0     84      0    1.00    3.29    1.00      0       0       0       0   result_model_3
F    Q     10   10   max   0.000000    0.000000    0.000000    0.138    0.013453      0.0000     0.0000     0.0000       0     84      0    1.00    3.29    1.00      0       0       0       0   result_model_3

F    R     10   10   asym  0.000000    0.000000    0.000000    0.153    0.013880      0.0000     0.0000     0.0000       0     84      0    1.00    3.29    1.00      0       0       0       0   result_model_3
R    F     10   10   asym  0.000000    0.000000    0.000000    0.146    0.014279      0.0000     0.0000     0.0000       0     84      0    1.00    3.29    1.00      0       0       0       0   result_model_3
F    R     10   10   max   0.000000    0.000000    0.000000    0.153    0.014279      0.0000     0.0000     0.0000       0     84      0    1.00    3.29    1.00      0       0       0       0   result_model_3

F    S     10   10   asym  0.000000    0.000000    0.000000    0.123    0.012458      0.0000     0.0000     0.0000       0     84      0    1.00    3.29    1.00      0       0       0       0   result_model_3
S    F     10   10   asym  0.000000    0.000000    0.000000    0.120    0.012604      0.0000     0.0000     0.0000       0     84      0    1.00    3.29    1.00      0       0       0       0   result_model_3
F    S     10   10   max   0.000000    0.000000    0.000000    0.123    0.012604      0.0000     0.0000     0.0000       0     84      0    1.00    3.29    1.00      0       0       0       0   result_model_3

F    T     10   10   asym  0.000000    0.000000    0.000000    0.131    0.012945      0.0000     0.0000     0.0000       0     84      0    1.00    3.29    1.00      0       0       0       0   result_model_3
T    F     10   10   asym  0.000000    0.000000    0.000000    0.129    0.013108      0.0000     0.0000     0.0000       0     84      0    1.00    3.29    1.00      0       0       0       0   result_model_3
F    T     10   10   max   0.000000    0.000000    0.000000    0.131    0.013108      0.0000     0.0000     0.0000       0     84      0    1.00    3.29    1.00      0       0       0       0   result_model_3

G    H     10   10   asym  0.000000    0.000000    0.000000    0.172    0.015803      0.0193     0.0081     0.0000       0     84      0    1.00    3.29    1.00      0       0       0       0   result_model_3
H    G     10   10   asym  0.000000    0.000000    0.000000    0.174    0.015646      0.0193     0.0081     0.0000       0     84      0    1.00    3.29    1.00      0       0       0       0   result_model_3
G    H     10   10   max   0.000000    0.000000    0.000000    0.174    0.015803      0.0193     0.0081     0.0000       0     84      0    1.00    3.29    1.00      0       0       0       0   result_model_3

G    I     10   10   asym  0.000000    0.000000    0.000000    0.240    0.020363      0.0241     0.0084     0.0000       0     84      0    1.00    3.29    1.00      0       0       0       0   result_model_3
I    G     10   10   asym  0.000000    0.000000    0.000000    0.240    0.020195      0.0241     0.0084     0.0000       0     84      0    1.00    3.29    1.00      0       0       0       0   result_model_3
G    I     10   10   max   0.000000    0.000000    0.000000    0.240    0.020363      0.0241     0.0084     0.0000       0     84      0    1.00    3.29    1.00      0       0       0       0   result_model_3

G    J     10   10   asym  0.000000    0.000000    0.000000    0.163    0.015003      0.0192     0.0081     0.0000       0     84      0    1.00    3.29    1.00      0       0       0       0   result_model_3
J    G     10   10   asym  0.000000    0.000000    0.000000    0.163    0.014992      0.0192     0.0081     0.0000       0     84      0    1.00    3.29    1.00      0       0       0       0   result_model_3
G    J     10   10   max   0.000000    0.000000    0.000000    0.163    0.015003      0.0192     0.0081     0.0000       0     84      0    1.00    3.29    1.00      0       0       0       0   result_model_3

G    K     10   10   asym  0.000000    0.000000    0.000000    0.198    0.016863      0.0000     0.0000     0.0000       0     84      0    1.00    3.29    1.00      0       0       0       0   result_model_3
K    G     10   10   asym  0.000000    0.000000    0.000000    0.193    0.017180      0.0000     0.0000     0.0000       0     84      0    1.00    3.29    1.00      0       0       0       0   result_model_3
G    K     10   10   max   0.000000    0.000000    0.000000    0.198    0.017180      0.0000     0.0000     0.0000       0     84      0    1.00    3.29    1.00      0       0       0       0   result_model_3

G    L     10   10   asym  0.000000    0.000000    0.000000    0.156    0.014409      0.0000     0.0000     0.0000       0     84      0    1.00    3.29    1.00      0       0       0       0   result_model_3
L    G     10   10   asym  0.000000    0.000000    0.000000    0.153    0.014539      0.0000     0.0000     0.0000       0     84      0    1.00    3.29    1.00      0       0       0       0   result_model_3
G    L     10   10   max   0.000000    0.000000    0.000000    0.156    0.014539      0.0000     0.0000     0.0000       0     84      0    1.00    3.29    1.00      0       0       0       0   result_model_3

G    M     10   10   asym  0.000000    0.000000    0.000000    0.173    0.015262      0.0000     0.0000     0.0000       0     84      0    1.00    3.29    1.00      0       0       0       0   result_model_3
M    G     10   10   asym  0.000000    0.000000    0.000000    0.168    0.015577      0.0000     0.0000     0.0000       0     84      0    1.00    3.29    1.00      0       0       0       0   result_model_3
G    M     10   10   max   0.000000    0.000000    0.000000    0.173    0.015577      0.0000     0.0000     0.0000       0     84      0    1.00    3.29    1.00      0       0       0       0   result_model_3

G    N     10   10   asym  0.000000    0.000000    0.000000    0.149    0.013997      0.0000     0.0000     0.0000       0     84      0    1.00    3.29    1.00      0       0       0       0   result_model_3
N    G     10   10   asym  0.000000    0.000000    0.000000    0.147    0.014143      0.0000     0.0000     0.0000       0     84      0    1.00    3.29    1.00      0       0       0       0   result_model_3
G    N     10   10   max   0.000000    0.000000    0.000000    0.149    0.014143      0.0000     0.0000     0.0000       0     84      0    1.00    3.29    1.00      0       0       0       0   result_model_3

G    O     10   10   asym  0.000000    0.000000    0.000000    0.152    0.013891      0.0000     0.0000     0.0000       0     84      0    1.00    3.29    1.00      0       0       0       0   result_model_3
O    G     10   10   asym  0.000000    0.000000    0.000000    0.146    0.014389      0.0000     0.0000     0.0000       0     84      0    1.00    3.29    1.00      0       0       0       0   result_model_3
G    O     10   10   max   0.000000    0.000000    0.000000    0.152    0.014389      0.0000     0.0000     0.0000       0     84      0    1.00    3.29    1.00      0       0       0       0   result_model_3

G    P     10   10   asym  0.000000    0.000000    0.000000    0.137    0.013290      0.0000     0.0000     0.0000       0     84      0    1.00    3.29    1.00      0       0       0       0   result_model_3
P    G     10   10   asym  0.000000    0.000000    0.000000    0.135    0.013525      0.0000     0.0000     0.0000       0     84      0    1.00    3.29    1.00      0       0       0       0   result_model_3
G    P     10   10   max   0.000000    0.000000    0.000000    0.137    0.013525      0.0000     0.0000     0.0000       0     84      0    1.00    3.29    1.00      0       0       0       0   result_model_3

G    Q     10   10   asym  0.000000    0.000000    0.000000    0.158    0.014265      0.0000     0.0000     0.0000       0     84      0    1.00    3.29    1.00      0       0       0       0   result_model_3
Q    G     10   10   asym  0.000000    0.000000    0.000000    0.153    0.014664      0.0000     0.0000     0.0000       0     84      0    1.00    3.29    1.00      0       0       0       0   result_model_3
G    Q     10   10   max   0.000000    0.000000    0.000000    0.158    0.014664      0.0000     0.0000     0.0000       0     84      0    1.00    3.29    1.00      0       0       0       0   result_model_3

G    R     10   10   asym  0.000000    0.000000    0.000000    0.144    0.013648      0.0000     0.0000     0.0000       0     84      0    1.00    3.29    1.00      0       0       0       0   result_model_3
R    G     10   10   asym  0.000000    0.000000    0.000000    0.141    0.013845      0.0000     0.0000     0.0000       0     84      0    1.00    3.29    1.00      0       0       0       0   result_model_3
G    R     10   10   max   0.000000    0.000000    0.000000    0.144    0.013845      0.0000     0.0000     0.0000       0     84      0    1.00    3.29    1.00      0       0       0       0   result_model_3

G    S     10   10   asym  0.000000    0.000000    0.000000    0.140    0.013254      0.0000     0.0000     0.0000       0     84      0    1.00    3.29    1.00      0       0       0       0   result_model_3
S    G     10   10   asym  0.000000    0.000000    0.000000    0.135    0.013607      0.0000     0.0000     0.0000       0     84      0    1.00    3.29    1.00      0       0       0       0   result_model_3
G    S     10   10   max   0.000000    0.000000    0.000000    0.140    0.013607      0.0000     0.0000     0.0000       0     84      0    1.00    3.29    1.00      0       0       0       0   result_model_3

G    T     10   10   asym  0.000000    0.000000    0.000000    0.128    0.012893      0.0000     0.0000     0.0000       0     84      0    1.00    3.29    1.00      0       0       0       0   result_model_3
T    G     10   10   asym  0.000000    0.000000    0.000000    0.128    0.012973      0.0000     0.0000     0.0000       0     84      0    1.00    3.29    1.00      0       0       0       0   result_model_3
G    T     10   10   max   0.000000    0.000000    0.000000    0.128    0.012973      0.0000     0.0000     0.0000       0     84      0    1.00    3.29    1.00      0       0       0       0   result_model_3

H    I     10   10   asym  0.000000    0.000000    0.000000    0.166    0.015416      0.0187     0.0081     0.0000       0     84      0    1.00    3.29    1.00      0       0       0       0   result_model_3
I    H     10   10   asym  0.000000    0.000000    0.000000    0.168    0.015280      0.0187     0.0080     0.0000       0     84      0    1.00    3.29    1.00      0       0       0       0   result_model_3
H    I     10   10   max   0.000000    0.000000    0.000000    0.168    0.015416      0.0187     0.0081     0.0000       0     84      0    1.00    3.29    1.00      0       0       0       0   result_model_3

H    J     10   10   asym  0.000000    0.000000    0.000000    0.235    0.019788      0.0243     0.0084     0.0000       0     84      0    1.00    3.29    1.00      0       0       0       0   result_model_3
J    H     10   10   asym  0.000000    0.000000    0.000000    0.235    0.019710      0.0243     0.0084     0.0000       0     84      0    1.00    3.29    1.00      0       0       0       0   result_model_3
H    J     10   10   max   0.000000    0.000000    0.000000    0.235    0.019788      0.0243     0.0084     0.0000       0     84      0    1.00    3.29    1.00      0       0       0       0   result_model_3

H    K     10   10   asym  0.000000    0.000000    0.000000    0.156    0.014495      0.0000     0.0000     0.0000       0     84      0    1.00    3.29    1.00      0       0       0       0   result_model_3
K    H     10   10   asym  0.000000    0.000000    0.000000    0.155    0.014538      0.0000     0.0000     0.0000       0     84      0    1.00    3.29    1.00      0       0       0       0   result_model_3
H    K     10   10   max   0.000000    0.000000    0.000000    0.156    0.014538      0.0000     0.0000     0.0000       0     84      0    1.00    3.29    1.00      0       0       0       0   result_model_3

H    L     10   10   asym  0.000000    0.000000    0.000000    0.195    0.016675      0.0184     0.0080     0.0000       0     84      0    1.00    3.29    1.00      0       0       0       0   result_model_3
L    H     10   10   asym  0.000000    0.000000    0.000000    0.190    0.016945      0.0184     0.0080     0.0000       0     84      0    1.00    3.29    1.00      0       0       0       0   result_model_3
H    L     10   10   max   0.000000    0.000000    0.000000    0.195    0.016945      0.0184     0.0080     0.0000       0     84      0    1.00    3.29    1.00      0       0       0       0   result_model_3

H    M     10   10   asym  0.000000    0.000000    0.000000    0.147    0.013939      0.0000     0.0000     0.0000       0     84      0    1.00    3.29    1.00      0       0       0       0   result_model_3
M    H     10   10   asym  0.000000    0.000000    0.000000    0.146    0.014055      0.0000     0.0000     0.0000       0     84      0    1.00    3.29    1.00      0       0       0       0   result_model_3
H    M     10   10   max   0.000000    0.000000    0.000000    0.147    0.014055      0.0000     0.0000     0.0000       0     84      0    1.00    3.29    1.00      0       0       0       0   result_model_3

H    N     10   10   asym  0.000000    0.000000    0.000000    0.171    0.015197      0.0000     0.0000     0.0000       0     84      0    1.00    3.29    1.00      0       0       0       0   result_model_3
N    H     10   10   asym  0.000000    0.000000    0.000000    0.167    0.015455      0.0000     0.0000     0.0000       0     84      0    1.00    3.29    1.00      0       0       0       0   result_model_3
H    N     10   10   max   0.000000    0.000000    0.000000    0.171    0.015455      0.0000     0.0000     0.0000       0     84      0    1.00    3.29    1.00      0       0       0       0   result_model_3

H    O     10   10   asym  0.000000    0.000000    0.000000    0.136    0.013136      0.0000     0.0000     0.0000       0     84      0    1.00    3.29    1.00      0       0       0       0   result_model_3
O    H     10   10   asym  0.000000    0.000000    0.000000    0.133    0.013421      0.0000     0.0000     0.0000       0     84      0    1.00    3.29    1.00      0       0       0       0   result_model_3
H    O     10   10   max   0.000000    0.000000    0.000000    0.136    0.013421      0.0000     0.0000     0.0000       0     84      0    1.00    3.29    1.00      0       0       0       0   result_model_3

H    P     10   10   asym  0.000000    0.000000    0.000000    0.152    0.013900      0.0000     0.0000     0.0000       0     84      0    1.00    3.29    1.00      0       0       0       0   result_model_3
P    H     10   10   asym  0.000000    0.000000    0.000000    0.146    0.014374      0.0000     0.0000     0.0000       0     84      0    1.00    3.29    1.00      0       0       0       0   result_model_3
H    P     10   10   max   0.000000    0.000000    0.000000    0.152    0.014374      0.0000     0.0000     0.0000       0     84      0    1.00    3.29    1.00      0       0       0       0   result_model_3

H    Q     10   10   asym  0.000000    0.000000    0.000000    0.142    0.013484      0.0000     0.0000     0.0000       0     84      0    1.00    3.29    1.00      0       0       0       0   result_model_3
Q    H     10   10   asym  0.000000    0.000000    0.000000    0.139    0.013765      0.0000     0.0000     0.0000       0     84      0    1.00    3.29    1.00      0       0       0       0   result_model_3
H    Q     10   10   max   0.000000    0.000000    0.000000    0.142    0.013765      0.0000     0.0000     0.0000       0     84      0    1.00    3.29    1.00      0       0       0       0   result_model_3

H    R     10   10   asym  0.000000    0.000000    0.000000    0.158    0.014260      0.0000     0.0000     0.0000       0     84      0    1.00    3.29    1.00      0       0       0       0   result_model_3
R    H     10   10   asym  0.000000    0.000000    0.000000    0.152    0.014635      0.0000     0.0000     0.0000       0     84      0    1.00    3.29    1.00      0       0       0       0   result_model_3
H    R     10   10   max   0.000000    0.000000    0.000000    0.158    0.014635      0.0000     0.0000     0.0000       0     84      0    1.00    3.29    1.00      0       0       0       0   result_model_3

H    S     10   10   asym  0.000000    0.000000    0.000000    0.128    0.012681      0.0000     0.0000     0.0000       0     84      0    1.00    3.29    1.00      0       0       0       0   result_model_3
S    H     10   10   asym  0.000000    0.000000    0.000000    0.125    0.012925      0.0000     0.0000     0.0000       0     84      0    1.00    3.29    1.00      0       0       0       0   result_model_3
H    S     10   10   max   0.000000    0.000000    0.000000    0.128    0.012925      0.0000     0.0000     0.0000       0     84      0    1.00    3.29    1.00      0       0       0       0   result_model_3

H    T     10   10   asym  0.000000    0.000000    0.000000    0.139    0.013256      0.0000     0.0000     0.0000       0     84      0    1.00    3.29    1.00      0       0       0       0   result_model_3
T    H     10   10   asym  0.000000    0.000000    0.000000    0.135    0.013598      0.0000     0.0000     0.0000       0     84      0    1.00    3.29    1.00      0       0       0       0   result_model_3
H    T     10   10   max   0.000000    0.000000    0.000000    0.139    0.013598      0.0000     0.0000     0.0000       0     84      0    1.00    3.29    1.00      0       0       0       0   result_model_3

I    J     10   10   asym  0.000000    0.000000    0.000000    0.169    0.015626      0.0193     0.0081     0.0000       0     84      0    1.00    3.29    1.00      0       0       0       0   result_model_3
J    I     10   10   asym  0.000000    0.000000    0.000000    0.172    0.015496      0.0193     0.0081     0.0000       0     84      0    1.00    3.29    1.00      0       0       0       0   result_model_3
I    J     10   10   max   0.000000    0.000000    0.000000    0.172    0.015626      0.0193     0.0081     0.0000       0     84      0    1.00    3.29    1.00      0       0       0       0   result_model_3

I    K     10   10   asym  0.000000    0.000000    0.000000    0.230    0.019288      0.0238     0.0083     0.0000       0     84      0    1.00    3.29    1.00      0       0       0       0   result_model_3
K    I     10   10   asym  0.000000    0.000000    0.000000    0.229    0.019267      0.0238     0.0083     0.0000       0     84      0    1.00    3.29    1.00      0       0       0       0   result_model_3
I    K     10   10   max   0.000000    0.000000    0.000000    0.230    0.019288      0.0238     0.0083     0.0000       0     84      0    1.00    3.29    1.00      0       0       0       0   result_model_3

I    L     10   10   asym  0.000000    0.000000    0.000000    0.161    0.014778      0.0192     0.0080     0.0000       0     84      0    1.00    3.29    1.00      0       0       0       0   result_model_3
L    I     10   10   asym  0.000000    0.000000    0.000000    0.160    0.014846      0.0192     0.0080     0.0000       0     84      0    1.00    3.29    1.00      0       0       0       0   result_model_3
I    L     10   10   max   0.000000    0.000000    0.000000    0.161    0.014846      0.0192     0.0080     0.0000       0     84      0    1.00    3.29    1.00      0       0       0       0   result_model_3

I    M     10   10   asym  0.000000    0.000000    0.000000    0.195    0.016586      0.0000     0.0000     0.0000       0     84      0    1.00    3.29    1.00      0       0       0       0   result_model_3
M    I     10   10   asym  0.000000    0.000000    0.000000    0.190    0.016958      0.0000     0.0000     0.0000       0     84      0    1.00    3.29    1.00      0       0       0       0   result_model_3
I    M     10   10   max   0.000000    0.000000    0.000000    0.195    0.016958      0.0000     0.0000     0.0000       0     84      0    1.00    3.29    1.00      0       0       0       0   result_model_3

I    N     10   10   asym  0.000000    0.000000    0.000000    0.154    0.014296      0.0000     0.0000     0.0000       0     84      0    1.00    3.29    1.00      0       0       0       0   result_model_3
N    I     10   10   asym  0.000000    0.000000    0.000000    0.153    0.014464      0.0000     0.0000     0.0000       0     84      0    1.00    3.29    1.00      0       0       0       0   result_model_3
I    N     10   10   max   0.000000    0.000000    0.000000    0.154    0.014464      0.0000     0.0000     0.0000       0     84      0    1.00    3.29    1.00      0       0       0       0   result_model_3

I    O     10   10   asym  0.000000    0.000000    0.000000    0.163    0.014556      0.0000     0.0000     0.0000       0     84      0    1.00    3.29    1.00      0       0       0       0   result_model_3
O    I     10   10   asym  0.000000    0.000000    0.000000    0.157    0.015079      0.0000     0.0000     0.0000       0     84      0    1.00    3.29    1.00      0       0       0       0   result_model_3
I    O     10   10   max   0.000000    0.000000    0.000000    0.163    0.015079      0.0000     0.0000     0.0000       0     84      0    1.00    3.29    1.00      0       0       0       0   result_model_3

I    P     10   10   asym  0.000000    0.000000    0.000000    0.142    0.013527      0.0000     0.0000     0.0000       0     84      0    1.00    3.29    1.00      0       0       0       0   result_model_3
P    I     10   10   asym  0.000000    0.000000    0.000000    0.140    0.013789      0.0000     0.0000     0.0000       0     84      0    1.00    3.29    1.00      0       0       0       0   result_model_3
I    P     10   10   max   0.000000    0.000000    0.000000    0.142    0.013789      0.0000     0.0000     0.0000       0     84      0    1.00    3.29    1.00      0       0       0       0   result_model_3

I    Q     10   10   asym  0.000000    0.000000    0.000000    0.170    0.015000      0.0000     0.0000     0.0000       0     84      0    1.00    3.29    1.00      0       0       0       0   result_model_3
Q    I     10   10   asym  0.000000    0.000000    0.000000    0.166    0.015364      0.0000     0.0000     0.0000       0     84      0    1.00    3.29    1.00      0       0       0       0   result_model_3
I    Q     10   10   max   0.000000    0.000000    0.000000    0.170    0.015364      0.0000     0.0000     0.0000       0     84      0    1.00    3.29    1.00      0       0       0       0   result_model_3

I    R     10   10   asym  0.000000    0.000000    0.000000    0.148    0.013869      0.0000     0.0000     0.0000       0     84      0    1.00    3.29    1.00      0       0       0       0   result_model_3
R    I     10   10   asym  0.000000    0.000000    0.000000    0.146    0.014090      0.0000     0.0000     0.0000       0     84      0    1.00    3.29    1.00      0       0       0       0   result_model_3
I    R     10   10   max   0.000000    0.000000    0.000000    0.148    0.014090      0.0000     0.0000     0.0000       0     84      0    1.00    3.29    1.00      0       0       0       0   result_model_3

I    S     10   10   asym  0.000000    0.000000    0.000000    0.150    0.013702      0.0000     0.0000     0.0000       0     84      0    1.00    3.29    1.00      0       0       0       0   result_model_3
S    I     10   10   asym  0.000000    0.000000    0.000000    0.143    0.014239      0.0000     0.0000     0.0000       0     84      0    1.00    3.29    1.00      0       0       0       0   result_model_3
I    S     10   10   max   0.000000    0.000000    0.000000    0.150    0.014239      0.0000     0.0000     0.0000       0     84      0    1.00    3.29    1.00      0       0       0       0   result_model_3

I    T     10   10   asym  0.000000    0.000000    0.000000    0.134    0.013119      0.0000     0.0000     0.0000       0     84      0    1.00    3.29    1.00      0       0       0       0   result_model_3
T    I     10   10   asym  0.000000    0.000000    0.000000    0.133    0.013318      0.0000     0.0000     0.0000       0     84      0    1.00    3.29    1.00      0       0       0       0   result_model_3
I    T     10   10   max   0.000000    0.000000    0.000000    0.134    0.013318      0.0000     0.0000     0.0000       0     84      0    1.00    3.29    1.00      0       0       0       0   result_model_3

J    K     10   10   asym  0.000000    0.000000    0.000000    0.165    0.015190      0.0187     0.0080     0.0000       0     84      0    1.00    3.29    1.00      0       0       0       0   result_model_3
K    J     10   10   asym  0.000000    0.000000    0.000000    0.165    0.015212      0.0187     0.0080     0.0000       0     84      0    1.00    3.29    1.00      0       0       0       0   result_model_3
J    K     10   10   max   0.000000    0.000000    0.000000    0.165    0.015212      0.0187     0.0080     0.0000       0     84      0    1.00    3.29    1.00      0       0       0       0   result_model_3

J    L     10   10   asym  0.000000    0.000000    0.000000    0.227    0.018980      0.0241     0.0083     0.0000       0     84      0    1.00    3.29    1.00      0       0       0       0   result_model_3
L    J     10   10   asym  0.000000    0.000000    0.000000    0.226    0.019021      0.0241     0.0083     0.0000       0     84      0    1.00    3.29    1.00      0       0       0       0   result_model_3
J    L     10   10   max   0.000000    0.000000    0.000000    0.227    0.019021      0.0241     0.0083     0.0000       0     84      0    1.00    3.29    1.00      0       0       0       0   result_model_3

J    M     10   10   asym  0.000000    0.000000    0.000000    0.154    0.014389      0.0000     0.0000     0.0000       0     84      0    1.00    3.29    1.00      0       0       0       0   result_model_3
M    J     10   10   asym  0.000000    0.000000    0.000000    0.154    0.014476      0.0000     0.0000     0.0000       0     84      0    1.00    3.29    1.00      0       0       0       0   result_model_3
J    M     10   10   max   0.000000    0.000000    0.000000    0.154    0.014476      0.0000     0.0000     0.0000       0     84      0    1.00    3.29    1.00      0       0       0       0   result_model_3

J    N     10   10   asym  0.000000    0.000000    0.000000    0.193    0.016539      0.0184     0.0080     0.0000       0     84      0    1.00    3.29    1.00      0       0       0       0   result_model_3
N    J     10   10   asym  0.000000    0.000000    0.000000    0.189    0.016842      0.0184     0.0080     0.0000       0     84      0    1.00    3.29    1.00      0       0       0       0   result_model_3
J    N     10   10   max   0.000000    0.000000    0.000000    0.193    0.016842      0.0184     0.0080     0.0000       0     84      0    1.00    3.29    1.00      0       0       0       0   result_model_3

J    O     10   10   asym  0.000000    0.000000    0.000000    0.141    0.013446      0.0000     0.0000     0.0000       0     84      0    1.00    3.29    1.00      0       0       0       0   result_model_3
O    J     10   10   asym  0.000000    0.000000    0.000000    0.138    0.013743      0.0000     0.0000     0.0000       0     84      0    1.00    3.29    1.00      0       0       0       0   result_model_3
J    O     10   10   max   0.000000    0.000000    0.000000    0.141    0.013743      0.0000     0.0000     0.0000       0     84      0    1.00    3.29    1.00      0       0       0       0   result_model_3

J    P     10   10   asym  0.000000    0.000000    0.000000    0.163    0.014587      0.0000     0.0000     0.0000       0     84      0    1.00    3.29    1.00      0       0       0       0   result_model_3
P    J     10   10   asym  0.000000    0.000000    0.000000    0.157    0.015098      0.0000     0.0000     0.0000       0     84      0    1.00    3.29    1.00      0       0       0       0   result_model_3
J    P     10   10   max   0.000000    0.000000    0.000000    0.163    0.015098      0.0000     0.0000     0.0000       0     84      0    1.00    3.29    1.00      0       0       0       0   result_model_3

J    Q     10   10   asym  0.000000    0.000000    0.000000    0.147    0.013770      0.0000     0.0000     0.0000       0     84      0    1.00    3.29    1.00      0       0       0       0   result_model_3
Q    J     10   10   asym  0.000000    0.000000    0.000000    0.144    0.014029      0.0000     0.0000     0.0000       0     84      0    1.00    3.29    1.00      0       0       0       0   result_model_3
J    Q     10   10   max   0.000000    0.000000    0.000000    0.147    0.014029      0.0000     0.0000     0.0000       0     84      0    1.00    3.29    1.00      0       0       0       0   result_model_3

J    R     10   10   asym  0.000000    0.000000    0.000000    0.169    0.015018      0.0000     0.0000     0.0000       0     84      0    1.00    3.29    1.00      0       0       0       0   result_model_3
R    J     10   10   asym  0.000000    0.000000    0.000000    0.165    0.015310      0.0000     0.0000     0.0000       0     84      0    1.00    3.29    1.00      0       0       0       0   result_model_3
J    R     10   10   max   0.000000    0.000000    0.000000    0.169    0.015310      0.0000     0.0000     0.0000       0     84      0    1.00    3.29    1.00      0       0       0       0   result_model_3

J    S     10   10   asym  0.000000    0.000000    0.000000    0.133    0.012966      0.0000     0.0000     0.0000       0     84      0    1.00    3.29    1.00      0       0       0       0   result_model_3
S    J     10   10   asym  0.000000    0.000000    0.000000    0.130    0.013241      0.0000     0.0000     0.0000       0     84      0    1.00    3.29    1.00      0       0       0       0   result_model_3
J    S     10   10   max   0.000000    0.000000    0.000000    0.133    0.013241      0.0000     0.0000     0.0000       0     84      0    1.00    3.29    1.00      0       0       0       0   result_model_3

J    T     10   10   asym  0.000000    0.000000    0.000000    0.150    0.013735      0.0000     0.0000     0.0000       0     84      0    1.00    3.29    1.00      0       0       0       0   result_model_3
T    J     10   10   asym  0.000000    0.000000    0.000000    0.144    0.014246      0.0000     0.0000     0.0000       0     84      0    1.00    3.29    1.00      0       0       0       0   result_model_3
J    T     10   10   max   0.000000    0.000000    0.000000    0.150    0.014246      0.0000     0.0000     0.0000       0     84      0    1.00    3.29    1.00      0       0       0       0   result_model_3

K    L     10   10   asym  0.000000    0.000000    0.000000    0.168    0.015482      0.0192     0.0081     0.0000       0     84      0    1.00    3.29    1.00      0       0       0       0   result_model_3
L    K     10   10   asym  0.000000    0.000000    0.000000    0.170    0.015378      0.0192     0.0081     0.0000       0     84      0    1.00    3.29    1.00      0       0       0       0   result_model_3
K    L     10   10   max   0.000000    0.000000    0.000000    0.170    0.015482      0.0192     0.0081     0.0000       0     84      0    1.00    3.29    1.00      0       0       0       0   result_model_3

K    M     10   10   asym  0.000000    0.000000    0.000000    0.233    0.019381      0.0238     0.0083     0.0000       0     84      0    1.00    3.29    1.00      0       0       0       0   result_model_3
M    K     10   10   asym  0.000000    0.000000    0.000000    0.233    0.019395      0.0238     0.0083     0.0000       0     84      0    1.00    3.29    1.00      0       0       0       0   result_model_3
K    M     10   10   max   0.000000    0.000000    0.000000    0.233    0.019395      0.0238     0.0083     0.0000       0     84      0    1.00    3.29    1.00      0       0       0       0   result_model_3

K    N     10   10   asym  0.000000    0.000000    0.000000    0.161    0.014712      0.0191     0.0080     0.0000       0     84      0    1.00    3.29    1.00      0       0       0       0   result_model_3
N    K     10   10   asym  0.000000    0.000000    0.000000    0.160    0.014806      0.0191     0.0080     0.0000       0     84      0    1.00    3.29    1.00      0       0       0       0   result_model_3
K    N     10   10   max   0.000000    0.000000    0.000000    0.161    0.014806      0.0191     0.0080     0.0000       0     84      0    1.00    3.29    1.00      0       0       0       0   result_model_3

K    O     10   10   asym  0.000000    0.000000    0.000000    0.188    0.015912      0.0000     0.0000     0.0000       0     84      0    1.00    3.29    1.00      0       0       0       0   result_model_3
O    K     10   10   asym  0.000000    0.000000    0.000000    0.179    0.016768      0.0000     0.0000     0.0000       0     84      0    1.00    3.29    1.00      0       0       0       0   result_model_3
K    O     10   10   max   0.000000    0.000000    0.000000    0.188    0.016768      0.0000     0.0000     0.0000       0     84      0    1.00    3.29    1.00      0       0       0       0   result_model_3

K    P     10   10   asym  0.000000    0.000000    0.000000    0.148    0.013752      0.0000     0.0000     0.0000       0     84      0    1.00    3.29    1.00      0       0       0       0   result_model_3
P    K     10   10   asym  0.000000    0.000000    0.000000    0.144    0.014132      0.0000     0.0000     0.0000       0     84      0    1.00    3.29    1.00      0       0       0       0   result_model_3
K    P     10   10   max   0.000000    0.000000    0.000000    0.148    0.014132      0.0000     0.0000     0.0000       0     84      0    1.00    3.29    1.00      0       0       0       0   result_model_3

K    Q     10   10   asym  0.000000    0.000000    0.000000    0.196    0.016398      0.0000     0.0000     0.0000       0     84      0    1.00    3.29    1.00      0       0       0       0   result_model_3
Q    K     10   10   asym  0.000000    0.000000    0.000000    0.189    0.016966      0.0000     0.0000     0.0000       0     84      0    1.00    3.29    1.00      0       0       0       0   result_model_3
K    Q     10   10   max   0.000000    0.000000    0.000000    0.196    0.016966      0.0000     0.0000     0.0000       0     84      0    1.00    3.29    1.00      0       0       0       0   result_model_3

K    R     10   10   asym  0.000000    0.000000    0.000000    0.154    0.014138      0.0000     0.0000     0.0000       0     84      0    1.00    3.29    1.00      0       0       0       0   result_model_3
R    K     10   10   asym  0.000000    0.000000    0.000000    0.151    0.014436      0.0000     0.0000     0.0000       0     84      0    1.00    3.29    1.00      0       0       0       0   result_model_3
K    R     10   10   max   0.000000    0.000000    0.000000    0.154    0.014436      0.0000     0.0000     0.0000       0     84      0    1.00    3.29    1.00      0       0       0       0   result_model_3

K    S     10   10   asym  0.000000    0.000000    0.000000    0.163    0.014509      0.0000     0.0000     0.0000       0     84      0    1.00    3.29    1.00      0       0       0       0   result_model_3
S    K     10   10   asym  0.000000    0.000000    0.000000    0.157    0.015135      0.0000     0.0000     0.0000       0     84      0    1.00    3.29    1.00      0       0       0       0   result_model_3
K    S     10   10   max   0.000000    0.000000    0.000000    0.163    0.015135      0.0000     0.0000     0.0000       0     84      0    1.00    3.29    1.00      0       0       0       0   result_model_3

K    T     10   10   asym  0.000000    0.000000    0.000000    0.139    0.013308      0.0000     0.0000     0.0000       0     84      0    1.00    3.29    1.00      0       0       0       0   result_model_3
T    K     10   10   asym  0.000000    0.000000    0.000000    0.137    0.013583      0.0000     0.0000     0.0000       0     84      0    1.00    3.29    1.00      0       0       0       0   result_model_3
K    T     10   10   max   0.000000    0.000000    0.000000    0.139    0.013583      0.0000     0.0000     0.0000       0     84      0    1.00    3.29    1.00      0       0       0       0   result_model_3

L    M     10   10   asym  0.000000    0.000000    0.000000    0.164    0.015081      0.0187     0.0080     0.0000       0     84      0    1.00    3.29    1.00      0       0       0       0   result_model_3
M    L     10   10   asym  0.000000    0.000000    0.000000    0.164    0.015141      0.0187     0.0080     0.0000       0     84      0    1.00    3.29    1.00      0       0       0       0   result_model_3
L    M     10   10   max   0.000000    0.000000    0.000000    0.164    0.015141      0.0187     0.0080     0.0000       0     84      0    1.00    3.29    1.00      0       0       0       0   result_model_3

L    N     10   10   asym  0.000000    0.000000    0.000000    0.232    0.019339      0.0241     0.0083     0.0000       0     84      0    1.00    3.29    1.00      0       0       0       0   result_model_3
N    L     10   10   asym  0.000000    0.000000    0.000000    0.232    0.019415      0.0241     0.0084     0.0000       0     84      0    1.00    3.29    1.00      0       0       0       0   result_model_3
L    N     10   10   max   0.000000    0.000000    0.000000    0.232    0.019415      0.0241     0.0084     0.0000       0     84      0    1.00    3.29    1.00      0       0       0       0   result_model_3

L    O     10   10   asym  0.000000    0.000000    0.000000    0.148    0.013802      0.0000     0.0000     0.0000       0     84      0    1.00    3.29    1.00      0       0       0       0   result_model_3
O    L     10   10   asym  0.000000    0.000000    0.000000    0.145    0.014115      0.0000     0.0000     0.0000       0     84      0    1.00    3.29    1.00      0       0       0       0   result_model_3
L    O     10   10   max   0.000000    0.000000    0.000000    0.148    0.014115      0.0000     0.0000     0.0000       0     84      0    1.00    3.29    1.00      0       0       0       0   result_model_3

L    P     10   10   asym  0.000000    0.000000    0.000000    0.187    0.015941      0.0000     0.0000     0.0000       0     84      0    1.00    3.29    1.00      0       0       0       0   result_model_3
P    L     10   10   asym  0.000000    0.000000    0.000000    0.179    0.016733      0.0000     0.0000     0.0000       0     84      0    1.00    3.29    1.00      0       0       0       0   result_model_3
L    P     10   10   max   0.000000    0.000000    0.000000    0.187    0.016733      0.0000     0.0000     0.0000       0     84      0    1.00    3.29    1.00      0       0       0       0   result_model_3

L    Q     10   10   asym  0.000000    0.000000    0.000000    0.153    0.014144      0.0000     0.0000     0.0000       0     84      0    1.00    3.29    1.00      0       0       0       0   result_model_3
Q    L     10   10   asym  0.000000    0.000000    0.000000    0.151    0.014388      0.0000     0.0000     0.0000       0     84      0    1.00    3.29    1.00      0       0       0       0   result_model_3
L    Q     10   10   max   0.000000    0.000000    0.000000    0.153    0.014388      0.0000     0.0000     0.0000       0     84      0    1.00    3.29    1.00      0       0       0       0   result_model_3

L    R     10   10   asym  0.000000    0.000000    0.000000    0.195    0.016442      0.0184     0.0080     0.0000       0     84      0    1.00    3.29    1.00      0       0       0       0   result_model_3
R    L     10   10   asym  0.000000    0.000000    0.000000    0.189    0.016913      0.0184     0.0080     0.0000       0     84      0    1.00    3.29    1.00      0       0       0       0   result_model_3
L    R     10   10   max   0.000000    0.000000    0.000000    0.195    0.016913      0.0184     0.0080     0.0000       0     84      0    1.00    3.29    1.00      0       0       0       0   result_model_3

L    S     10   10   asym  0.000000    0.000000    0.000000    0.139    0.013275      0.0000     0.0000     0.0000       0     84      0    1.00    3.29    1.00      0       0       0       0   result_model_3
S    L     10   10   asym  0.000000    0.000000    0.000000    0.136    0.013569      0.0000     0.0000     0.0000       0     84      0    1.00    3.29    1.00      0       0       0       0   result_model_3
L    S     10   10   max   0.000000    0.000000    0.000000    0.139    0.013569      0.0000     0.0000     0.0000       0     84      0    1.00    3.29    1.00      0       0       0       0   result_model_3

L    T     10   10   asym  0.000000    0.000000    0.000000    0.163    0.014541      0.0000     0.0000     0.0000       0     84      0    1.00    3.29    1.00      0       0       0       0   result_model_3
T    L     10   10   asym  0.000000    0.000000    0.000000    0.157    0.015140      0.0000     0.0000     0.0000       0     84      0    1.00    3.29    1.00      0       0       0       0   result_model_3
L    T     10   10   max   0.000000    0.000000    0.000000    0.163    0.015140      0.0000     0.0000     0.0000       0     84      0    1.00    3.29    1.00      0       0       0       0   result_model_3

M    N     10   10   asym  0.000000    0.000000    0.000000    0.168    0.015457      0.0192     0.0081     0.0000       0     84      0    1.00    3.29    1.00      0       0       0       0   result_model_3
N    M     10   10   asym  0.000000    0.000000    0.000000    0.170    0.015308      0.0192     0.0081     0.0000       0     84      0    1.00    3.29    1.00      0       0       0       0   result_model_3
M    N     10   10   max   0.000000    0.000000    0.000000    0.170    0.015457      0.0192     0.0081     0.0000       0     84      0    1.00    3.29    1.00      0       0       0       0   result_model_3

M    O     10   10   asym  0.000000    0.000000    0.000000    0.229    0.018338      0.0000     0.0000     0.0000       0     84      0    1.00    3.29    1.00      0       0       0       0   result_model_3
O    M     10   10   asym  0.000000    0.000000    0.000000    0.216    0.019545      0.0000     0.0000     0.0000       0     84      0    1.00    3.29    1.00      0       0       0       0   result_model_3
M    O     10   10   max   0.000000    0.000000    0.000000    0.229    0.019545      0.0000     0.0000     0.0000       0     84      0    1.00    3.29    1.00      0       0       0       0   result_model_3

M    P     10   10   asym  0.000000    0.000000    0.000000    0.158    0.014282      0.0000     0.0000     0.0000       0     84      0    1.00    3.29    1.00      0       0       0       0   result_model_3
P    M     10   10   asym  0.000000    0.000000    0.000000    0.154    0.014695      0.0000     0.0000     0.0000       0     84      0    1.00    3.29    1.00      0       0       0       0   result_model_3
M    P     10   10   max   0.000000    0.000000    0.000000    0.158    0.014695      0.0000     0.0000     0.0000       0     84      0    1.00    3.29    1.00      0       0       0       0   result_model_3

M    Q     10   10   asym  0.000000    0.000000    0.000000    0.231    0.018609      0.0241     0.0083     0.0000       0     84      0    1.00    3.29    1.00      0       0       0       0   result_model_3
Q    M     10   10   asym  0.000000    0.000000    0.000000    0.225    0.019108      0.0241     0.0083     0.0000       0     84      0    1.00    3.29    1.00      0       0       0       0   result_model_3
M    Q     10   10   max   0.000000    0.000000    0.000000    0.231    0.019108      0.0241     0.0083     0.0000       0     84      0    1.00    3.29    1.00      0       0       0       0   result_model_3

M    R     10   10   asym  0.000000    0.000000    0.000000    0.161    0.014561      0.0191     0.0080     0.0000       0     84      0    1.00    3.29    1.00      0       0       0       0   result_model_3
R    M     10   10   asym  0.000000    0.000000    0.000000    0.158    0.014781      0.0191     0.0080     0.0000       0     84      0    1.00    3.29    1.00      0       0       0       0   result_model_3
M    R     10   10   max   0.000000    0.000000    0.000000    0.161    0.014781      0.0191     0.0080     0.0000       0     84      0    1.00    3.29    1.00      0       0       0       0   result_model_3

M    S     10   10   asym  0.000000    0.000000    0.000000    0.191    0.015861      0.0000     0.0000     0.0000       0     84      0    1.00    3.29    1.00      0       0       0       0   result_model_3
S    M     10   10   asym  0.000000    0.000000    0.000000    0.179    0.016896      0.0000     0.0000     0.0000       0     84      0    1.00    3.29    1.00      0       0       0       0   result_model_3
M    S     10   10   max   0.000000    0.000000    0.000000    0.191    0.016896      0.0000     0.0000     0.0000       0     84      0    1.00    3.29    1.00      0       0       0       0   result_model_3

M    T     10   10   asym  0.000000    0.000000    0.000000    0.146    0.013626      0.0000     0.0000     0.0000       0     84      0    1.00    3.29    1.00      0       0       0       0   result_model_3
T    M     10   10   asym  0.000000    0.000000    0.000000    0.143    0.013960      0.0000     0.0000     0.0000       0     84      0    1.00    3.29    1.00      0       0       0       0   result_model_3
M    T     10   10   max   0.000000    0.000000    0.000000    0.146    0.013960      0.0000     0.0000     0.0000       0     84      0    1.00    3.29    1.00      0       0       0       0   result_model_3

N    O     10   10   asym  0.000000    0.000000    0.000000    0.157    0.014340      0.0000     0.0000     0.0000       0     84      0    1.00    3.29    1.00      0       0       0       0   result_model_3
O    N     10   10   asym  0.000000    0.000000    0.000000    0.153    0.014719      0.0000     0.0000     0.0000       0     84      0    1.00    3.29    1.00      0       0       0       0   result_model_3
N    O     10   10   max   0.000000    0.000000    0.000000    0.157    0.014719      0.0000     0.0000     0.0000       0     84      0    1.00    3.29    1.00      0       0       0       0   result_model_3

N    P     10   10   asym  0.000000    0.000000    0.000000    0.227    0.018401      0.0184     0.0080     0.0000       0     84      0    1.00    3.29    1.00      0       0       0       0   result_model_3
P    N     10   10   asym  0.000000    0.000000    0.000000    0.215    0.019480      0.0184     0.0081     0.0000       0     84      0    1.00    3.29    1.00      0       0       0       0   result_model_3
N    P     10   10   max   0.000000    0.000000    0.000000    0.227    0.019480      0.0184     0.0081     0.0000       0     84      0    1.00    3.29    1.00      0       0       0       0   result_model_3

N    Q     10   10   asym  0.000000    0.000000    0.000000    0.162    0.014609      0.0186     0.0080     0.0000       0     84      0    1.00    3.29    1.00      0       0       0       0   result_model_3
Q    N     10   10   asym  0.000000    0.000000    0.000000    0.158    0.014882      0.0186     0.0080     0.0000       0     84      0    1.00    3.29    1.00      0       0       0       0   result_model_3
N    Q     10   10   max   0.000000    0.000000    0.000000    0.162    0.014882      0.0186     0.0080     0.0000       0     84      0    1.00    3.29    1.00      0       0       0       0   result_model_3

N    R     10   10   asym  0.000000    0.000000    0.000000    0.230    0.018665      0.0243     0.0083     0.0000       0     84      0    1.00    3.29    1.00      0       0       0       0   result_model_3
R    N     10   10   asym  0.000000    0.000000    0.000000    0.224    0.019094      0.0243     0.0083     0.0000       0     84      0    1.00    3.29    1.00      0       0       0       0   result_model_3
N    R     10   10   max   0.000000    0.000000    0.000000    0.230    0.019094      0.0243     0.0083     0.0000       0     84      0    1.00    3.29    1.00      0       0       0       0   result_model_3

N    S     10   10   asym  0.000000    0.000000    0.000000    0.145    0.013604      0.0000     0.0000     0.0000       0     84      0    1.00    3.29    1.00      0       0       0       0   result_model_3
S    N     10   10   asym  0.000000    0.000000    0.000000    0.142    0.013929      0.0000     0.0000     0.0000       0     84      0    1.00    3.29    1.00      0       0       0       0   result_model_3
N    S     10   10   max   0.000000    0.000000    0.000000    0.145    0.013929      0.0000     0.0000     0.0000       0     84      0    1.00    3.29    1.00      0       0       0       0   result_model_3

N    T     10   10   asym  0.000000    0.000000    0.000000    0.189    0.015833      0.0000     0.0000     0.0000       0     84      0    1.00    3.29    1.00      0       0       0       0   result_model_3
T    N     10   10   asym  0.000000    0.000000    0.000000    0.178    0.016790      0.0000     0.0000     0.0000       0     84      0    1.00    3.29    1.00      0       0       0       0   result_model_3
N    T     10   10   max   0.000000    0.000000    0.000000    0.189    0.016790      0.0000     0.0000     0.0000       0     84      0    1.00    3.29    1.00      0       0       0       0   result_model_3

O    P     10   10   asym  0.000000    0.000000    0.000000    0.163    0.015188      0.0191     0.0080     0.0000       0     84      0    1.00    3.29    1.00      0       0       0       0   result_model_3
P    O     10   10   asym  0.000000    0.000000    0.000000    0.167    0.014994      0.0191     0.0080     0.0000       0     84      0    1.00    3.29    1.00      0       0       0       0   result_model_3
O    P     10   10   max   0.000000    0.000000    0.000000    0.167    0.015188      0.0191     0.0080     0.0000       0     84      0    1.00    3.29    1.00      0       0       0       0   result_model_3

O    Q     10   10   asym  0.000000    0.000000    0.000000    0.249    0.021699      0.0241     0.0085     0.0000       0     84      0    1.00    3.29    1.00      0       0       0       0   result_model_3
Q    O     10   10   asym  0.000000    0.000000    0.000000    0.261    0.020767      0.0241     0.0085     0.0000       0     84      0    1.00    3.29    1.00      0       0       0       0   result_model_3
O    Q     10   10   max   0.000000    0.000000    0.000000    0.261    0.021699      0.0241     0.0085     0.0000       0     84      0    1.00    3.29    1.00      0       0       0       0   result_model_3

O    R     10   10   asym  0.000000    0.000000    0.000000    0.158    0.014793      0.0186     0.0080     0.0000       0     84      0    1.00    3.29    1.00      0       0       0       0   result_model_3
R    O     10   10   asym  0.000000    0.000000    0.000000    0.160    0.014563      0.0186     0.0080     0.0000       0     84      0    1.00    3.29    1.00      0       0       0       0   result_model_3
O    R     10   10   max   0.000000    0.000000    0.000000    0.160    0.014793      0.0186     0.0080     0.0000       0     84      0    1.00    3.29    1.00      0       0       0       0   result_model_3

O    S     10   10   asym  0.000000    0.000000    0.000000    0.228    0.018545      0.0234     0.0082     0.0000       0     84      0    1.00    3.29    1.00      0       0       0       0   result_model_3
S    O     10   10   asym  0.000000    0.000000    0.000000    0.224    0.018895      0.0234     0.0083     0.0000       0     84      0    1.00    3.29    1.00      0       0       0       0   result_model_3
O    S     10   10   max   0.000000    0.000000    0.000000    0.228    0.018895      0.0234     0.0083     0.0000       0     84      0    1.00    3.29    1.00      0       0       0       0   result_model_3

O    T     10   10   asym  0.000000    0.000000    0.000000    0.153    0.014248      0.0190     0.0079     0.0000       0     84      0    1.00    3.29    1.00      0       0       0       0   result_model_3
T    O     10   10   asym  0.000000    0.000000    0.000000    0.153    0.014380      0.0190     0.0079     0.0000       0     84      0    1.00    3.29    1.00      0       0       0       0   result_model_3
O    T     10   10   max   0.000000    0.000000    0.000000    0.153    0.014380      0.0190     0.0079     0.0000       0     84      0    1.00    3.29    1.00      0       0       0       0   result_model_3

P    Q     10   10   asym  0.000000    0.000000    0.000000    0.167    0.015484      0.0190     0.0081     0.0000       0     84      0    1.00    3.29    1.00      0       0       0       0   result_model_3
Q    P     10   10   asym  0.000000    0.000000    0.000000    0.170    0.015193      0.0190     0.0081     0.0000       0     84      0    1.00    3.29    1.00      0       0       0       0   result_model_3
P    Q     10   10   max   0.000000    0.000000    0.000000    0.170    0.015484      0.0190     0.0081     0.0000       0     84      0    1.00    3.29    1.00      0       0       0       0   result_model_3

P    R     10   10   asym  0.000000    0.000000    0.000000    0.247    0.021604      0.0242     0.0086     0.0000       0     84      0    1.00    3.29    1.00      0       0       0       0   result_model_3
R    P     10   10   asym  0.000000    0.000000    0.000000    0.260    0.020742      0.0242     0.0085     0.0000       0     84      0    1.00    3.29    1.00      0       0       0       0   result_model_3
P    R     10   10   max   0.000000    0.000000    0.000000    0.260    0.021604      0.0242     0.0086     0.0000       0     84      0    1.00    3.29    1.00      0       0       0       0   result_model_3

P    S     10   10   asym  0.000000    0.000000    0.000000    0.154    0.014194      0.0185     0.0079     0.0000       0     84      0    1.00    3.29    1.00      0       0       0       0   result_model_3
S    P     10   10   asym  0.000000    0.000000    0.000000    0.151    0.014412      0.0185     0.0079     0.0000       0     84      0    1.00    3.29    1.00      0       0       0       0   result_model_3
P    S     10   10   max   0.000000    0.000000    0.000000    0.154    0.014412      0.0185     0.0079     0.0000       0     84      0    1.00    3.29    1.00      0       0       0       0   result_model_3

P    T     10   10   asym  0.000000    0.000000    0.000000    0.228    0.018583      0.0237     0.0083     0.0000       0     84      0    1.00    3.29    1.00      0       0       0       0   result_model_3
T    P     10   10   asym  0.000000    0.000000    0.000000    0.224    0.018951      0.0237     0.0083     0.0000       0     84      0    1.00    3.29    1.00      0       0       0       0   result_model_3
P    T     10   10   max   0.000000    0.000000    0.000000    0.228    0.018951      0.0237     0.0083     0.0000       0     84      0    1.00    3.29    1.00      0       0       0       0   result_model_3

Q    R     10   10   asym  0.000000    0.000000    0.000000    0.170    0.015642      0.0192     0.0081     0.0000       0     84      0    1.00    3.29    1.00      0       0       0       0   result_model_3
R    Q     10   10   asym  0.000000    0.000000    0.000000    0.174    0.015402      0.0192     0.0081     0.0000       0     84      0    1.00    3.29    1.00      0       0       0       0   result_model_3
Q    R     10   10   max   0.000000    0.000000    0.000000    0.174    0.015642      0.0192     0.0081     0.0000       0     84      0    1.00    3.29    1.00      0       0       0       0   result_model_3

Q    S     10   10   asym  0.000000    0.000000    0.000000    0.239    0.019488      0.0000     0.0000     0.0000       0     84      0    1.00    3.29    1.00      0       0       0       0   result_model_3
S    Q     10   10   asym  0.000000    0.000000    0.000000    0.229    0.020441      0.0000     0.0000     0.0000       0     84      0    1.00    3.29    1.00      0       0       0       0   result_model_3
Q    S     10   10   max   0.000000    0.000000    0.000000    0.239    0.020441      0.0000     0.0000     0.0000       0     84      0    1.00    3.29    1.00      0       0       0       0   result_model_3

Q    T     10   10   asym  0.000000    0.000000    0.000000    0.158    0.014387      0.0000     0.0000     0.0000       0     84      0    1.00    3.29    1.00      0       0       0       0   result_model_3
T    Q     10   10   asym  0.000000    0.000000    0.000000    0.155    0.014627      0.0000     0.0000     0.0000       0     84      0    1.00    3.29    1.00      0       0       0       0   result_model_3
Q    T     10   10   max   0.000000    0.000000    0.000000    0.158    0.014627      0.0000     0.0000     0.0000       0     84      0    1.00    3.29    1.00      0       0       0       0   result_model_3

R    S     10   10   asym  0.000000    0.000000    0.000000    0.154    0.014346      0.0000     0.0000     0.0000       0     84      0    1.00    3.29    1.00      0       0       0       0   result_model_3
S    R     10   10   asym  0.000000    0.000000    0.000000    0.154    0.014546      0.0000     0.0000     0.0000       0     84      0    1.00    3.29    1.00      0       0       0       0   result_model_3
R    S     10   10   max   0.000000    0.000000    0.000000    0.154    0.014546      0.0000     0.0000     0.0000       0     84      0    1.00    3.29    1.00      0       0       0       0   result_model_3

R    T     10   10   asym  0.000000    0.000000    0.000000    0.235    0.019045      0.0184     0.0081     0.0000       0     84      0    1.00    3.29    1.00      0       0       0       0   result_model_3
T    R     10   10   asym  0.000000    0.000000    0.000000    0.225    0.020106      0.0184     0.0081     0.0000       0     84      0    1.00    3.29    1.00      0       0       0       0   result_model_3
R    T     10   10   max   0.000000    0.000000    0.000000    0.235    0.020106      0.0184     0.0081     0.0000       0     84      0    1.00    3.29    1.00      0       0       0       0   result_model_3

S    T     10   10   asym  0.000000    0.000000    0.000000    0.157    0.014902      0.0190     0.0080     0.0000       0     84      0    1.00    3.29    1.00      0       0       0       0   result_model_3
T    S     10   10   asym  0.000000    0.000000    0.000000    0.161    0.014609      0.0190     0.0080     0.0000       0     84      0    1.00    3.29    1.00      0       0       0       0   result_model_3
S    T     10   10   max   0.000000    0.000000    0.000000    0.161    0.014902      0.0190     0.0080     0.0000       0     84      0    1.00    3.29    1.00      0       0       0       0   result_model_3

