
Chn1 Chn2  PAE Dist  Type   ipSAE    ipSAE_d0chn ipSAE_d0dom  ipTM_af  ipTM_d0chn     pDockQ     pDockQ2    LIS       n0res  n0chn  n0dom   d0res   d0chn   d0dom  nres1   nres2   dist1   dist2  Model
A    B     10   10   asym  0.000000    0.000000    0.000000    0.221    0.018031      0.0191     0.0082     0.0000       0     84      0    1.00    3.29    1.00      0       0       0       0   result_model_0
B    A     10   10   asym  0.000000    0.000000    0.000000    0.212    0.018634      0.0191     0.0082     0.0000       0     84      0    1.00    3.29    1.00      0       0       0       0   result_model_0
A    B     10   10   max   0.000000    0.000000    0.000000    0.221    0.018634      0.0191     0.0082     0.0000       0     84      0    1.00    3.29    1.00      0       0       0       0   result_model_0

A    C     10   10   asym  0.000000    0.000000    0.000000    0.282    0.024477      0.0187     0.0082     0.0000       0     84      0    1.00    3.29    1.00      0       0       0       0   result_model_0
C    A     10   10   asym  0.000000    0.000000    0.000000    0.284    0.025213      0.0187     0.0082     0.0000       0     84      0    1.00    3.29    1.00      0       0       0       0   result_model_0
A    C     10   10   max   0.000000    0.000000    0.000000    0.284    0.025213      0.0187     0.0082     0.0000       0     84      0    1.00    3.29    1.00      0       0       0       0   result_model_0

A    D     10   10   asym  0.000000    0.000000    0.000000    0.200    0.016483      0.0000     0.0000     0.0000       0     84      0    1.00    3.29    1.00      0       0       0       0   result_model_0
D    A     10   10   asym  0.000000    0.000000    0.000000    0.189    0.017220      0.0000     0.0000     0.0000       0     84      0    1.00    3.29    1.00      0       0       0       0   result_model_0
A    D     10   10   max   0.000000    0.000000    0.000000    0.200    0.017220      0.0000     0.0000     0.0000       0     84      0    1.00    3.29    1.00      0       0       0       0   result_model_0

A    E     10   10   asym  0.000000    0.000000    0.000000    0.309    0.025680      0.0254     0.0090     0.0000       0     84      0    1.00    3.29    1.00      0       0       0       0   result_model_0
E    A     10   10   asym  0.000000    0.000000    0.000000    0.307    0.026409      0.0254     0.0091     0.0000       0     84      0    1.00    3.29    1.00      0       0       0       0   result_model_0
A    E     10   10   max   0.000000    0.000000    0.000000    0.309    0.026409      0.0254     0.0091     0.0000       0     84      0    1.00    3.29    1.00      0       0       0       0   result_model_0

A    F     10   10   asym  0.000000    0.000000    0.000000    0.209    0.017523      0.0195     0.0082     0.0000       0     84      0    1.00    3.29    1.00      0       0       0       0   result_model_0
F    A     10   10   asym  0.000000    0.000000    0.000000    0.206    0.017586      0.0195     0.0082     0.0000       0     84      0    1.00    3.29    1.00      0       0       0       0   result_model_0
A    F     10   10   max   0.000000    0.000000    0.000000    0.209    0.017586      0.0195     0.0082     0.0000       0     84      0    1.00    3.29    1.00      0       0       0       0   result_model_0

A    G     10   10   asym  0.000000    0.000000    0.000000    0.274    0.022963      0.0250     0.0087     0.0000       0     84      0    1.00    3.29    1.00      0       0       0       0   result_model_0
G    A     10   10   asym  0.000000    0.000000    0.000000    0.277    0.022248      0.0250     0.0087     0.0000       0     84      0    1.00    3.29    1.00      0       0       0       0   result_model_0
A    G     10   10   max   0.000000    0.000000    0.000000    0.277    0.022963      0.0250     0.0087     0.0000       0     84      0    1.00    3.29    1.00      0       0       0       0   result_model_0

A    H     10   10   asym  0.000000    0.000000    0.000000    0.194    0.016999      0.0183     0.0081     0.0000       0     84      0    1.00    3.29    1.00      0       0       0       0   result_model_0
H    A     10   10   asym  0.000000    0.000000    0.000000    0.197    0.016680      0.0183     0.0081     0.0000       0     84      0    1.00    3.29    1.00      0       0       0       0   result_model_0
A    H     10   10   max   0.000000    0.000000    0.000000    0.197    0.016999      0.0183     0.0081     0.0000       0     84      0    1.00    3.29    1.00      0       0       0       0   result_model_0

A    I     10   10   asym  0.000000    0.000000    0.000000    0.223    0.018715      0.0187     0.0081     0.0000       0     84      0    1.00    3.29    1.00      0       0       0       0   result_model_0
I    A     10   10   asym  0.000000    0.000000    0.000000    0.223    0.018446      0.0187     0.0081     0.0000       0     84      0    1.00    3.29    1.00      0       0       0       0   result_model_0
A    I     10   10   max   0.000000    0.000000    0.000000    0.223    0.018715      0.0187     0.0081     0.0000       0     84      0    1.00    3.29    1.00      0       0       0       0   result_model_0

A    J     10   10   asym  0.000000    0.000000    0.000000    0.179    0.016143      0.0000     0.0000     0.0000       0     84      0    1.00    3.29    1.00      0       0       0       0   result_model_0
J    A     10   10   asym  0.000000    0.000000    0.000000    0.183    0.015690      0.0000     0.0000     0.0000       0     84      0    1.00    3.29    1.00      0       0       0       0   result_model_0
A    J     10   10   max   0.000000    0.000000    0.000000    0.183    0.016143      0.0000     0.0000     0.0000       0     84      0    1.00    3.29    1.00      0       0       0       0   result_model_0

A    K     10   10   asym  0.000000    0.000000    0.000000    0.189    0.016243      0.0000     0.0000     0.0000       0     84      0    1.00    3.29    1.00      0       0       0       0   result_model_0
K    A     10   10   asym  0.000000    0.000000    0.000000    0.187    0.016119      0.0000     0.0000     0.0000       0     84      0    1.00    3.29    1.00      0       0       0       0   result_model_0
A    K     10   10   max   0.000000    0.000000    0.000000    0.189    0.016243      0.0000     0.0000     0.0000       0     84      0    1.00    3.29    1.00      0       0       0       0   result_model_0

A    L     10   10   asym  0.000000    0.000000    0.000000    0.168    0.015319      0.0000     0.0000     0.0000       0     84      0    1.00    3.29    1.00      0       0       0       0   result_model_0
L    A     10   10   asym  0.000000    0.000000    0.000000    0.171    0.015021      0.0000     0.0000     0.0000       0     84      0    1.00    3.29    1.00      0       0       0       0   result_model_0
A    L     10   10   max   0.000000    0.000000    0.000000    0.171    0.015319      0.0000     0.0000     0.0000       0     84      0    1.00    3.29    1.00      0       0       0       0   result_model_0

A    M     10   10   asym  0.000000    0.000000    0.000000    0.173    0.015116      0.0000     0.0000     0.0000       0     84      0    1.00    3.29    1.00      0       0       0       0   result_model_0
M    A     10   10   asym  0.000000    0.000000    0.000000    0.171    0.015191      0.0000     0.0000     0.0000       0     84      0    1.00    3.29    1.00      0       0       0       0   result_model_0
A    M     10   10   max   0.000000    0.000000    0.000000    0.173    0.015191      0.0000     0.0000     0.0000       0     84      0    1.00    3.29    1.00      0       0       0       0   result_model_0

A    N     10   10   asym  0.000000    0.000000    0.000000    0.159    0.014848      0.0000     0.0000     0.0000       0     84      0    1.00    3.29    1.00      0       0       0       0   result_model_0
N    A     10   10   asym  0.000000    0.000000    0.000000    0.163    0.014567      0.0000     0.0000     0.0000       0     84      0    1.00    3.29    1.00      0       0       0       0   result_model_0
A    N     10   10   max   0.000000    0.000000    0.000000    0.163    0.014848      0.0000     0.0000     0.0000       0     84      0    1.00    3.29    1.00      0       0       0       0   result_model_0

A    O     10   10   asym  0.000000    0.000000    0.000000    0.166    0.014558      0.0000     0.0000     0.0000       0     84      0    1.00    3.29    1.00      0       0       0       0   result_model_0
O    A     10   10   asym  0.000000    0.000000    0.000000    0.161    0.014854      0.0000     0.0000     0.0000       0     84      0    1.00    3.29    1.00      0       0       0       0   result_model_0
A    O     10   10   max   0.000000    0.000000    0.000000    0.166    0.014854      0.0000     0.0000     0.0000       0     84      0    1.00    3.29    1.00      0       0       0       0   result_model_0

A    P     10   10   asym  0.000000    0.000000    0.000000    0.152    0.014275      0.0000     0.0000     0.0000       0     84      0    1.00    3.29    1.00      0       0       0       0   result_model_0
P    A     10   10   asym  0.000000    0.000000    0.000000    0.154    0.014124      0.0000     0.0000     0.0000       0     84      0    1.00    3.29    1.00      0       0       0       0   result_model_0
A    P     10   10   max   0.000000    0.000000    0.000000    0.154    0.014275      0.0000     0.0000     0.0000       0     84      0    1.00    3.29    1.00      0       0       0       0   result_model_0

A    Q     10   10   asym  0.000000    0.000000    0.000000    0.157    0.013937      0.0000     0.0000     0.0000       0     84      0    1.00    3.29    1.00      0       0       0       0   result_model_0
Q    A     10   10   asym  0.000000    0.000000    0.000000    0.150    0.014336      0.0000     0.0000     0.0000       0     84      0    1.00    3.29    1.00      0       0       0       0   result_model_0
A    Q     10   10   max   0.000000    0.000000    0.000000    0.157    0.014336      0.0000     0.0000     0.0000       0     84      0    1.00    3.29    1.00      0       0       0       0   result_model_0

A    R     10   10   asym  0.000000    0.000000    0.000000    0.143    0.013674      0.0000     0.0000     0.0000       0     84      0    1.00    3.29    1.00      0       0       0       0   result_model_0
R    A     10   10   asym  0.000000    0.000000    0.000000    0.143    0.013593      0.0000     0.0000     0.0000       0     84      0    1.00    3.29    1.00      0       0       0       0   result_model_0
A    R     10   10   max   0.000000    0.000000    0.000000    0.143    0.013674      0.0000     0.0000     0.0000       0     84      0    1.00    3.29    1.00      0       0       0       0   result_model_0

A    S     10   10   asym  0.000000    0.000000    0.000000    0.141    0.013331      0.0000     0.0000     0.0000       0     84      0    1.00    3.29    1.00      0       0       0       0   result_model_0
S    A     10   10   asym  0.000000    0.000000    0.000000    0.139    0.013510      0.0000     0.0000     0.0000       0     84      0    1.00    3.29    1.00      0       0       0       0   result_model_0
A    S     10   10   max   0.000000    0.000000    0.000000    0.141    0.013510      0.0000     0.0000     0.0000       0     84      0    1.00    3.29    1.00      0       0       0       0   result_model_0

A    T     10   10   asym  0.000000    0.000000    0.000000    0.130    0.013078      0.0000     0.0000     0.0000       0     84      0    1.00    3.29    1.00      0       0       0       0   result_model_0
T    A     10   10   asym  0.000000    0.000000    0.000000    0.133    0.012909      0.0000     0.0000     0.0000       0     84      0    1.00    3.29    1.00      0       0       0       0   result_model_0
A    T     10   10   max   0.000000    0.000000    0.000000    0.133    0.013078      0.0000     0.0000     0.0000       0     84      0    1.00    3.29    1.00      0       0       0       0   result_model_0

B    C     10   10   asym  0.000000    0.000000    0.000000    0.192    0.016953      0.0183     0.0080     0.0000       0     84      0    1.00    3.29    1.00      0       0       0       0   result_model_0
C    B     10   10   asym  0.000000    0.000000    0.000000    0.195    0.016808      0.0183     0.0081     0.0000       0     84      0    1.00    3.29    1.00      0       0       0       0   result_model_0
B    C     10   10   max   0.000000    0.000000    0.000000    0.195    0.016953      0.0183     0.0081     0.0000       0     84      0    1.00    3.29    1.00      0       0       0       0   result_model_0

B    D     10   10   asym  0.000000    0.000000    0.000000    0.321    0.027529      0.0247     0.0091     0.0000       0     84      0    1.00    3.29    1.00      0       0       0       0   result_model_0
D    B     10   10   asym  0.000000    0.000000    0.000000    0.324    0.027620      0.0247     0.0092     0.0000       0     84      0    1.00    3.29    1.00      0       0       0       0   result_model_0
B    D     10   10   max   0.000000    0.000000    0.000000    0.324    0.027620      0.0247     0.0092     0.0000       0     84      0    1.00    3.29    1.00      0       0       0       0   result_model_0

B    E     10   10   asym  0.000000    0.000000    0.000000    0.203    0.017360      0.0196     0.0082     0.0000       0     84      0    1.00    3.29    1.00      0       0       0       0   result_model_0
E    B     10   10   asym  0.000000    0.000000    0.000000    0.204    0.017345      0.0196     0.0082     0.0000       0     84      0    1.00    3.29    1.00      0       0       0       0   result_model_0
B    E     10   10   max   0.000000    0.000000    0.000000    0.204    0.017360      0.0196     0.0082     0.0000       0     84      0    1.00    3.29    1.00      0       0       0       0   result_model_0

B    F     10   10   asym  0.000000    0.000000    0.000000    0.289    0.024955      0.0252     0.0089     0.0000       0     84      0    1.00    3.29    1.00      0       0       0       0   result_model_0
F    B     10   10   asym  0.000000    0.000000    0.000000    0.298    0.023664      0.0252     0.0088     0.0000       0     84      0    1.00    3.29    1.00      0       0       0       0   result_model_0
B    F     10   10   max   0.000000    0.000000    0.000000    0.298    0.024955      0.0252     0.0089     0.0000       0     84      0    1.00    3.29    1.00      0       0       0       0   result_model_0

B    G     10   10   asym  0.000000    0.000000    0.000000    0.188    0.017165      0.0000     0.0000     0.0000       0     84      0    1.00    3.29    1.00      0       0       0       0   result_model_0
G    B     10   10   asym  0.000000    0.000000    0.000000    0.199    0.016348      0.0000     0.0000     0.0000       0     84      0    1.00    3.29    1.00      0       0       0       0   result_model_0
B    G     10   10   max   0.000000    0.000000    0.000000    0.199    0.017165      0.0000     0.0000     0.0000       0     84      0    1.00    3.29    1.00      0       0       0       0   result_model_0

B    H     10   10   asym  0.000000    0.000000    0.000000    0.237    0.020673      0.0185     0.0080     0.0000       0     84      0    1.00    3.29    1.00      0       0       0       0   result_model_0
H    B     10   10   asym  0.000000    0.000000    0.000000    0.246    0.019715      0.0185     0.0080     0.0000       0     84      0    1.00    3.29    1.00      0       0       0       0   result_model_0
B    H     10   10   max   0.000000    0.000000    0.000000    0.246    0.020673      0.0185     0.0080     0.0000       0     84      0    1.00    3.29    1.00      0       0       0       0   result_model_0

B    I     10   10   asym  0.000000    0.000000    0.000000    0.173    0.016055      0.0000     0.0000     0.0000       0     84      0    1.00    3.29    1.00      0       0       0       0   result_model_0
I    B     10   10   asym  0.000000    0.000000    0.000000    0.182    0.015358      0.0000     0.0000     0.0000       0     84      0    1.00    3.29    1.00      0       0       0       0   result_model_0
B    I     10   10   max   0.000000    0.000000    0.000000    0.182    0.016055      0.0000     0.0000     0.0000       0     84      0    1.00    3.29    1.00      0       0       0       0   result_model_0

B    J     10   10   asym  0.000000    0.000000    0.000000    0.198    0.017543      0.0000     0.0000     0.0000       0     84      0    1.00    3.29    1.00      0       0       0       0   result_model_0
J    B     10   10   asym  0.000000    0.000000    0.000000    0.205    0.016917      0.0000     0.0000     0.0000       0     84      0    1.00    3.29    1.00      0       0       0       0   result_model_0
B    J     10   10   max   0.000000    0.000000    0.000000    0.205    0.017543      0.0000     0.0000     0.0000       0     84      0    1.00    3.29    1.00      0       0       0       0   result_model_0

B    K     10   10   asym  0.000000    0.000000    0.000000    0.162    0.015263      0.0000     0.0000     0.0000       0     84      0    1.00    3.29    1.00      0       0       0       0   result_model_0
K    B     10   10   asym  0.000000    0.000000    0.000000    0.170    0.014747      0.0000     0.0000     0.0000       0     84      0    1.00    3.29    1.00      0       0       0       0   result_model_0
B    K     10   10   max   0.000000    0.000000    0.000000    0.170    0.015263      0.0000     0.0000     0.0000       0     84      0    1.00    3.29    1.00      0       0       0       0   result_model_0

B    L     10   10   asym  0.000000    0.000000    0.000000    0.175    0.015615      0.0000     0.0000     0.0000       0     84      0    1.00    3.29    1.00      0       0       0       0   result_model_0
L    B     10   10   asym  0.000000    0.000000    0.000000    0.177    0.015377      0.0000     0.0000     0.0000       0     84      0    1.00    3.29    1.00      0       0       0       0   result_model_0
B    L     10   10   max   0.000000    0.000000    0.000000    0.177    0.015615      0.0000     0.0000     0.0000       0     84      0    1.00    3.29    1.00      0       0       0       0   result_model_0

B    M     10   10   asym  0.000000    0.000000    0.000000    0.153    0.014675      0.0000     0.0000     0.0000       0     84      0    1.00    3.29    1.00      0       0       0       0   result_model_0
M    B     10   10   asym  0.000000    0.000000    0.000000    0.160    0.014269      0.0000     0.0000     0.0000       0     84      0    1.00    3.29    1.00      0       0       0       0   result_model_0
B    M     10   10   max   0.000000    0.000000    0.000000    0.160    0.014675      0.0000     0.0000     0.0000       0     84      0    1.00    3.29    1.00      0       0       0       0   result_model_0

B    N     10   10   asym  0.000000    0.000000    0.000000    0.166    0.014716      0.0000     0.0000     0.0000       0     84      0    1.00    3.29    1.00      0       0       0       0   result_model_0
N    B     10   10   asym  0.000000    0.000000    0.000000    0.163    0.014834      0.0000     0.0000     0.0000       0     84      0    1.00    3.29    1.00      0       0       0       0   result_model_0
B    N     10   10   max   0.000000    0.000000    0.000000    0.166    0.014834      0.0000     0.0000     0.0000       0     84      0    1.00    3.29    1.00      0       0       0       0   result_model_0

B    O     10   10   asym  0.000000    0.000000    0.000000    0.147    0.014070      0.0000     0.0000     0.0000       0     84      0    1.00    3.29    1.00      0       0       0       0   result_model_0
O    B     10   10   asym  0.000000    0.000000    0.000000    0.150    0.013812      0.0000     0.0000     0.0000       0     84      0    1.00    3.29    1.00      0       0       0       0   result_model_0
B    O     10   10   max   0.000000    0.000000    0.000000    0.150    0.014070      0.0000     0.0000     0.0000       0     84      0    1.00    3.29    1.00      0       0       0       0   result_model_0

B    P     10   10   asym  0.000000    0.000000    0.000000    0.158    0.014018      0.0000     0.0000     0.0000       0     84      0    1.00    3.29    1.00      0       0       0       0   result_model_0
P    B     10   10   asym  0.000000    0.000000    0.000000    0.151    0.014381      0.0000     0.0000     0.0000       0     84      0    1.00    3.29    1.00      0       0       0       0   result_model_0
B    P     10   10   max   0.000000    0.000000    0.000000    0.158    0.014381      0.0000     0.0000     0.0000       0     84      0    1.00    3.29    1.00      0       0       0       0   result_model_0

B    Q     10   10   asym  0.000000    0.000000    0.000000    0.139    0.013471      0.0000     0.0000     0.0000       0     84      0    1.00    3.29    1.00      0       0       0       0   result_model_0
Q    B     10   10   asym  0.000000    0.000000    0.000000    0.140    0.013365      0.0000     0.0000     0.0000       0     84      0    1.00    3.29    1.00      0       0       0       0   result_model_0
B    Q     10   10   max   0.000000    0.000000    0.000000    0.140    0.013471      0.0000     0.0000     0.0000       0     84      0    1.00    3.29    1.00      0       0       0       0   result_model_0

B    R     10   10   asym  0.000000    0.000000    0.000000    0.146    0.013367      0.0000     0.0000     0.0000       0     84      0    1.00    3.29    1.00      0       0       0       0   result_model_0
R    B     10   10   asym  0.000000    0.000000    0.000000    0.139    0.013750      0.0000     0.0000     0.0000       0     84      0    1.00    3.29    1.00      0       0       0       0   result_model_0
B    R     10   10   max   0.000000    0.000000    0.000000    0.146    0.013750      0.0000     0.0000     0.0000       0     84      0    1.00    3.29    1.00      0       0       0       0   result_model_0

B    S     10   10   asym  0.000000    0.000000    0.000000    0.128    0.012903      0.0000     0.0000     0.0000       0     84      0    1.00    3.29    1.00      0       0       0       0   result_model_0
S    B     10   10   asym  0.000000    0.000000    0.000000    0.130    0.012766      0.0000     0.0000     0.0000       0     84      0    1.00    3.29    1.00      0       0       0       0   result_model_0
B    S     10   10   max   0.000000    0.000000    0.000000    0.130    0.012903      0.0000     0.0000     0.0000       0     84      0    1.00    3.29    1.00      0       0       0       0   result_model_0

B    T     10   10   asym  0.000000    0.000000    0.000000    0.132    0.012830      0.0000     0.0000     0.0000       0     84      0    1.00    3.29    1.00      0       0       0       0   result_model_0
T    B     10   10   asym  0.000000    0.000000    0.000000    0.130    0.012983      0.0000     0.0000     0.0000       0     84      0    1.00    3.29    1.00      0       0       0       0   result_model_0
B    T     10   10   max   0.000000    0.000000    0.000000    0.132    0.012983      0.0000     0.0000     0.0000       0     84      0    1.00    3.29    1.00      0       0       0       0   result_model_0

C    D     10   10   asym  0.000000    0.000000    0.000000    0.193    0.016728      0.0194     0.0081     0.0000       0     84      0    1.00    3.29    1.00      0       0       0       0   result_model_0
D    C     10   10   asym  0.000000    0.000000    0.000000    0.191    0.016794      0.0194     0.0081     0.0000       0     84      0    1.00    3.29    1.00      0       0       0       0   result_model_0
C    D     10   10   max   0.000000    0.000000    0.000000    0.193    0.016794      0.0194     0.0081     0.0000       0     84      0    1.00    3.29    1.00      0       0       0       0   result_model_0

C    E     10   10   asym  0.000000    0.000000    0.000000    0.288    0.024689      0.0244     0.0089     0.0000       0     84      0    1.00    3.29    1.00      0       0       0       0   result_model_0
E    C     10   10   asym  0.000000    0.000000    0.000000    0.290    0.023994      0.0244     0.0088     0.0000       0     84      0    1.00    3.29    1.00      0       0       0       0   result_model_0
C    E     10   10   max   0.000000    0.000000    0.000000    0.290    0.024689      0.0244     0.0089     0.0000       0     84      0    1.00    3.29    1.00      0       0       0       0   result_model_0

C    F     10   10   asym  0.000000    0.000000    0.000000    0.185    0.016407      0.0000     0.0000     0.0000       0     84      0    1.00    3.29    1.00      0       0       0       0   result_model_0
F    C     10   10   asym  0.000000    0.000000    0.000000    0.186    0.016158      0.0000     0.0000     0.0000       0     84      0    1.00    3.29    1.00      0       0       0       0   result_model_0
C    F     10   10   max   0.000000    0.000000    0.000000    0.186    0.016407      0.0000     0.0000     0.0000       0     84      0    1.00    3.29    1.00      0       0       0       0   result_model_0

C    G     10   10   asym  0.000000    0.000000    0.000000    0.220    0.019054      0.0000     0.0000     0.0000       0     84      0    1.00    3.29    1.00      0       0       0       0   result_model_0
G    C     10   10   asym  0.000000    0.000000    0.000000    0.220    0.018702      0.0000     0.0000     0.0000       0     84      0    1.00    3.29    1.00      0       0       0       0   result_model_0
C    G     10   10   max   0.000000    0.000000    0.000000    0.220    0.019054      0.0000     0.0000     0.0000       0     84      0    1.00    3.29    1.00      0       0       0       0   result_model_0

C    H     10   10   asym  0.000000    0.000000    0.000000    0.170    0.015477      0.0000     0.0000     0.0000       0     84      0    1.00    3.29    1.00      0       0       0       0   result_model_0
H    C     10   10   asym  0.000000    0.000000    0.000000    0.172    0.015205      0.0000     0.0000     0.0000       0     84      0    1.00    3.29    1.00      0       0       0       0   result_model_0
C    H     10   10   max   0.000000    0.000000    0.000000    0.172    0.015477      0.0000     0.0000     0.0000       0     84      0    1.00    3.29    1.00      0       0       0       0   result_model_0

C    I     10   10   asym  0.000000    0.000000    0.000000    0.183    0.016295      0.0000     0.0000     0.0000       0     84      0    1.00    3.29    1.00      0       0       0       0   result_model_0
I    C     10   10   asym  0.000000    0.000000    0.000000    0.183    0.016016      0.0000     0.0000     0.0000       0     84      0    1.00    3.29    1.00      0       0       0       0   result_model_0
C    I     10   10   max   0.000000    0.000000    0.000000    0.183    0.016295      0.0000     0.0000     0.0000       0     84      0    1.00    3.29    1.00      0       0       0       0   result_model_0

C    J     10   10   asym  0.000000    0.000000    0.000000    0.159    0.014794      0.0000     0.0000     0.0000       0     84      0    1.00    3.29    1.00      0       0       0       0   result_model_0
J    C     10   10   asym  0.000000    0.000000    0.000000    0.161    0.014566      0.0000     0.0000     0.0000       0     84      0    1.00    3.29    1.00      0       0       0       0   result_model_0
C    J     10   10   max   0.000000    0.000000    0.000000    0.161    0.014794      0.0000     0.0000     0.0000       0     84      0    1.00    3.29    1.00      0       0       0       0   result_model_0

C    K     10   10   asym  0.000000    0.000000    0.000000    0.165    0.014885      0.0000     0.0000     0.0000       0     84      0    1.00    3.29    1.00      0       0       0       0   result_model_0
K    C     10   10   asym  0.000000    0.000000    0.000000    0.162    0.014878      0.0000     0.0000     0.0000       0     84      0    1.00    3.29    1.00      0       0       0       0   result_model_0
C    K     10   10   max   0.000000    0.000000    0.000000    0.165    0.014885      0.0000     0.0000     0.0000       0     84      0    1.00    3.29    1.00      0       0       0       0   result_model_0

C    L     10   10   asym  0.000000    0.000000    0.000000    0.148    0.014125      0.0000     0.0000     0.0000       0     84      0    1.00    3.29    1.00      0       0       0       0   result_model_0
L    C     10   10   asym  0.000000    0.000000    0.000000    0.150    0.013918      0.0000     0.0000     0.0000       0     84      0    1.00    3.29    1.00      0       0       0       0   result_model_0
C    L     10   10   max   0.000000    0.000000    0.000000    0.150    0.014125      0.0000     0.0000     0.0000       0     84      0    1.00    3.29    1.00      0       0       0       0   result_model_0

C    M     10   10   asym  0.000000    0.000000    0.000000    0.155    0.013959      0.0000     0.0000     0.0000       0     84      0    1.00    3.29    1.00      0       0       0       0   result_model_0
M    C     10   10   asym  0.000000    0.000000    0.000000    0.148    0.014260      0.0000     0.0000     0.0000       0     84      0    1.00    3.29    1.00      0       0       0       0   result_model_0
C    M     10   10   max   0.000000    0.000000    0.000000    0.155    0.014260      0.0000     0.0000     0.0000       0     84      0    1.00    3.29    1.00      0       0       0       0   result_model_0

C    N     10   10   asym  0.000000    0.000000    0.000000    0.141    0.013576      0.0000     0.0000     0.0000       0     84      0    1.00    3.29    1.00      0       0       0       0   result_model_0
N    C     10   10   asym  0.000000    0.000000    0.000000    0.141    0.013488      0.0000     0.0000     0.0000       0     84      0    1.00    3.29    1.00      0       0       0       0   result_model_0
C    N     10   10   max   0.000000    0.000000    0.000000    0.141    0.013576      0.0000     0.0000     0.0000       0     84      0    1.00    3.29    1.00      0       0       0       0   result_model_0

C    O     10   10   asym  0.000000    0.000000    0.000000    0.146    0.013240      0.0000     0.0000     0.0000       0     84      0    1.00    3.29    1.00      0       0       0       0   result_model_0
O    C     10   10   asym  0.000000    0.000000    0.000000    0.136    0.013738      0.0000     0.0000     0.0000       0     84      0    1.00    3.29    1.00      0       0       0       0   result_model_0
C    O     10   10   max   0.000000    0.000000    0.000000    0.146    0.013738      0.0000     0.0000     0.0000       0     84      0    1.00    3.29    1.00      0       0       0       0   result_model_0

C    P     10   10   asym  0.000000    0.000000    0.000000    0.134    0.013040      0.0000     0.0000     0.0000       0     84      0    1.00    3.29    1.00      0       0       0       0   result_model_0
P    C     10   10   asym  0.000000    0.000000    0.000000    0.132    0.013125      0.0000     0.0000     0.0000       0     84      0    1.00    3.29    1.00      0       0       0       0   result_model_0
C    P     10   10   max   0.000000    0.000000    0.000000    0.134    0.013125      0.0000     0.0000     0.0000       0     84      0    1.00    3.29    1.00      0       0       0       0   result_model_0

C    Q     10   10   asym  0.000000    0.000000    0.000000    0.137    0.012680      0.0000     0.0000     0.0000       0     84      0    1.00    3.29    1.00      0       0       0       0   result_model_0
Q    C     10   10   asym  0.000000    0.000000    0.000000    0.126    0.013215      0.0000     0.0000     0.0000       0     84      0    1.00    3.29    1.00      0       0       0       0   result_model_0
C    Q     10   10   max   0.000000    0.000000    0.000000    0.137    0.013215      0.0000     0.0000     0.0000       0     84      0    1.00    3.29    1.00      0       0       0       0   result_model_0

C    R     10   10   asym  0.000000    0.000000    0.000000    0.127    0.012557      0.0000     0.0000     0.0000       0     84      0    1.00    3.29    1.00      0       0       0       0   result_model_0
R    C     10   10   asym  0.000000    0.000000    0.000000    0.123    0.012729      0.0000     0.0000     0.0000       0     84      0    1.00    3.29    1.00      0       0       0       0   result_model_0
C    R     10   10   max   0.000000    0.000000    0.000000    0.127    0.012729      0.0000     0.0000     0.0000       0     84      0    1.00    3.29    1.00      0       0       0       0   result_model_0

C    S     10   10   asym  0.000000    0.000000    0.000000    0.125    0.012230      0.0000     0.0000     0.0000       0     84      0    1.00    3.29    1.00      0       0       0       0   result_model_0
S    C     10   10   asym  0.000000    0.000000    0.000000    0.118    0.012622      0.0000     0.0000     0.0000       0     84      0    1.00    3.29    1.00      0       0       0       0   result_model_0
C    S     10   10   max   0.000000    0.000000    0.000000    0.125    0.012622      0.0000     0.0000     0.0000       0     84      0    1.00    3.29    1.00      0       0       0       0   result_model_0

C    T     10   10   asym  0.000000    0.000000    0.000000    0.119    0.012138      0.0000     0.0000     0.0000       0     84      0    1.00    3.29    1.00      0       0       0       0   result_model_0
T    C     10   10   asym  0.000000    0.000000    0.000000    0.116    0.012271      0.0000     0.0000     0.0000       0     84      0    1.00    3.29    1.00      0       0       0       0   result_model_0
C    T     10   10   max   0.000000    0.000000    0.000000    0.119    0.012271      0.0000     0.0000     0.0000       0     84      0    1.00    3.29    1.00      0       0       0       0   result_model_0

D    E     10   10   asym  0.000000    0.000000    0.000000    0.193    0.017113      0.0191     0.0081     0.0000       0     84      0    1.00    3.29    1.00      0       0       0       0   result_model_0
E    D     10   10   asym  0.000000    0.000000    0.000000    0.199    0.016674      0.0191     0.0081     0.0000       0     84      0    1.00    3.29    1.00      0       0       0       0   result_model_0
D    E     10   10   max   0.000000    0.000000    0.000000    0.199    0.017113      0.0191     0.0081     0.0000       0     84      0    1.00    3.29    1.00      0       0       0       0   result_model_0

D    F     10   10   asym  0.000000    0.000000    0.000000    0.261    0.023077      0.0184     0.0081     0.0000       0     84      0    1.00    3.29    1.00      0       0       0       0   result_model_0
F    D     10   10   asym  0.000000    0.000000    0.000000    0.270    0.021737      0.0184     0.0080     0.0000       0     84      0    1.00    3.29    1.00      0       0       0       0   result_model_0
D    F     10   10   max   0.000000    0.000000    0.000000    0.270    0.023077      0.0184     0.0081     0.0000       0     84      0    1.00    3.29    1.00      0       0       0       0   result_model_0

D    G     10   10   asym  0.000000    0.000000    0.000000    0.176    0.016244      0.0000     0.0000     0.0000       0     84      0    1.00    3.29    1.00      0       0       0       0   result_model_0
G    D     10   10   asym  0.000000    0.000000    0.000000    0.185    0.015592      0.0000     0.0000     0.0000       0     84      0    1.00    3.29    1.00      0       0       0       0   result_model_0
D    G     10   10   max   0.000000    0.000000    0.000000    0.185    0.016244      0.0000     0.0000     0.0000       0     84      0    1.00    3.29    1.00      0       0       0       0   result_model_0

D    H     10   10   asym  0.000000    0.000000    0.000000    0.214    0.018942      0.0000     0.0000     0.0000       0     84      0    1.00    3.29    1.00      0       0       0       0   result_model_0
H    D     10   10   asym  0.000000    0.000000    0.000000    0.220    0.018184      0.0000     0.0000     0.0000       0     84      0    1.00    3.29    1.00      0       0       0       0   result_model_0
D    H     10   10   max   0.000000    0.000000    0.000000    0.220    0.018942      0.0000     0.0000     0.0000       0     84      0    1.00    3.29    1.00      0       0       0       0   result_model_0

D    I     10   10   asym  0.000000    0.000000    0.000000    0.163    0.015254      0.0000     0.0000     0.0000       0     84      0    1.00    3.29    1.00      0       0       0       0   result_model_0
I    D     10   10   asym  0.000000    0.000000    0.000000    0.169    0.014792      0.0000     0.0000     0.0000       0     84      0    1.00    3.29    1.00      0       0       0       0   result_model_0
D    I     10   10   max   0.000000    0.000000    0.000000    0.169    0.015254      0.0000     0.0000     0.0000       0     84      0    1.00    3.29    1.00      0       0       0       0   result_model_0

D    J     10   10   asym  0.000000    0.000000    0.000000    0.181    0.016359      0.0000     0.0000     0.0000       0     84      0    1.00    3.29    1.00      0       0       0       0   result_model_0
J    D     10   10   asym  0.000000    0.000000    0.000000    0.185    0.015893      0.0000     0.0000     0.0000       0     84      0    1.00    3.29    1.00      0       0       0       0   result_model_0
D    J     10   10   max   0.000000    0.000000    0.000000    0.185    0.016359      0.0000     0.0000     0.0000       0     84      0    1.00    3.29    1.00      0       0       0       0   result_model_0

D    K     10   10   asym  0.000000    0.000000    0.000000    0.152    0.014525      0.0000     0.0000     0.0000       0     84      0    1.00    3.29    1.00      0       0       0       0   result_model_0
K    D     10   10   asym  0.000000    0.000000    0.000000    0.157    0.014167      0.0000     0.0000     0.0000       0     84      0    1.00    3.29    1.00      0       0       0       0   result_model_0
D    K     10   10   max   0.000000    0.000000    0.000000    0.157    0.014525      0.0000     0.0000     0.0000       0     84      0    1.00    3.29    1.00      0       0       0       0   result_model_0

D    L     10   10   asym  0.000000    0.000000    0.000000    0.165    0.014862      0.0000     0.0000     0.0000       0     84      0    1.00    3.29    1.00      0       0       0       0   result_model_0
L    D     10   10   asym  0.000000    0.000000    0.000000    0.164    0.014822      0.0000     0.0000     0.0000       0     84      0    1.00    3.29    1.00      0       0       0       0   result_model_0
D    L     10   10   max   0.000000    0.000000    0.000000    0.165    0.014862      0.0000     0.0000     0.0000       0     84      0    1.00    3.29    1.00      0       0       0       0   result_model_0

D    M     10   10   asym  0.000000    0.000000    0.000000    0.145    0.013919      0.0000     0.0000     0.0000       0     84      0    1.00    3.29    1.00      0       0       0       0   result_model_0
M    D     10   10   asym  0.000000    0.000000    0.000000    0.147    0.013707      0.0000     0.0000     0.0000       0     84      0    1.00    3.29    1.00      0       0       0       0   result_model_0
D    M     10   10   max   0.000000    0.000000    0.000000    0.147    0.013919      0.0000     0.0000     0.0000       0     84      0    1.00    3.29    1.00      0       0       0       0   result_model_0

D    N     10   10   asym  0.000000    0.000000    0.000000    0.155    0.013952      0.0000     0.0000     0.0000       0     84      0    1.00    3.29    1.00      0       0       0       0   result_model_0
N    D     10   10   asym  0.000000    0.000000    0.000000    0.149    0.014228      0.0000     0.0000     0.0000       0     84      0    1.00    3.29    1.00      0       0       0       0   result_model_0
D    N     10   10   max   0.000000    0.000000    0.000000    0.155    0.014228      0.0000     0.0000     0.0000       0     84      0    1.00    3.29    1.00      0       0       0       0   result_model_0

D    O     10   10   asym  0.000000    0.000000    0.000000    0.138    0.013356      0.0000     0.0000     0.0000       0     84      0    1.00    3.29    1.00      0       0       0       0   result_model_0
O    D     10   10   asym  0.000000    0.000000    0.000000    0.138    0.013332      0.0000     0.0000     0.0000       0     84      0    1.00    3.29    1.00      0       0       0       0   result_model_0
D    O     10   10   max   0.000000    0.000000    0.000000    0.138    0.013356      0.0000     0.0000     0.0000       0     84      0    1.00    3.29    1.00      0       0       0       0   result_model_0

D    P     10   10   asym  0.000000    0.000000    0.000000    0.146    0.013260      0.0000     0.0000     0.0000       0     84      0    1.00    3.29    1.00      0       0       0       0   result_model_0
P    D     10   10   asym  0.000000    0.000000    0.000000    0.137    0.013745      0.0000     0.0000     0.0000       0     84      0    1.00    3.29    1.00      0       0       0       0   result_model_0
D    P     10   10   max   0.000000    0.000000    0.000000    0.146    0.013745      0.0000     0.0000     0.0000       0     84      0    1.00    3.29    1.00      0       0       0       0   result_model_0

D    Q     10   10   asym  0.000000    0.000000    0.000000    0.131    0.012838      0.0000     0.0000     0.0000       0     84      0    1.00    3.29    1.00      0       0       0       0   result_model_0
Q    D     10   10   asym  0.000000    0.000000    0.000000    0.129    0.012950      0.0000     0.0000     0.0000       0     84      0    1.00    3.29    1.00      0       0       0       0   result_model_0
D    Q     10   10   max   0.000000    0.000000    0.000000    0.131    0.012950      0.0000     0.0000     0.0000       0     84      0    1.00    3.29    1.00      0       0       0       0   result_model_0

D    R     10   10   asym  0.000000    0.000000    0.000000    0.135    0.012678      0.0000     0.0000     0.0000       0     84      0    1.00    3.29    1.00      0       0       0       0   result_model_0
R    D     10   10   asym  0.000000    0.000000    0.000000    0.127    0.013166      0.0000     0.0000     0.0000       0     84      0    1.00    3.29    1.00      0       0       0       0   result_model_0
D    R     10   10   max   0.000000    0.000000    0.000000    0.135    0.013166      0.0000     0.0000     0.0000       0     84      0    1.00    3.29    1.00      0       0       0       0   result_model_0

D    S     10   10   asym  0.000000    0.000000    0.000000    0.122    0.012374      0.0000     0.0000     0.0000       0     84      0    1.00    3.29    1.00      0       0       0       0   result_model_0
S    D     10   10   asym  0.000000    0.000000    0.000000    0.121    0.012458      0.0000     0.0000     0.0000       0     84      0    1.00    3.29    1.00      0       0       0       0   result_model_0
D    S     10   10   max   0.000000    0.000000    0.000000    0.122    0.012458      0.0000     0.0000     0.0000       0     84      0    1.00    3.29    1.00      0       0       0       0   result_model_0

D    T     10   10   asym  0.000000    0.000000    0.000000    0.124    0.012303      0.0000     0.0000     0.0000       0     84      0    1.00    3.29    1.00      0       0       0       0   result_model_0
T    D     10   10   asym  0.000000    0.000000    0.000000    0.120    0.012580      0.0000     0.0000     0.0000       0     84      0    1.00    3.29    1.00      0       0       0       0   result_model_0
D    T     10   10   max   0.000000    0.000000    0.000000    0.124    0.012580      0.0000     0.0000     0.0000       0     84      0    1.00    3.29    1.00      0       0       0       0   result_model_0

E    F     10   10   asym  0.000000    0.000000    0.000000    0.199    0.017512      0.0184     0.0081     0.0000       0     84      0    1.00    3.29    1.00      0       0       0       0   result_model_0
F    E     10   10   asym  0.000000    0.000000    0.000000    0.205    0.016946      0.0184     0.0080     0.0000       0     84      0    1.00    3.29    1.00      0       0       0       0   result_model_0
E    F     10   10   max   0.000000    0.000000    0.000000    0.205    0.017512      0.0184     0.0081     0.0000       0     84      0    1.00    3.29    1.00      0       0       0       0   result_model_0

E    G     10   10   asym  0.000000    0.000000    0.000000    0.253    0.022282      0.0187     0.0082     0.0000       0     84      0    1.00    3.29    1.00      0       0       0       0   result_model_0
G    E     10   10   asym  0.000000    0.000000    0.000000    0.261    0.021037      0.0187     0.0082     0.0000       0     84      0    1.00    3.29    1.00      0       0       0       0   result_model_0
E    G     10   10   max   0.000000    0.000000    0.000000    0.261    0.022282      0.0187     0.0082     0.0000       0     84      0    1.00    3.29    1.00      0       0       0       0   result_model_0

E    H     10   10   asym  0.000000    0.000000    0.000000    0.185    0.016744      0.0000     0.0000     0.0000       0     84      0    1.00    3.29    1.00      0       0       0       0   result_model_0
H    E     10   10   asym  0.000000    0.000000    0.000000    0.193    0.016065      0.0000     0.0000     0.0000       0     84      0    1.00    3.29    1.00      0       0       0       0   result_model_0
E    H     10   10   max   0.000000    0.000000    0.000000    0.193    0.016744      0.0000     0.0000     0.0000       0     84      0    1.00    3.29    1.00      0       0       0       0   result_model_0

E    I     10   10   asym  0.000000    0.000000    0.000000    0.207    0.018125      0.0000     0.0000     0.0000       0     84      0    1.00    3.29    1.00      0       0       0       0   result_model_0
I    E     10   10   asym  0.000000    0.000000    0.000000    0.209    0.017520      0.0000     0.0000     0.0000       0     84      0    1.00    3.29    1.00      0       0       0       0   result_model_0
E    I     10   10   max   0.000000    0.000000    0.000000    0.209    0.018125      0.0000     0.0000     0.0000       0     84      0    1.00    3.29    1.00      0       0       0       0   result_model_0

E    J     10   10   asym  0.000000    0.000000    0.000000    0.170    0.015667      0.0000     0.0000     0.0000       0     84      0    1.00    3.29    1.00      0       0       0       0   result_model_0
J    E     10   10   asym  0.000000    0.000000    0.000000    0.176    0.015160      0.0000     0.0000     0.0000       0     84      0    1.00    3.29    1.00      0       0       0       0   result_model_0
E    J     10   10   max   0.000000    0.000000    0.000000    0.176    0.015667      0.0000     0.0000     0.0000       0     84      0    1.00    3.29    1.00      0       0       0       0   result_model_0

E    K     10   10   asym  0.000000    0.000000    0.000000    0.177    0.015815      0.0000     0.0000     0.0000       0     84      0    1.00    3.29    1.00      0       0       0       0   result_model_0
K    E     10   10   asym  0.000000    0.000000    0.000000    0.179    0.015540      0.0000     0.0000     0.0000       0     84      0    1.00    3.29    1.00      0       0       0       0   result_model_0
E    K     10   10   max   0.000000    0.000000    0.000000    0.179    0.015815      0.0000     0.0000     0.0000       0     84      0    1.00    3.29    1.00      0       0       0       0   result_model_0

E    L     10   10   asym  0.000000    0.000000    0.000000    0.159    0.014988      0.0000     0.0000     0.0000       0     84      0    1.00    3.29    1.00      0       0       0       0   result_model_0
L    E     10   10   asym  0.000000    0.000000    0.000000    0.165    0.014578      0.0000     0.0000     0.0000       0     84      0    1.00    3.29    1.00      0       0       0       0   result_model_0
E    L     10   10   max   0.000000    0.000000    0.000000    0.165    0.014988      0.0000     0.0000     0.0000       0     84      0    1.00    3.29    1.00      0       0       0       0   result_model_0

E    M     10   10   asym  0.000000    0.000000    0.000000    0.166    0.014861      0.0000     0.0000     0.0000       0     84      0    1.00    3.29    1.00      0       0       0       0   result_model_0
M    E     10   10   asym  0.000000    0.000000    0.000000    0.165    0.014879      0.0000     0.0000     0.0000       0     84      0    1.00    3.29    1.00      0       0       0       0   result_model_0
E    M     10   10   max   0.000000    0.000000    0.000000    0.166    0.014879      0.0000     0.0000     0.0000       0     84      0    1.00    3.29    1.00      0       0       0       0   result_model_0

E    N     10   10   asym  0.000000    0.000000    0.000000    0.150    0.014359      0.0000     0.0000     0.0000       0     84      0    1.00    3.29    1.00      0       0       0       0   result_model_0
N    E     10   10   asym  0.000000    0.000000    0.000000    0.155    0.014029      0.0000     0.0000     0.0000       0     84      0    1.00    3.29    1.00      0       0       0       0   result_model_0
E    N     10   10   max   0.000000    0.000000    0.000000    0.155    0.014359      0.0000     0.0000     0.0000       0     84      0    1.00    3.29    1.00      0       0       0       0   result_model_0

E    O     10   10   asym  0.000000    0.000000    0.000000    0.158    0.014128      0.0000     0.0000     0.0000       0     84      0    1.00    3.29    1.00      0       0       0       0   result_model_0
O    E     10   10   asym  0.000000    0.000000    0.000000    0.153    0.014398      0.0000     0.0000     0.0000       0     84      0    1.00    3.29    1.00      0       0       0       0   result_model_0
E    O     10   10   max   0.000000    0.000000    0.000000    0.158    0.014398      0.0000     0.0000     0.0000       0     84      0    1.00    3.29    1.00      0       0       0       0   result_model_0

E    P     10   10   asym  0.000000    0.000000    0.000000    0.143    0.013775      0.0000     0.0000     0.0000       0     84      0    1.00    3.29    1.00      0       0       0       0   result_model_0
P    E     10   10   asym  0.000000    0.000000    0.000000    0.145    0.013608      0.0000     0.0000     0.0000       0     84      0    1.00    3.29    1.00      0       0       0       0   result_model_0
E    P     10   10   max   0.000000    0.000000    0.000000    0.145    0.013775      0.0000     0.0000     0.0000       0     84      0    1.00    3.29    1.00      0       0       0       0   result_model_0

E    Q     10   10   asym  0.000000    0.000000    0.000000    0.147    0.013447      0.0000     0.0000     0.0000       0     84      0    1.00    3.29    1.00      0       0       0       0   result_model_0
Q    E     10   10   asym  0.000000    0.000000    0.000000    0.141    0.013803      0.0000     0.0000     0.0000       0     84      0    1.00    3.29    1.00      0       0       0       0   result_model_0
E    Q     10   10   max   0.000000    0.000000    0.000000    0.147    0.013803      0.0000     0.0000     0.0000       0     84      0    1.00    3.29    1.00      0       0       0       0   result_model_0

E    R     10   10   asym  0.000000    0.000000    0.000000    0.135    0.013190      0.0000     0.0000     0.0000       0     84      0    1.00    3.29    1.00      0       0       0       0   result_model_0
R    E     10   10   asym  0.000000    0.000000    0.000000    0.135    0.013143      0.0000     0.0000     0.0000       0     84      0    1.00    3.29    1.00      0       0       0       0   result_model_0
E    R     10   10   max   0.000000    0.000000    0.000000    0.135    0.013190      0.0000     0.0000     0.0000       0     84      0    1.00    3.29    1.00      0       0       0       0   result_model_0

E    S     10   10   asym  0.000000    0.000000    0.000000    0.133    0.012858      0.0000     0.0000     0.0000       0     84      0    1.00    3.29    1.00      0       0       0       0   result_model_0
S    E     10   10   asym  0.000000    0.000000    0.000000    0.130    0.013033      0.0000     0.0000     0.0000       0     84      0    1.00    3.29    1.00      0       0       0       0   result_model_0
E    S     10   10   max   0.000000    0.000000    0.000000    0.133    0.013033      0.0000     0.0000     0.0000       0     84      0    1.00    3.29    1.00      0       0       0       0   result_model_0

E    T     10   10   asym  0.000000    0.000000    0.000000    0.124    0.012643      0.0000     0.0000     0.0000       0     84      0    1.00    3.29    1.00      0       0       0       0   result_model_0
T    E     10   10   asym  0.000000    0.000000    0.000000    0.125    0.012551      0.0000     0.0000     0.0000       0     84      0    1.00    3.29    1.00      0       0       0       0   result_model_0
E    T     10   10   max   0.000000    0.000000    0.000000    0.125    0.012643      0.0000     0.0000     0.0000       0     84      0    1.00    3.29    1.00      0       0       0       0   result_model_0

F    G     10   10   asym  0.000000    0.000000    0.000000    0.201    0.017903      0.0192     0.0082     0.0000       0     84      0    1.00    3.29    1.00      0       0       0       0   result_model_0
G    F     10   10   asym  0.000000    0.000000    0.000000    0.212    0.017189      0.0192     0.0082     0.0000       0     84      0    1.00    3.29    1.00      0       0       0       0   result_model_0
F    G     10   10   max   0.000000    0.000000    0.000000    0.212    0.017903      0.0192     0.0082     0.0000       0     84      0    1.00    3.29    1.00      0       0       0       0   result_model_0

F    H     10   10   asym  0.000000    0.000000    0.000000    0.277    0.023402      0.0250     0.0087     0.0000       0     84      0    1.00    3.29    1.00      0       0       0       0   result_model_0
H    F     10   10   asym  0.000000    0.000000    0.000000    0.282    0.022545      0.0250     0.0087     0.0000       0     84      0    1.00    3.29    1.00      0       0       0       0   result_model_0
F    H     10   10   max   0.000000    0.000000    0.000000    0.282    0.023402      0.0250     0.0087     0.0000       0     84      0    1.00    3.29    1.00      0       0       0       0   result_model_0

F    I     10   10   asym  0.000000    0.000000    0.000000    0.188    0.016713      0.0000     0.0000     0.0000       0     84      0    1.00    3.29    1.00      0       0       0       0   result_model_0
I    F     10   10   asym  0.000000    0.000000    0.000000    0.193    0.016283      0.0000     0.0000     0.0000       0     84      0    1.00    3.29    1.00      0       0       0       0   result_model_0
F    I     10   10   max   0.000000    0.000000    0.000000    0.193    0.016713      0.0000     0.0000     0.0000       0     84      0    1.00    3.29    1.00      0       0       0       0   result_model_0

F    J     10   10   asym  0.000000    0.000000    0.000000    0.225    0.018891      0.0185     0.0080     0.0000       0     84      0    1.00    3.29    1.00      0       0       0       0   result_model_0
J    F     10   10   asym  0.000000    0.000000    0.000000    0.225    0.018695      0.0185     0.0080     0.0000       0     84      0    1.00    3.29    1.00      0       0       0       0   result_model_0
F    J     10   10   max   0.000000    0.000000    0.000000    0.225    0.018891      0.0185     0.0080     0.0000       0     84      0    1.00    3.29    1.00      0       0       0       0   result_model_0

F    K     10   10   asym  0.000000    0.000000    0.000000    0.171    0.015655      0.0000     0.0000     0.0000       0     84      0    1.00    3.29    1.00      0       0       0       0   result_model_0
K    F     10   10   asym  0.000000    0.000000    0.000000    0.177    0.015304      0.0000     0.0000     0.0000       0     84      0    1.00    3.29    1.00      0       0       0       0   result_model_0
F    K     10   10   max   0.000000    0.000000    0.000000    0.177    0.015655      0.0000     0.0000     0.0000       0     84      0    1.00    3.29    1.00      0       0       0       0   result_model_0

F    L     10   10   asym  0.000000    0.000000    0.000000    0.191    0.016395      0.0000     0.0000     0.0000       0     84      0    1.00    3.29    1.00      0       0       0       0   result_model_0
L    F     10   10   asym  0.000000    0.000000    0.000000    0.189    0.016316      0.0000     0.0000     0.0000       0     84      0    1.00    3.29    1.00      0       0       0       0   result_model_0
F    L     10   10   max   0.000000    0.000000    0.000000    0.191    0.016395      0.0000     0.0000     0.0000       0     84      0    1.00    3.29    1.00      0       0       0       0   result_model_0

F    M     10   10   asym  0.000000    0.000000    0.000000    0.163    0.015055      0.0000     0.0000     0.0000       0     84      0    1.00    3.29    1.00      0       0       0       0   result_model_0
M    F     10   10   asym  0.000000    0.000000    0.000000    0.168    0.014827      0.0000     0.0000     0.0000       0     84      0    1.00    3.29    1.00      0       0       0       0   result_model_0
F    M     10   10   max   0.000000    0.000000    0.000000    0.168    0.015055      0.0000     0.0000     0.0000       0     84      0    1.00    3.29    1.00      0       0       0       0   result_model_0

F    N     10   10   asym  0.000000    0.000000    0.000000    0.174    0.015208      0.0000     0.0000     0.0000       0     84      0    1.00    3.29    1.00      0       0       0       0   result_model_0
N    F     10   10   asym  0.000000    0.000000    0.000000    0.172    0.015322      0.0000     0.0000     0.0000       0     84      0    1.00    3.29    1.00      0       0       0       0   result_model_0
F    N     10   10   max   0.000000    0.000000    0.000000    0.174    0.015322      0.0000     0.0000     0.0000       0     84      0    1.00    3.29    1.00      0       0       0       0   result_model_0

F    O     10   10   asym  0.000000    0.000000    0.000000    0.155    0.014483      0.0000     0.0000     0.0000       0     84      0    1.00    3.29    1.00      0       0       0       0   result_model_0
O    F     10   10   asym  0.000000    0.000000    0.000000    0.158    0.014366      0.0000     0.0000     0.0000       0     84      0    1.00    3.29    1.00      0       0       0       0   result_model_0
F    O     10   10   max   0.000000    0.000000    0.000000    0.158    0.014483      0.0000     0.0000     0.0000       0     84      0    1.00    3.29    1.00      0       0       0       0   result_model_0

F    P     10   10   asym  0.000000    0.000000    0.000000    0.168    0.014541      0.0000     0.0000     0.0000       0     84      0    1.00    3.29    1.00      0       0       0       0   result_model_0
P    F     10   10   asym  0.000000    0.000000    0.000000    0.161    0.014968      0.0000     0.0000     0.0000       0     84      0    1.00    3.29    1.00      0       0       0       0   result_model_0
F    P     10   10   max   0.000000    0.000000    0.000000    0.168    0.014968      0.0000     0.0000     0.0000       0     84      0    1.00    3.29    1.00      0       0       0       0   result_model_0

F    Q     10   10   asym  0.000000    0.000000    0.000000    0.147    0.013873      0.0000     0.0000     0.0000       0     84      0    1.00    3.29    1.00      0       0       0       0   result_model_0
Q    F     10   10   asym  0.000000    0.000000    0.000000    0.148    0.013839      0.0000     0.0000     0.0000       0     84      0    1.00    3.29    1.00      0       0       0       0   result_model_0
F    Q     10   10   max   0.000000    0.000000    0.000000    0.148    0.013873      0.0000     0.0000     0.0000       0     84      0    1.00    3.29    1.00      0       0       0       0   result_model_0

F    R     10   10   asym  0.000000    0.000000    0.000000    0.157    0.013889      0.0000     0.0000     0.0000       0     84      0    1.00    3.29    1.00      0       0       0       0   result_model_0
R    F     10   10   asym  0.000000    0.000000    0.000000    0.149    0.014367      0.0000     0.0000     0.0000       0     84      0    1.00    3.29    1.00      0       0       0       0   result_model_0
F    R     10   10   max   0.000000    0.000000    0.000000    0.157    0.014367      0.0000     0.0000     0.0000       0     84      0    1.00    3.29    1.00      0       0       0       0   result_model_0

F    S     10   10   asym  0.000000    0.000000    0.000000    0.135    0.013274      0.0000     0.0000     0.0000       0     84      0    1.00    3.29    1.00      0       0       0       0   result_model_0
S    F     10   10   asym  0.000000    0.000000    0.000000    0.137    0.013157      0.0000     0.0000     0.0000       0     84      0    1.00    3.29    1.00      0       0       0       0   result_model_0
F    S     10   10   max   0.000000    0.000000    0.000000    0.137    0.013274      0.0000     0.0000     0.0000       0     84      0    1.00    3.29    1.00      0       0       0       0   result_model_0

F    T     10   10   asym  0.000000    0.000000    0.000000    0.141    0.013281      0.0000     0.0000     0.0000       0     84      0    1.00    3.29    1.00      0       0       0       0   result_model_0
T    F     10   10   asym  0.000000    0.000000    0.000000    0.138    0.013481      0.0000     0.0000     0.0000       0     84      0    1.00    3.29    1.00      0       0       0       0   result_model_0
F    T     10   10   max   0.000000    0.000000    0.000000    0.141    0.013481      0.0000     0.0000     0.0000       0     84      0    1.00    3.29    1.00      0       0       0       0   result_model_0

G    H     10   10   asym  0.000000    0.000000    0.000000    0.207    0.017607      0.0194     0.0082     0.0000       0     84      0    1.00    3.29    1.00      0       0       0       0   result_model_0
H    G     10   10   asym  0.000000    0.000000    0.000000    0.207    0.017540      0.0194     0.0082     0.0000       0     84      0    1.00    3.29    1.00      0       0       0       0   result_model_0
G    H     10   10   max   0.000000    0.000000    0.000000    0.207    0.017607      0.0194     0.0082     0.0000       0     84      0    1.00    3.29    1.00      0       0       0       0   result_model_0

G    I     10   10   asym  0.000000    0.000000    0.000000    0.264    0.021810      0.0247     0.0086     0.0000       0     84      0    1.00    3.29    1.00      0       0       0       0   result_model_0
I    G     10   10   asym  0.000000    0.000000    0.000000    0.262    0.021406      0.0247     0.0086     0.0000       0     84      0    1.00    3.29    1.00      0       0       0       0   result_model_0
G    I     10   10   max   0.000000    0.000000    0.000000    0.264    0.021810      0.0247     0.0086     0.0000       0     84      0    1.00    3.29    1.00      0       0       0       0   result_model_0

G    J     10   10   asym  0.000000    0.000000    0.000000    0.192    0.016553      0.0183     0.0081     0.0000       0     84      0    1.00    3.29    1.00      0       0       0       0   result_model_0
J    G     10   10   asym  0.000000    0.000000    0.000000    0.191    0.016581      0.0183     0.0080     0.0000       0     84      0    1.00    3.29    1.00      0       0       0       0   result_model_0
G    J     10   10   max   0.000000    0.000000    0.000000    0.192    0.016581      0.0183     0.0081     0.0000       0     84      0    1.00    3.29    1.00      0       0       0       0   result_model_0

G    K     10   10   asym  0.000000    0.000000    0.000000    0.214    0.017701      0.0186     0.0080     0.0000       0     84      0    1.00    3.29    1.00      0       0       0       0   result_model_0
K    G     10   10   asym  0.000000    0.000000    0.000000    0.208    0.017835      0.0186     0.0080     0.0000       0     84      0    1.00    3.29    1.00      0       0       0       0   result_model_0
G    K     10   10   max   0.000000    0.000000    0.000000    0.214    0.017835      0.0186     0.0080     0.0000       0     84      0    1.00    3.29    1.00      0       0       0       0   result_model_0

G    L     10   10   asym  0.000000    0.000000    0.000000    0.177    0.015632      0.0000     0.0000     0.0000       0     84      0    1.00    3.29    1.00      0       0       0       0   result_model_0
L    G     10   10   asym  0.000000    0.000000    0.000000    0.177    0.015598      0.0000     0.0000     0.0000       0     84      0    1.00    3.29    1.00      0       0       0       0   result_model_0
G    L     10   10   max   0.000000    0.000000    0.000000    0.177    0.015632      0.0000     0.0000     0.0000       0     84      0    1.00    3.29    1.00      0       0       0       0   result_model_0

G    M     10   10   asym  0.000000    0.000000    0.000000    0.188    0.015874      0.0000     0.0000     0.0000       0     84      0    1.00    3.29    1.00      0       0       0       0   result_model_0
M    G     10   10   asym  0.000000    0.000000    0.000000    0.182    0.016169      0.0000     0.0000     0.0000       0     84      0    1.00    3.29    1.00      0       0       0       0   result_model_0
G    M     10   10   max   0.000000    0.000000    0.000000    0.188    0.016169      0.0000     0.0000     0.0000       0     84      0    1.00    3.29    1.00      0       0       0       0   result_model_0

G    N     10   10   asym  0.000000    0.000000    0.000000    0.167    0.014959      0.0000     0.0000     0.0000       0     84      0    1.00    3.29    1.00      0       0       0       0   result_model_0
N    G     10   10   asym  0.000000    0.000000    0.000000    0.166    0.015043      0.0000     0.0000     0.0000       0     84      0    1.00    3.29    1.00      0       0       0       0   result_model_0
G    N     10   10   max   0.000000    0.000000    0.000000    0.167    0.015043      0.0000     0.0000     0.0000       0     84      0    1.00    3.29    1.00      0       0       0       0   result_model_0

G    O     10   10   asym  0.000000    0.000000    0.000000    0.175    0.014924      0.0000     0.0000     0.0000       0     84      0    1.00    3.29    1.00      0       0       0       0   result_model_0
O    G     10   10   asym  0.000000    0.000000    0.000000    0.168    0.015424      0.0000     0.0000     0.0000       0     84      0    1.00    3.29    1.00      0       0       0       0   result_model_0
G    O     10   10   max   0.000000    0.000000    0.000000    0.175    0.015424      0.0000     0.0000     0.0000       0     84      0    1.00    3.29    1.00      0       0       0       0   result_model_0

G    P     10   10   asym  0.000000    0.000000    0.000000    0.160    0.014479      0.0000     0.0000     0.0000       0     84      0    1.00    3.29    1.00      0       0       0       0   result_model_0
P    G     10   10   asym  0.000000    0.000000    0.000000    0.158    0.014659      0.0000     0.0000     0.0000       0     84      0    1.00    3.29    1.00      0       0       0       0   result_model_0
G    P     10   10   max   0.000000    0.000000    0.000000    0.160    0.014659      0.0000     0.0000     0.0000       0     84      0    1.00    3.29    1.00      0       0       0       0   result_model_0

G    Q     10   10   asym  0.000000    0.000000    0.000000    0.167    0.014295      0.0000     0.0000     0.0000       0     84      0    1.00    3.29    1.00      0       0       0       0   result_model_0
Q    G     10   10   asym  0.000000    0.000000    0.000000    0.157    0.014986      0.0000     0.0000     0.0000       0     84      0    1.00    3.29    1.00      0       0       0       0   result_model_0
G    Q     10   10   max   0.000000    0.000000    0.000000    0.167    0.014986      0.0000     0.0000     0.0000       0     84      0    1.00    3.29    1.00      0       0       0       0   result_model_0

G    R     10   10   asym  0.000000    0.000000    0.000000    0.149    0.013895      0.0000     0.0000     0.0000       0     84      0    1.00    3.29    1.00      0       0       0       0   result_model_0
R    G     10   10   asym  0.000000    0.000000    0.000000    0.148    0.014011      0.0000     0.0000     0.0000       0     84      0    1.00    3.29    1.00      0       0       0       0   result_model_0
G    R     10   10   max   0.000000    0.000000    0.000000    0.149    0.014011      0.0000     0.0000     0.0000       0     84      0    1.00    3.29    1.00      0       0       0       0   result_model_0

G    S     10   10   asym  0.000000    0.000000    0.000000    0.152    0.013655      0.0000     0.0000     0.0000       0     84      0    1.00    3.29    1.00      0       0       0       0   result_model_0
S    G     10   10   asym  0.000000    0.000000    0.000000    0.145    0.014111      0.0000     0.0000     0.0000       0     84      0    1.00    3.29    1.00      0       0       0       0   result_model_0
G    S     10   10   max   0.000000    0.000000    0.000000    0.152    0.014111      0.0000     0.0000     0.0000       0     84      0    1.00    3.29    1.00      0       0       0       0   result_model_0

G    T     10   10   asym  0.000000    0.000000    0.000000    0.136    0.013296      0.0000     0.0000     0.0000       0     84      0    1.00    3.29    1.00      0       0       0       0   result_model_0
T    G     10   10   asym  0.000000    0.000000    0.000000    0.137    0.013270      0.0000     0.0000     0.0000       0     84      0    1.00    3.29    1.00      0       0       0       0   result_model_0
G    T     10   10   max   0.000000    0.000000    0.000000    0.137    0.013296      0.0000     0.0000     0.0000       0     84      0    1.00    3.29    1.00      0       0       0       0   result_model_0

H    I     10   10   asym  0.000000    0.000000    0.000000    0.198    0.017441      0.0191     0.0082     0.0000       0     84      0    1.00    3.29    1.00      0       0       0       0   result_model_0
I    H     10   10   asym  0.000000    0.000000    0.000000    0.204    0.017018      0.0191     0.0081     0.0000       0     84      0    1.00    3.29    1.00      0       0       0       0   result_model_0
H    I     10   10   max   0.000000    0.000000    0.000000    0.204    0.017441      0.0191     0.0082     0.0000       0     84      0    1.00    3.29    1.00      0       0       0       0   result_model_0

H    J     10   10   asym  0.000000    0.000000    0.000000    0.261    0.021389      0.0245     0.0085     0.0000       0     84      0    1.00    3.29    1.00      0       0       0       0   result_model_0
J    H     10   10   asym  0.000000    0.000000    0.000000    0.260    0.021160      0.0245     0.0085     0.0000       0     84      0    1.00    3.29    1.00      0       0       0       0   result_model_0
H    J     10   10   max   0.000000    0.000000    0.000000    0.261    0.021389      0.0245     0.0085     0.0000       0     84      0    1.00    3.29    1.00      0       0       0       0   result_model_0

H    K     10   10   asym  0.000000    0.000000    0.000000    0.184    0.016213      0.0000     0.0000     0.0000       0     84      0    1.00    3.29    1.00      0       0       0       0   result_model_0
K    H     10   10   asym  0.000000    0.000000    0.000000    0.186    0.016090      0.0000     0.0000     0.0000       0     84      0    1.00    3.29    1.00      0       0       0       0   result_model_0
H    K     10   10   max   0.000000    0.000000    0.000000    0.186    0.016213      0.0000     0.0000     0.0000       0     84      0    1.00    3.29    1.00      0       0       0       0   result_model_0

H    L     10   10   asym  0.000000    0.000000    0.000000    0.212    0.017535      0.0185     0.0079     0.0000       0     84      0    1.00    3.29    1.00      0       0       0       0   result_model_0
L    H     10   10   asym  0.000000    0.000000    0.000000    0.207    0.017732      0.0185     0.0079     0.0000       0     84      0    1.00    3.29    1.00      0       0       0       0   result_model_0
H    L     10   10   max   0.000000    0.000000    0.000000    0.212    0.017732      0.0185     0.0079     0.0000       0     84      0    1.00    3.29    1.00      0       0       0       0   result_model_0

H    M     10   10   asym  0.000000    0.000000    0.000000    0.170    0.015318      0.0000     0.0000     0.0000       0     84      0    1.00    3.29    1.00      0       0       0       0   result_model_0
M    H     10   10   asym  0.000000    0.000000    0.000000    0.173    0.015270      0.0000     0.0000     0.0000       0     84      0    1.00    3.29    1.00      0       0       0       0   result_model_0
H    M     10   10   max   0.000000    0.000000    0.000000    0.173    0.015318      0.0000     0.0000     0.0000       0     84      0    1.00    3.29    1.00      0       0       0       0   result_model_0

H    N     10   10   asym  0.000000    0.000000    0.000000    0.187    0.015790      0.0000     0.0000     0.0000       0     84      0    1.00    3.29    1.00      0       0       0       0   result_model_0
N    H     10   10   asym  0.000000    0.000000    0.000000    0.182    0.016116      0.0000     0.0000     0.0000       0     84      0    1.00    3.29    1.00      0       0       0       0   result_model_0
H    N     10   10   max   0.000000    0.000000    0.000000    0.187    0.016116      0.0000     0.0000     0.0000       0     84      0    1.00    3.29    1.00      0       0       0       0   result_model_0

H    O     10   10   asym  0.000000    0.000000    0.000000    0.163    0.014743      0.0000     0.0000     0.0000       0     84      0    1.00    3.29    1.00      0       0       0       0   result_model_0
O    H     10   10   asym  0.000000    0.000000    0.000000    0.163    0.014856      0.0000     0.0000     0.0000       0     84      0    1.00    3.29    1.00      0       0       0       0   result_model_0
H    O     10   10   max   0.000000    0.000000    0.000000    0.163    0.014856      0.0000     0.0000     0.0000       0     84      0    1.00    3.29    1.00      0       0       0       0   result_model_0

H    P     10   10   asym  0.000000    0.000000    0.000000    0.175    0.014878      0.0000     0.0000     0.0000       0     84      0    1.00    3.29    1.00      0       0       0       0   result_model_0
P    H     10   10   asym  0.000000    0.000000    0.000000    0.167    0.015406      0.0000     0.0000     0.0000       0     84      0    1.00    3.29    1.00      0       0       0       0   result_model_0
H    P     10   10   max   0.000000    0.000000    0.000000    0.175    0.015406      0.0000     0.0000     0.0000       0     84      0    1.00    3.29    1.00      0       0       0       0   result_model_0

H    Q     10   10   asym  0.000000    0.000000    0.000000    0.154    0.014169      0.0000     0.0000     0.0000       0     84      0    1.00    3.29    1.00      0       0       0       0   result_model_0
Q    H     10   10   asym  0.000000    0.000000    0.000000    0.153    0.014254      0.0000     0.0000     0.0000       0     84      0    1.00    3.29    1.00      0       0       0       0   result_model_0
H    Q     10   10   max   0.000000    0.000000    0.000000    0.154    0.014254      0.0000     0.0000     0.0000       0     84      0    1.00    3.29    1.00      0       0       0       0   result_model_0

H    R     10   10   asym  0.000000    0.000000    0.000000    0.166    0.014223      0.0000     0.0000     0.0000       0     84      0    1.00    3.29    1.00      0       0       0       0   result_model_0
R    H     10   10   asym  0.000000    0.000000    0.000000    0.156    0.014916      0.0000     0.0000     0.0000       0     84      0    1.00    3.29    1.00      0       0       0       0   result_model_0
H    R     10   10   max   0.000000    0.000000    0.000000    0.166    0.014916      0.0000     0.0000     0.0000       0     84      0    1.00    3.29    1.00      0       0       0       0   result_model_0

H    S     10   10   asym  0.000000    0.000000    0.000000    0.141    0.013557      0.0000     0.0000     0.0000       0     84      0    1.00    3.29    1.00      0       0       0       0   result_model_0
S    H     10   10   asym  0.000000    0.000000    0.000000    0.143    0.013535      0.0000     0.0000     0.0000       0     84      0    1.00    3.29    1.00      0       0       0       0   result_model_0
H    S     10   10   max   0.000000    0.000000    0.000000    0.143    0.013557      0.0000     0.0000     0.0000       0     84      0    1.00    3.29    1.00      0       0       0       0   result_model_0

H    T     10   10   asym  0.000000    0.000000    0.000000    0.150    0.013595      0.0000     0.0000     0.0000       0     84      0    1.00    3.29    1.00      0       0       0       0   result_model_0
T    H     10   10   asym  0.000000    0.000000    0.000000    0.144    0.014032      0.0000     0.0000     0.0000       0     84      0    1.00    3.29    1.00      0       0       0       0   result_model_0
H    T     10   10   max   0.000000    0.000000    0.000000    0.150    0.014032      0.0000     0.0000     0.0000       0     84      0    1.00    3.29    1.00      0       0       0       0   result_model_0

I    J     10   10   asym  0.000000    0.000000    0.000000    0.203    0.017317      0.0194     0.0082     0.0000       0     84      0    1.00    3.29    1.00      0       0       0       0   result_model_0
J    I     10   10   asym  0.000000    0.000000    0.000000    0.203    0.017245      0.0194     0.0082     0.0000       0     84      0    1.00    3.29    1.00      0       0       0       0   result_model_0
I    J     10   10   max   0.000000    0.000000    0.000000    0.203    0.017317      0.0194     0.0082     0.0000       0     84      0    1.00    3.29    1.00      0       0       0       0   result_model_0

I    K     10   10   asym  0.000000    0.000000    0.000000    0.251    0.020547      0.0244     0.0084     0.0000       0     84      0    1.00    3.29    1.00      0       0       0       0   result_model_0
K    I     10   10   asym  0.000000    0.000000    0.000000    0.251    0.020343      0.0244     0.0084     0.0000       0     84      0    1.00    3.29    1.00      0       0       0       0   result_model_0
I    K     10   10   max   0.000000    0.000000    0.000000    0.251    0.020547      0.0244     0.0084     0.0000       0     84      0    1.00    3.29    1.00      0       0       0       0   result_model_0

I    L     10   10   asym  0.000000    0.000000    0.000000    0.189    0.016227      0.0183     0.0080     0.0000       0     84      0    1.00    3.29    1.00      0       0       0       0   result_model_0
L    I     10   10   asym  0.000000    0.000000    0.000000    0.187    0.016367      0.0183     0.0080     0.0000       0     84      0    1.00    3.29    1.00      0       0       0       0   result_model_0
I    L     10   10   max   0.000000    0.000000    0.000000    0.189    0.016367      0.0183     0.0080     0.0000       0     84      0    1.00    3.29    1.00      0       0       0       0   result_model_0

I    M     10   10   asym  0.000000    0.000000    0.000000    0.211    0.017336      0.0185     0.0079     0.0000       0     84      0    1.00    3.29    1.00      0       0       0       0   result_model_0
M    I     10   10   asym  0.000000    0.000000    0.000000    0.204    0.017698      0.0185     0.0079     0.0000       0     84      0    1.00    3.29    1.00      0       0       0       0   result_model_0
I    M     10   10   max   0.000000    0.000000    0.000000    0.211    0.017698      0.0185     0.0079     0.0000       0     84      0    1.00    3.29    1.00      0       0       0       0   result_model_0

I    N     10   10   asym  0.000000    0.000000    0.000000    0.175    0.015390      0.0000     0.0000     0.0000       0     84      0    1.00    3.29    1.00      0       0       0       0   result_model_0
N    I     10   10   asym  0.000000    0.000000    0.000000    0.174    0.015539      0.0000     0.0000     0.0000       0     84      0    1.00    3.29    1.00      0       0       0       0   result_model_0
I    N     10   10   max   0.000000    0.000000    0.000000    0.175    0.015539      0.0000     0.0000     0.0000       0     84      0    1.00    3.29    1.00      0       0       0       0   result_model_0

I    O     10   10   asym  0.000000    0.000000    0.000000    0.190    0.015797      0.0000     0.0000     0.0000       0     84      0    1.00    3.29    1.00      0       0       0       0   result_model_0
O    I     10   10   asym  0.000000    0.000000    0.000000    0.182    0.016402      0.0000     0.0000     0.0000       0     84      0    1.00    3.29    1.00      0       0       0       0   result_model_0
I    O     10   10   max   0.000000    0.000000    0.000000    0.190    0.016402      0.0000     0.0000     0.0000       0     84      0    1.00    3.29    1.00      0       0       0       0   result_model_0

I    P     10   10   asym  0.000000    0.000000    0.000000    0.167    0.014736      0.0000     0.0000     0.0000       0     84      0    1.00    3.29    1.00      0       0       0       0   result_model_0
P    I     10   10   asym  0.000000    0.000000    0.000000    0.164    0.015067      0.0000     0.0000     0.0000       0     84      0    1.00    3.29    1.00      0       0       0       0   result_model_0
I    P     10   10   max   0.000000    0.000000    0.000000    0.167    0.015067      0.0000     0.0000     0.0000       0     84      0    1.00    3.29    1.00      0       0       0       0   result_model_0

I    Q     10   10   asym  0.000000    0.000000    0.000000    0.176    0.014874      0.0000     0.0000     0.0000       0     84      0    1.00    3.29    1.00      0       0       0       0   result_model_0
Q    I     10   10   asym  0.000000    0.000000    0.000000    0.167    0.015556      0.0000     0.0000     0.0000       0     84      0    1.00    3.29    1.00      0       0       0       0   result_model_0
I    Q     10   10   max   0.000000    0.000000    0.000000    0.176    0.015556      0.0000     0.0000     0.0000       0     84      0    1.00    3.29    1.00      0       0       0       0   result_model_0

I    R     10   10   asym  0.000000    0.000000    0.000000    0.157    0.014204      0.0000     0.0000     0.0000       0     84      0    1.00    3.29    1.00      0       0       0       0   result_model_0
R    I     10   10   asym  0.000000    0.000000    0.000000    0.154    0.014504      0.0000     0.0000     0.0000       0     84      0    1.00    3.29    1.00      0       0       0       0   result_model_0
I    R     10   10   max   0.000000    0.000000    0.000000    0.157    0.014504      0.0000     0.0000     0.0000       0     84      0    1.00    3.29    1.00      0       0       0       0   result_model_0

I    S     10   10   asym  0.000000    0.000000    0.000000    0.163    0.014150      0.0000     0.0000     0.0000       0     84      0    1.00    3.29    1.00      0       0       0       0   result_model_0
S    I     10   10   asym  0.000000    0.000000    0.000000    0.154    0.014779      0.0000     0.0000     0.0000       0     84      0    1.00    3.29    1.00      0       0       0       0   result_model_0
I    S     10   10   max   0.000000    0.000000    0.000000    0.163    0.014779      0.0000     0.0000     0.0000       0     84      0    1.00    3.29    1.00      0       0       0       0   result_model_0

I    T     10   10   asym  0.000000    0.000000    0.000000    0.143    0.013575      0.0000     0.0000     0.0000       0     84      0    1.00    3.29    1.00      0       0       0       0   result_model_0
T    I     10   10   asym  0.000000    0.000000    0.000000    0.143    0.013703      0.0000     0.0000     0.0000       0     84      0    1.00    3.29    1.00      0       0       0       0   result_model_0
I    T     10   10   max   0.000000    0.000000    0.000000    0.143    0.013703      0.0000     0.0000     0.0000       0     84      0    1.00    3.29    1.00      0       0       0       0   result_model_0

J    K     10   10   asym  0.000000    0.000000    0.000000    0.196    0.017112      0.0191     0.0081     0.0000       0     84      0    1.00    3.29    1.00      0       0       0       0   result_model_0
K    J     10   10   asym  0.000000    0.000000    0.000000    0.201    0.016912      0.0191     0.0081     0.0000       0     84      0    1.00    3.29    1.00      0       0       0       0   result_model_0
J    K     10   10   max   0.000000    0.000000    0.000000    0.201    0.017112      0.0191     0.0081     0.0000       0     84      0    1.00    3.29    1.00      0       0       0       0   result_model_0

J    L     10   10   asym  0.000000    0.000000    0.000000    0.252    0.020396      0.0243     0.0084     0.0000       0     84      0    1.00    3.29    1.00      0       0       0       0   result_model_0
L    J     10   10   asym  0.000000    0.000000    0.000000    0.249    0.020320      0.0243     0.0084     0.0000       0     84      0    1.00    3.29    1.00      0       0       0       0   result_model_0
J    L     10   10   max   0.000000    0.000000    0.000000    0.252    0.020396      0.0243     0.0084     0.0000       0     84      0    1.00    3.29    1.00      0       0       0       0   result_model_0

J    M     10   10   asym  0.000000    0.000000    0.000000    0.183    0.015999      0.0000     0.0000     0.0000       0     84      0    1.00    3.29    1.00      0       0       0       0   result_model_0
M    J     10   10   asym  0.000000    0.000000    0.000000    0.184    0.016029      0.0000     0.0000     0.0000       0     84      0    1.00    3.29    1.00      0       0       0       0   result_model_0
J    M     10   10   max   0.000000    0.000000    0.000000    0.184    0.016029      0.0000     0.0000     0.0000       0     84      0    1.00    3.29    1.00      0       0       0       0   result_model_0

J    N     10   10   asym  0.000000    0.000000    0.000000    0.211    0.017245      0.0185     0.0079     0.0000       0     84      0    1.00    3.29    1.00      0       0       0       0   result_model_0
N    J     10   10   asym  0.000000    0.000000    0.000000    0.204    0.017679      0.0185     0.0079     0.0000       0     84      0    1.00    3.29    1.00      0       0       0       0   result_model_0
J    N     10   10   max   0.000000    0.000000    0.000000    0.211    0.017679      0.0185     0.0079     0.0000       0     84      0    1.00    3.29    1.00      0       0       0       0   result_model_0

J    O     10   10   asym  0.000000    0.000000    0.000000    0.171    0.015118      0.0000     0.0000     0.0000       0     84      0    1.00    3.29    1.00      0       0       0       0   result_model_0
O    J     10   10   asym  0.000000    0.000000    0.000000    0.171    0.015292      0.0000     0.0000     0.0000       0     84      0    1.00    3.29    1.00      0       0       0       0   result_model_0
J    O     10   10   max   0.000000    0.000000    0.000000    0.171    0.015292      0.0000     0.0000     0.0000       0     84      0    1.00    3.29    1.00      0       0       0       0   result_model_0

J    P     10   10   asym  0.000000    0.000000    0.000000    0.191    0.015721      0.0000     0.0000     0.0000       0     84      0    1.00    3.29    1.00      0       0       0       0   result_model_0
P    J     10   10   asym  0.000000    0.000000    0.000000    0.182    0.016452      0.0000     0.0000     0.0000       0     84      0    1.00    3.29    1.00      0       0       0       0   result_model_0
J    P     10   10   max   0.000000    0.000000    0.000000    0.191    0.016452      0.0000     0.0000     0.0000       0     84      0    1.00    3.29    1.00      0       0       0       0   result_model_0

J    Q     10   10   asym  0.000000    0.000000    0.000000    0.161    0.014504      0.0000     0.0000     0.0000       0     84      0    1.00    3.29    1.00      0       0       0       0   result_model_0
Q    J     10   10   asym  0.000000    0.000000    0.000000    0.160    0.014735      0.0000     0.0000     0.0000       0     84      0    1.00    3.29    1.00      0       0       0       0   result_model_0
J    Q     10   10   max   0.000000    0.000000    0.000000    0.161    0.014735      0.0000     0.0000     0.0000       0     84      0    1.00    3.29    1.00      0       0       0       0   result_model_0

J    R     10   10   asym  0.000000    0.000000    0.000000    0.177    0.014822      0.0000     0.0000     0.0000       0     84      0    1.00    3.29    1.00      0       0       0       0   result_model_0
R    J     10   10   asym  0.000000    0.000000    0.000000    0.167    0.015589      0.0000     0.0000     0.0000       0     84      0    1.00    3.29    1.00      0       0       0       0   result_model_0
J    R     10   10   max   0.000000    0.000000    0.000000    0.177    0.015589      0.0000     0.0000     0.0000       0     84      0    1.00    3.29    1.00      0       0       0       0   result_model_0

J    S     10   10   asym  0.000000    0.000000    0.000000    0.147    0.013894      0.0000     0.0000     0.0000       0     84      0    1.00    3.29    1.00      0       0       0       0   result_model_0
S    J     10   10   asym  0.000000    0.000000    0.000000    0.149    0.013949      0.0000     0.0000     0.0000       0     84      0    1.00    3.29    1.00      0       0       0       0   result_model_0
J    S     10   10   max   0.000000    0.000000    0.000000    0.149    0.013949      0.0000     0.0000     0.0000       0     84      0    1.00    3.29    1.00      0       0       0       0   result_model_0

J    T     10   10   asym  0.000000    0.000000    0.000000    0.162    0.014080      0.0000     0.0000     0.0000       0     84      0    1.00    3.29    1.00      0       0       0       0   result_model_0
T    J     10   10   asym  0.000000    0.000000    0.000000    0.153    0.014686      0.0000     0.0000     0.0000       0     84      0    1.00    3.29    1.00      0       0       0       0   result_model_0
J    T     10   10   max   0.000000    0.000000    0.000000    0.162    0.014686      0.0000     0.0000     0.0000       0     84      0    1.00    3.29    1.00      0       0       0       0   result_model_0

K    L     10   10   asym  0.000000    0.000000    0.000000    0.201    0.017044      0.0194     0.0082     0.0000       0     84      0    1.00    3.29    1.00      0       0       0       0   result_model_0
L    K     10   10   asym  0.000000    0.000000    0.000000    0.200    0.017045      0.0194     0.0082     0.0000       0     84      0    1.00    3.29    1.00      0       0       0       0   result_model_0
K    L     10   10   max   0.000000    0.000000    0.000000    0.201    0.017045      0.0194     0.0082     0.0000       0     84      0    1.00    3.29    1.00      0       0       0       0   result_model_0

K    M     10   10   asym  0.000000    0.000000    0.000000    0.256    0.020656      0.0245     0.0084     0.0000       0     84      0    1.00    3.29    1.00      0       0       0       0   result_model_0
M    K     10   10   asym  0.000000    0.000000    0.000000    0.255    0.020632      0.0245     0.0085     0.0000       0     84      0    1.00    3.29    1.00      0       0       0       0   result_model_0
K    M     10   10   max   0.000000    0.000000    0.000000    0.256    0.020656      0.0245     0.0085     0.0000       0     84      0    1.00    3.29    1.00      0       0       0       0   result_model_0

K    N     10   10   asym  0.000000    0.000000    0.000000    0.188    0.015990      0.0183     0.0080     0.0000       0     84      0    1.00    3.29    1.00      0       0       0       0   result_model_0
N    K     10   10   asym  0.000000    0.000000    0.000000    0.185    0.016291      0.0183     0.0080     0.0000       0     84      0    1.00    3.29    1.00      0       0       0       0   result_model_0
K    N     10   10   max   0.000000    0.000000    0.000000    0.188    0.016291      0.0183     0.0080     0.0000       0     84      0    1.00    3.29    1.00      0       0       0       0   result_model_0

K    O     10   10   asym  0.000000    0.000000    0.000000    0.221    0.017608      0.0185     0.0079     0.0000       0     84      0    1.00    3.29    1.00      0       0       0       0   result_model_0
O    K     10   10   asym  0.000000    0.000000    0.000000    0.210    0.018391      0.0185     0.0080     0.0000       0     84      0    1.00    3.29    1.00      0       0       0       0   result_model_0
K    O     10   10   max   0.000000    0.000000    0.000000    0.221    0.018391      0.0185     0.0080     0.0000       0     84      0    1.00    3.29    1.00      0       0       0       0   result_model_0

K    P     10   10   asym  0.000000    0.000000    0.000000    0.177    0.015159      0.0000     0.0000     0.0000       0     84      0    1.00    3.29    1.00      0       0       0       0   result_model_0
P    K     10   10   asym  0.000000    0.000000    0.000000    0.172    0.015602      0.0000     0.0000     0.0000       0     84      0    1.00    3.29    1.00      0       0       0       0   result_model_0
K    P     10   10   max   0.000000    0.000000    0.000000    0.177    0.015602      0.0000     0.0000     0.0000       0     84      0    1.00    3.29    1.00      0       0       0       0   result_model_0

K    Q     10   10   asym  0.000000    0.000000    0.000000    0.200    0.016036      0.0000     0.0000     0.0000       0     84      0    1.00    3.29    1.00      0       0       0       0   result_model_0
Q    K     10   10   asym  0.000000    0.000000    0.000000    0.186    0.017075      0.0000     0.0000     0.0000       0     84      0    1.00    3.29    1.00      0       0       0       0   result_model_0
K    Q     10   10   max   0.000000    0.000000    0.000000    0.200    0.017075      0.0000     0.0000     0.0000       0     84      0    1.00    3.29    1.00      0       0       0       0   result_model_0

K    R     10   10   asym  0.000000    0.000000    0.000000    0.165    0.014437      0.0000     0.0000     0.0000       0     84      0    1.00    3.29    1.00      0       0       0       0   result_model_0
R    K     10   10   asym  0.000000    0.000000    0.000000    0.159    0.014916      0.0000     0.0000     0.0000       0     84      0    1.00    3.29    1.00      0       0       0       0   result_model_0
K    R     10   10   max   0.000000    0.000000    0.000000    0.165    0.014916      0.0000     0.0000     0.0000       0     84      0    1.00    3.29    1.00      0       0       0       0   result_model_0

K    S     10   10   asym  0.000000    0.000000    0.000000    0.176    0.014888      0.0000     0.0000     0.0000       0     84      0    1.00    3.29    1.00      0       0       0       0   result_model_0
S    K     10   10   asym  0.000000    0.000000    0.000000    0.167    0.015670      0.0000     0.0000     0.0000       0     84      0    1.00    3.29    1.00      0       0       0       0   result_model_0
K    S     10   10   max   0.000000    0.000000    0.000000    0.176    0.015670      0.0000     0.0000     0.0000       0     84      0    1.00    3.29    1.00      0       0       0       0   result_model_0

K    T     10   10   asym  0.000000    0.000000    0.000000    0.151    0.013864      0.0000     0.0000     0.0000       0     84      0    1.00    3.29    1.00      0       0       0       0   result_model_0
T    K     10   10   asym  0.000000    0.000000    0.000000    0.149    0.014152      0.0000     0.0000     0.0000       0     84      0    1.00    3.29    1.00      0       0       0       0   result_model_0
K    T     10   10   max   0.000000    0.000000    0.000000    0.151    0.014152      0.0000     0.0000     0.0000       0     84      0    1.00    3.29    1.00      0       0       0       0   result_model_0

L    M     10   10   asym  0.000000    0.000000    0.000000    0.196    0.016947      0.0192     0.0081     0.0000       0     84      0    1.00    3.29    1.00      0       0       0       0   result_model_0
M    L     10   10   asym  0.000000    0.000000    0.000000    0.200    0.016804      0.0192     0.0081     0.0000       0     84      0    1.00    3.29    1.00      0       0       0       0   result_model_0
L    M     10   10   max   0.000000    0.000000    0.000000    0.200    0.016947      0.0192     0.0081     0.0000       0     84      0    1.00    3.29    1.00      0       0       0       0   result_model_0

L    N     10   10   asym  0.000000    0.000000    0.000000    0.258    0.020692      0.0244     0.0084     0.0000       0     84      0    1.00    3.29    1.00      0       0       0       0   result_model_0
N    L     10   10   asym  0.000000    0.000000    0.000000    0.255    0.020710      0.0244     0.0085     0.0000       0     84      0    1.00    3.29    1.00      0       0       0       0   result_model_0
L    N     10   10   max   0.000000    0.000000    0.000000    0.258    0.020710      0.0244     0.0085     0.0000       0     84      0    1.00    3.29    1.00      0       0       0       0   result_model_0

L    O     10   10   asym  0.000000    0.000000    0.000000    0.184    0.015796      0.0000     0.0000     0.0000       0     84      0    1.00    3.29    1.00      0       0       0       0   result_model_0
O    L     10   10   asym  0.000000    0.000000    0.000000    0.183    0.016042      0.0000     0.0000     0.0000       0     84      0    1.00    3.29    1.00      0       0       0       0   result_model_0
L    O     10   10   max   0.000000    0.000000    0.000000    0.184    0.016042      0.0000     0.0000     0.0000       0     84      0    1.00    3.29    1.00      0       0       0       0   result_model_0

L    P     10   10   asym  0.000000    0.000000    0.000000    0.223    0.017610      0.0185     0.0079     0.0000       0     84      0    1.00    3.29    1.00      0       0       0       0   result_model_0
P    L     10   10   asym  0.000000    0.000000    0.000000    0.212    0.018470      0.0185     0.0080     0.0000       0     84      0    1.00    3.29    1.00      0       0       0       0   result_model_0
L    P     10   10   max   0.000000    0.000000    0.000000    0.223    0.018470      0.0185     0.0080     0.0000       0     84      0    1.00    3.29    1.00      0       0       0       0   result_model_0

L    Q     10   10   asym  0.000000    0.000000    0.000000    0.170    0.014882      0.0000     0.0000     0.0000       0     84      0    1.00    3.29    1.00      0       0       0       0   result_model_0
Q    L     10   10   asym  0.000000    0.000000    0.000000    0.168    0.015201      0.0000     0.0000     0.0000       0     84      0    1.00    3.29    1.00      0       0       0       0   result_model_0
L    Q     10   10   max   0.000000    0.000000    0.000000    0.170    0.015201      0.0000     0.0000     0.0000       0     84      0    1.00    3.29    1.00      0       0       0       0   result_model_0

L    R     10   10   asym  0.000000    0.000000    0.000000    0.201    0.015979      0.0000     0.0000     0.0000       0     84      0    1.00    3.29    1.00      0       0       0       0   result_model_0
R    L     10   10   asym  0.000000    0.000000    0.000000    0.187    0.017123      0.0000     0.0000     0.0000       0     84      0    1.00    3.29    1.00      0       0       0       0   result_model_0
L    R     10   10   max   0.000000    0.000000    0.000000    0.201    0.017123      0.0000     0.0000     0.0000       0     84      0    1.00    3.29    1.00      0       0       0       0   result_model_0

L    S     10   10   asym  0.000000    0.000000    0.000000    0.156    0.014239      0.0000     0.0000     0.0000       0     84      0    1.00    3.29    1.00      0       0       0       0   result_model_0
S    L     10   10   asym  0.000000    0.000000    0.000000    0.156    0.014433      0.0000     0.0000     0.0000       0     84      0    1.00    3.29    1.00      0       0       0       0   result_model_0
L    S     10   10   max   0.000000    0.000000    0.000000    0.156    0.014433      0.0000     0.0000     0.0000       0     84      0    1.00    3.29    1.00      0       0       0       0   result_model_0

L    T     10   10   asym  0.000000    0.000000    0.000000    0.177    0.014868      0.0000     0.0000     0.0000       0     84      0    1.00    3.29    1.00      0       0       0       0   result_model_0
T    L     10   10   asym  0.000000    0.000000    0.000000    0.167    0.015694      0.0000     0.0000     0.0000       0     84      0    1.00    3.29    1.00      0       0       0       0   result_model_0
L    T     10   10   max   0.000000    0.000000    0.000000    0.177    0.015694      0.0000     0.0000     0.0000       0     84      0    1.00    3.29    1.00      0       0       0       0   result_model_0

M    N     10   10   asym  0.000000    0.000000    0.000000    0.201    0.016943      0.0194     0.0081     0.0000       0     84      0    1.00    3.29    1.00      0       0       0       0   result_model_0
N    M     10   10   asym  0.000000    0.000000    0.000000    0.200    0.016970      0.0194     0.0081     0.0000       0     84      0    1.00    3.29    1.00      0       0       0       0   result_model_0
M    N     10   10   max   0.000000    0.000000    0.000000    0.201    0.016970      0.0194     0.0081     0.0000       0     84      0    1.00    3.29    1.00      0       0       0       0   result_model_0

M    O     10   10   asym  0.000000    0.000000    0.000000    0.270    0.021465      0.0247     0.0085     0.0000       0     84      0    1.00    3.29    1.00      0       0       0       0   result_model_0
O    M     10   10   asym  0.000000    0.000000    0.000000    0.266    0.021687      0.0247     0.0086     0.0000       0     84      0    1.00    3.29    1.00      0       0       0       0   result_model_0
M    O     10   10   max   0.000000    0.000000    0.000000    0.270    0.021687      0.0247     0.0086     0.0000       0     84      0    1.00    3.29    1.00      0       0       0       0   result_model_0

M    P     10   10   asym  0.000000    0.000000    0.000000    0.191    0.015833      0.0184     0.0080     0.0000       0     84      0    1.00    3.29    1.00      0       0       0       0   result_model_0
P    M     10   10   asym  0.000000    0.000000    0.000000    0.184    0.016362      0.0184     0.0080     0.0000       0     84      0    1.00    3.29    1.00      0       0       0       0   result_model_0
M    P     10   10   max   0.000000    0.000000    0.000000    0.191    0.016362      0.0184     0.0080     0.0000       0     84      0    1.00    3.29    1.00      0       0       0       0   result_model_0

M    Q     10   10   asym  0.000000    0.000000    0.000000    0.236    0.018126      0.0185     0.0079     0.0000       0     84      0    1.00    3.29    1.00      0       0       0       0   result_model_0
Q    M     10   10   asym  0.000000    0.000000    0.000000    0.219    0.019381      0.0185     0.0080     0.0000       0     84      0    1.00    3.29    1.00      0       0       0       0   result_model_0
M    Q     10   10   max   0.000000    0.000000    0.000000    0.236    0.019381      0.0185     0.0080     0.0000       0     84      0    1.00    3.29    1.00      0       0       0       0   result_model_0

M    R     10   10   asym  0.000000    0.000000    0.000000    0.176    0.014947      0.0000     0.0000     0.0000       0     84      0    1.00    3.29    1.00      0       0       0       0   result_model_0
R    M     10   10   asym  0.000000    0.000000    0.000000    0.169    0.015500      0.0000     0.0000     0.0000       0     84      0    1.00    3.29    1.00      0       0       0       0   result_model_0
M    R     10   10   max   0.000000    0.000000    0.000000    0.176    0.015500      0.0000     0.0000     0.0000       0     84      0    1.00    3.29    1.00      0       0       0       0   result_model_0

M    S     10   10   asym  0.000000    0.000000    0.000000    0.205    0.016321      0.0000     0.0000     0.0000       0     84      0    1.00    3.29    1.00      0       0       0       0   result_model_0
S    M     10   10   asym  0.000000    0.000000    0.000000    0.191    0.017485      0.0000     0.0000     0.0000       0     84      0    1.00    3.29    1.00      0       0       0       0   result_model_0
M    S     10   10   max   0.000000    0.000000    0.000000    0.205    0.017485      0.0000     0.0000     0.0000       0     84      0    1.00    3.29    1.00      0       0       0       0   result_model_0

M    T     10   10   asym  0.000000    0.000000    0.000000    0.159    0.014174      0.0000     0.0000     0.0000       0     84      0    1.00    3.29    1.00      0       0       0       0   result_model_0
T    M     10   10   asym  0.000000    0.000000    0.000000    0.155    0.014552      0.0000     0.0000     0.0000       0     84      0    1.00    3.29    1.00      0       0       0       0   result_model_0
M    T     10   10   max   0.000000    0.000000    0.000000    0.159    0.014552      0.0000     0.0000     0.0000       0     84      0    1.00    3.29    1.00      0       0       0       0   result_model_0

N    O     10   10   asym  0.000000    0.000000    0.000000    0.196    0.016760      0.0192     0.0081     0.0000       0     84      0    1.00    3.29    1.00      0       0       0       0   result_model_0
O    N     10   10   asym  0.000000    0.000000    0.000000    0.199    0.016752      0.0192     0.0081     0.0000       0     84      0    1.00    3.29    1.00      0       0       0       0   result_model_0
N    O     10   10   max   0.000000    0.000000    0.000000    0.199    0.016760      0.0192     0.0081     0.0000       0     84      0    1.00    3.29    1.00      0       0       0       0   result_model_0

N    P     10   10   asym  0.000000    0.000000    0.000000    0.272    0.021437      0.0247     0.0085     0.0000       0     84      0    1.00    3.29    1.00      0       0       0       0   result_model_0
P    N     10   10   asym  0.000000    0.000000    0.000000    0.265    0.021814      0.0247     0.0086     0.0000       0     84      0    1.00    3.29    1.00      0       0       0       0   result_model_0
N    P     10   10   max   0.000000    0.000000    0.000000    0.272    0.021814      0.0247     0.0086     0.0000       0     84      0    1.00    3.29    1.00      0       0       0       0   result_model_0

N    Q     10   10   asym  0.000000    0.000000    0.000000    0.184    0.015608      0.0000     0.0000     0.0000       0     84      0    1.00    3.29    1.00      0       0       0       0   result_model_0
Q    N     10   10   asym  0.000000    0.000000    0.000000    0.181    0.015956      0.0000     0.0000     0.0000       0     84      0    1.00    3.29    1.00      0       0       0       0   result_model_0
N    Q     10   10   max   0.000000    0.000000    0.000000    0.184    0.015956      0.0000     0.0000     0.0000       0     84      0    1.00    3.29    1.00      0       0       0       0   result_model_0

N    R     10   10   asym  0.000000    0.000000    0.000000    0.237    0.018072      0.0186     0.0080     0.0000       0     84      0    1.00    3.29    1.00      0       0       0       0   result_model_0
R    N     10   10   asym  0.000000    0.000000    0.000000    0.220    0.019489      0.0186     0.0080     0.0000       0     84      0    1.00    3.29    1.00      0       0       0       0   result_model_0
N    R     10   10   max   0.000000    0.000000    0.000000    0.237    0.019489      0.0186     0.0080     0.0000       0     84      0    1.00    3.29    1.00      0       0       0       0   result_model_0

N    S     10   10   asym  0.000000    0.000000    0.000000    0.166    0.014673      0.0000     0.0000     0.0000       0     84      0    1.00    3.29    1.00      0       0       0       0   result_model_0
S    N     10   10   asym  0.000000    0.000000    0.000000    0.165    0.014916      0.0000     0.0000     0.0000       0     84      0    1.00    3.29    1.00      0       0       0       0   result_model_0
N    S     10   10   max   0.000000    0.000000    0.000000    0.166    0.014916      0.0000     0.0000     0.0000       0     84      0    1.00    3.29    1.00      0       0       0       0   result_model_0

N    T     10   10   asym  0.000000    0.000000    0.000000    0.203    0.016279      0.0000     0.0000     0.0000       0     84      0    1.00    3.29    1.00      0       0       0       0   result_model_0
T    N     10   10   asym  0.000000    0.000000    0.000000    0.191    0.017380      0.0000     0.0000     0.0000       0     84      0    1.00    3.29    1.00      0       0       0       0   result_model_0
N    T     10   10   max   0.000000    0.000000    0.000000    0.203    0.017380      0.0000     0.0000     0.0000       0     84      0    1.00    3.29    1.00      0       0       0       0   result_model_0

O    P     10   10   asym  0.000000    0.000000    0.000000    0.201    0.016810      0.0194     0.0081     0.0000       0     84      0    1.00    3.29    1.00      0       0       0       0   result_model_0
P    O     10   10   asym  0.000000    0.000000    0.000000    0.199    0.016875      0.0194     0.0081     0.0000       0     84      0    1.00    3.29    1.00      0       0       0       0   result_model_0
O    P     10   10   max   0.000000    0.000000    0.000000    0.201    0.016875      0.0194     0.0081     0.0000       0     84      0    1.00    3.29    1.00      0       0       0       0   result_model_0

O    Q     10   10   asym  0.000000    0.000000    0.000000    0.282    0.022110      0.0247     0.0086     0.0000       0     84      0    1.00    3.29    1.00      0       0       0       0   result_model_0
Q    O     10   10   asym  0.000000    0.000000    0.000000    0.275    0.022575      0.0247     0.0087     0.0000       0     84      0    1.00    3.29    1.00      0       0       0       0   result_model_0
O    Q     10   10   max   0.000000    0.000000    0.000000    0.282    0.022575      0.0247     0.0087     0.0000       0     84      0    1.00    3.29    1.00      0       0       0       0   result_model_0

O    R     10   10   asym  0.000000    0.000000    0.000000    0.189    0.015648      0.0184     0.0079     0.0000       0     84      0    1.00    3.29    1.00      0       0       0       0   result_model_0
R    O     10   10   asym  0.000000    0.000000    0.000000    0.181    0.016154      0.0184     0.0080     0.0000       0     84      0    1.00    3.29    1.00      0       0       0       0   result_model_0
O    R     10   10   max   0.000000    0.000000    0.000000    0.189    0.016154      0.0184     0.0080     0.0000       0     84      0    1.00    3.29    1.00      0       0       0       0   result_model_0

O    S     10   10   asym  0.000000    0.000000    0.000000    0.237    0.018403      0.0184     0.0080     0.0000       0     84      0    1.00    3.29    1.00      0       0       0       0   result_model_0
S    O     10   10   asym  0.000000    0.000000    0.000000    0.225    0.019586      0.0184     0.0080     0.0000       0     84      0    1.00    3.29    1.00      0       0       0       0   result_model_0
O    S     10   10   max   0.000000    0.000000    0.000000    0.237    0.019586      0.0184     0.0080     0.0000       0     84      0    1.00    3.29    1.00      0       0       0       0   result_model_0

O    T     10   10   asym  0.000000    0.000000    0.000000    0.169    0.014694      0.0000     0.0000     0.0000       0     84      0    1.00    3.29    1.00      0       0       0       0   result_model_0
T    O     10   10   asym  0.000000    0.000000    0.000000    0.165    0.015034      0.0000     0.0000     0.0000       0     84      0    1.00    3.29    1.00      0       0       0       0   result_model_0
O    T     10   10   max   0.000000    0.000000    0.000000    0.169    0.015034      0.0000     0.0000     0.0000       0     84      0    1.00    3.29    1.00      0       0       0       0   result_model_0

P    Q     10   10   asym  0.000000    0.000000    0.000000    0.194    0.016576      0.0190     0.0081     0.0000       0     84      0    1.00    3.29    1.00      0       0       0       0   result_model_0
Q    P     10   10   asym  0.000000    0.000000    0.000000    0.197    0.016520      0.0190     0.0081     0.0000       0     84      0    1.00    3.29    1.00      0       0       0       0   result_model_0
P    Q     10   10   max   0.000000    0.000000    0.000000    0.197    0.016576      0.0190     0.0081     0.0000       0     84      0    1.00    3.29    1.00      0       0       0       0   result_model_0

P    R     10   10   asym  0.000000    0.000000    0.000000    0.284    0.022126      0.0248     0.0086     0.0000       0     84      0    1.00    3.29    1.00      0       0       0       0   result_model_0
R    P     10   10   asym  0.000000    0.000000    0.000000    0.275    0.022698      0.0248     0.0087     0.0000       0     84      0    1.00    3.29    1.00      0       0       0       0   result_model_0
P    R     10   10   max   0.000000    0.000000    0.000000    0.284    0.022698      0.0248     0.0087     0.0000       0     84      0    1.00    3.29    1.00      0       0       0       0   result_model_0

P    S     10   10   asym  0.000000    0.000000    0.000000    0.178    0.015403      0.0000     0.0000     0.0000       0     84      0    1.00    3.29    1.00      0       0       0       0   result_model_0
S    P     10   10   asym  0.000000    0.000000    0.000000    0.177    0.015580      0.0000     0.0000     0.0000       0     84      0    1.00    3.29    1.00      0       0       0       0   result_model_0
P    S     10   10   max   0.000000    0.000000    0.000000    0.178    0.015580      0.0000     0.0000     0.0000       0     84      0    1.00    3.29    1.00      0       0       0       0   result_model_0

P    T     10   10   asym  0.000000    0.000000    0.000000    0.237    0.018341      0.0185     0.0080     0.0000       0     84      0    1.00    3.29    1.00      0       0       0       0   result_model_0
T    P     10   10   asym  0.000000    0.000000    0.000000    0.225    0.019555      0.0185     0.0080     0.0000       0     84      0    1.00    3.29    1.00      0       0       0       0   result_model_0
P    T     10   10   max   0.000000    0.000000    0.000000    0.237    0.019555      0.0185     0.0080     0.0000       0     84      0    1.00    3.29    1.00      0       0       0       0   result_model_0

Q    R     10   10   asym  0.000000    0.000000    0.000000    0.195    0.016435      0.0194     0.0081     0.0000       0     84      0    1.00    3.29    1.00      0       0       0       0   result_model_0
R    Q     10   10   asym  0.000000    0.000000    0.000000    0.194    0.016522      0.0194     0.0081     0.0000       0     84      0    1.00    3.29    1.00      0       0       0       0   result_model_0
Q    R     10   10   max   0.000000    0.000000    0.000000    0.195    0.016522      0.0194     0.0081     0.0000       0     84      0    1.00    3.29    1.00      0       0       0       0   result_model_0

Q    S     10   10   asym  0.000000    0.000000    0.000000    0.274    0.021630      0.0241     0.0085     0.0000       0     84      0    1.00    3.29    1.00      0       0       0       0   result_model_0
S    Q     10   10   asym  0.000000    0.000000    0.000000    0.273    0.022104      0.0241     0.0086     0.0000       0     84      0    1.00    3.29    1.00      0       0       0       0   result_model_0
Q    S     10   10   max   0.000000    0.000000    0.000000    0.274    0.022104      0.0241     0.0086     0.0000       0     84      0    1.00    3.29    1.00      0       0       0       0   result_model_0

Q    T     10   10   asym  0.000000    0.000000    0.000000    0.178    0.015216      0.0183     0.0079     0.0000       0     84      0    1.00    3.29    1.00      0       0       0       0   result_model_0
T    Q     10   10   asym  0.000000    0.000000    0.000000    0.174    0.015581      0.0183     0.0079     0.0000       0     84      0    1.00    3.29    1.00      0       0       0       0   result_model_0
Q    T     10   10   max   0.000000    0.000000    0.000000    0.178    0.015581      0.0183     0.0079     0.0000       0     84      0    1.00    3.29    1.00      0       0       0       0   result_model_0

R    S     10   10   asym  0.000000    0.000000    0.000000    0.183    0.016098      0.0190     0.0080     0.0000       0     84      0    1.00    3.29    1.00      0       0       0       0   result_model_0
S    R     10   10   asym  0.000000    0.000000    0.000000    0.188    0.015904      0.0190     0.0080     0.0000       0     84      0    1.00    3.29    1.00      0       0       0       0   result_model_0
R    S     10   10   max   0.000000    0.000000    0.000000    0.188    0.016098      0.0190     0.0080     0.0000       0     84      0    1.00    3.29    1.00      0       0       0       0   result_model_0

R    T     10   10   asym  0.000000    0.000000    0.000000    0.269    0.021370      0.0244     0.0085     0.0000       0     84      0    1.00    3.29    1.00      0       0       0       0   result_model_0
T    R     10   10   asym  0.000000    0.000000    0.000000    0.270    0.021600      0.0244     0.0086     0.0000       0     84      0    1.00    3.29    1.00      0       0       0       0   result_model_0
R    T     10   10   max   0.000000    0.000000    0.000000    0.270    0.021600      0.0244     0.0086     0.0000       0     84      0    1.00    3.29    1.00      0       0       0       0   result_model_0

S    T     10   10   asym  0.000000    0.000000    0.000000    0.185    0.015924      0.0193     0.0080     0.0000       0     84      0    1.00    3.29    1.00      0       0       0       0   result_model_0
T    S     10   10   asym  0.000000    0.000000    0.000000    0.183    0.016032      0.0193     0.0080     0.0000       0     84      0    1.00    3.29    1.00      0       0       0       0   result_model_0
S    T     10   10   max   0.000000    0.000000    0.000000    0.185    0.016032      0.0193     0.0080     0.0000       0     84      0    1.00    3.29    1.00      0       0       0       0   result_model_0

