
Chn1 Chn2  PAE Dist  Type   ipSAE    ipSAE_d0chn ipSAE_d0dom  ipTM_af  ipTM_d0chn     pDockQ     pDockQ2    LIS       n0res  n0chn  n0dom   d0res   d0chn   d0dom  nres1   nres2   dist1   dist2  Model
A    B     10   10   asym  0.000000    0.000000    0.000000    0.171    0.015937      0.0192     0.0081     0.0000       0     84      0    1.00    3.29    1.00      0       0       0       0   result_model_4
B    A     10   10   asym  0.000000    0.000000    0.000000    0.173    0.015764      0.0192     0.0081     0.0000       0     84      0    1.00    3.29    1.00      0       0       0       0   result_model_4
A    B     10   10   max   0.000000    0.000000    0.000000    0.173    0.015937      0.0192     0.0081     0.0000       0     84      0    1.00    3.29    1.00      0       0       0       0   result_model_4

A    C     10   10   asym  0.000000    0.000000    0.000000    0.293    0.027844      0.0252     0.0092     0.0418       0     84      0    1.00    3.29    1.00      0       0       0       0   result_model_4
C    A     10   10   asym  0.000000    0.000000    0.000000    0.309    0.027180      0.0252     0.0091     0.0419       0     84      0    1.00    3.29    1.00      0       0       0       0   result_model_4
A    C     10   10   max   0.000000    0.000000    0.000000    0.309    0.027844      0.0252     0.0092     0.0418       0     84      0    1.00    3.29    1.00      0       0       0       0   result_model_4

A    D     10   10   asym  0.000000    0.000000    0.000000    0.161    0.014937      0.0189     0.0081     0.0000       0     84      0    1.00    3.29    1.00      0       0       0       0   result_model_4
D    A     10   10   asym  0.000000    0.000000    0.000000    0.160    0.015048      0.0189     0.0081     0.0000       0     84      0    1.00    3.29    1.00      0       0       0       0   result_model_4
A    D     10   10   max   0.000000    0.000000    0.000000    0.161    0.015048      0.0189     0.0081     0.0000       0     84      0    1.00    3.29    1.00      0       0       0       0   result_model_4

A    E     10   10   asym  0.000000    0.000000    0.000000    0.266    0.022348      0.0242     0.0086     0.0000       0     84      0    1.00    3.29    1.00      0       0       0       0   result_model_4
E    A     10   10   asym  0.000000    0.000000    0.000000    0.261    0.022610      0.0242     0.0087     0.0000       0     84      0    1.00    3.29    1.00      0       0       0       0   result_model_4
A    E     10   10   max   0.000000    0.000000    0.000000    0.266    0.022610      0.0242     0.0087     0.0000       0     84      0    1.00    3.29    1.00      0       0       0       0   result_model_4

A    F     10   10   asym  0.000000    0.000000    0.000000    0.161    0.015188      0.0189     0.0081     0.0000       0     84      0    1.00    3.29    1.00      0       0       0       0   result_model_4
F    A     10   10   asym  0.000000    0.000000    0.000000    0.163    0.014930      0.0189     0.0081     0.0000       0     84      0    1.00    3.29    1.00      0       0       0       0   result_model_4
A    F     10   10   max   0.000000    0.000000    0.000000    0.163    0.015188      0.0189     0.0081     0.0000       0     84      0    1.00    3.29    1.00      0       0       0       0   result_model_4

A    G     10   10   asym  0.000000    0.000000    0.000000    0.217    0.019918      0.0000     0.0000     0.0000       0     84      0    1.00    3.29    1.00      0       0       0       0   result_model_4
G    A     10   10   asym  0.000000    0.000000    0.000000    0.230    0.018616      0.0000     0.0000     0.0000       0     84      0    1.00    3.29    1.00      0       0       0       0   result_model_4
A    G     10   10   max   0.000000    0.000000    0.000000    0.230    0.019918      0.0000     0.0000     0.0000       0     84      0    1.00    3.29    1.00      0       0       0       0   result_model_4

A    H     10   10   asym  0.000000    0.000000    0.000000    0.152    0.014647      0.0000     0.0000     0.0000       0     84      0    1.00    3.29    1.00      0       0       0       0   result_model_4
H    A     10   10   asym  0.000000    0.000000    0.000000    0.155    0.014320      0.0000     0.0000     0.0000       0     84      0    1.00    3.29    1.00      0       0       0       0   result_model_4
A    H     10   10   max   0.000000    0.000000    0.000000    0.155    0.014647      0.0000     0.0000     0.0000       0     84      0    1.00    3.29    1.00      0       0       0       0   result_model_4

A    I     10   10   asym  0.000000    0.000000    0.000000    0.181    0.016887      0.0000     0.0000     0.0000       0     84      0    1.00    3.29    1.00      0       0       0       0   result_model_4
I    A     10   10   asym  0.000000    0.000000    0.000000    0.189    0.016081      0.0000     0.0000     0.0000       0     84      0    1.00    3.29    1.00      0       0       0       0   result_model_4
A    I     10   10   max   0.000000    0.000000    0.000000    0.189    0.016887      0.0000     0.0000     0.0000       0     84      0    1.00    3.29    1.00      0       0       0       0   result_model_4

A    J     10   10   asym  0.000000    0.000000    0.000000    0.144    0.014036      0.0000     0.0000     0.0000       0     84      0    1.00    3.29    1.00      0       0       0       0   result_model_4
J    A     10   10   asym  0.000000    0.000000    0.000000    0.145    0.013821      0.0000     0.0000     0.0000       0     84      0    1.00    3.29    1.00      0       0       0       0   result_model_4
A    J     10   10   max   0.000000    0.000000    0.000000    0.145    0.014036      0.0000     0.0000     0.0000       0     84      0    1.00    3.29    1.00      0       0       0       0   result_model_4

A    K     10   10   asym  0.000000    0.000000    0.000000    0.158    0.014925      0.0000     0.0000     0.0000       0     84      0    1.00    3.29    1.00      0       0       0       0   result_model_4
K    A     10   10   asym  0.000000    0.000000    0.000000    0.161    0.014632      0.0000     0.0000     0.0000       0     84      0    1.00    3.29    1.00      0       0       0       0   result_model_4
A    K     10   10   max   0.000000    0.000000    0.000000    0.161    0.014925      0.0000     0.0000     0.0000       0     84      0    1.00    3.29    1.00      0       0       0       0   result_model_4

A    L     10   10   asym  0.000000    0.000000    0.000000    0.139    0.013598      0.0000     0.0000     0.0000       0     84      0    1.00    3.29    1.00      0       0       0       0   result_model_4
L    A     10   10   asym  0.000000    0.000000    0.000000    0.138    0.013499      0.0000     0.0000     0.0000       0     84      0    1.00    3.29    1.00      0       0       0       0   result_model_4
A    L     10   10   max   0.000000    0.000000    0.000000    0.139    0.013598      0.0000     0.0000     0.0000       0     84      0    1.00    3.29    1.00      0       0       0       0   result_model_4

A    M     10   10   asym  0.000000    0.000000    0.000000    0.146    0.014094      0.0000     0.0000     0.0000       0     84      0    1.00    3.29    1.00      0       0       0       0   result_model_4
M    A     10   10   asym  0.000000    0.000000    0.000000    0.148    0.013916      0.0000     0.0000     0.0000       0     84      0    1.00    3.29    1.00      0       0       0       0   result_model_4
A    M     10   10   max   0.000000    0.000000    0.000000    0.148    0.014094      0.0000     0.0000     0.0000       0     84      0    1.00    3.29    1.00      0       0       0       0   result_model_4

A    N     10   10   asym  0.000000    0.000000    0.000000    0.133    0.013282      0.0000     0.0000     0.0000       0     84      0    1.00    3.29    1.00      0       0       0       0   result_model_4
N    A     10   10   asym  0.000000    0.000000    0.000000    0.134    0.013221      0.0000     0.0000     0.0000       0     84      0    1.00    3.29    1.00      0       0       0       0   result_model_4
A    N     10   10   max   0.000000    0.000000    0.000000    0.134    0.013282      0.0000     0.0000     0.0000       0     84      0    1.00    3.29    1.00      0       0       0       0   result_model_4

A    O     10   10   asym  0.000000    0.000000    0.000000    0.138    0.013545      0.0000     0.0000     0.0000       0     84      0    1.00    3.29    1.00      0       0       0       0   result_model_4
O    A     10   10   asym  0.000000    0.000000    0.000000    0.139    0.013447      0.0000     0.0000     0.0000       0     84      0    1.00    3.29    1.00      0       0       0       0   result_model_4
A    O     10   10   max   0.000000    0.000000    0.000000    0.139    0.013545      0.0000     0.0000     0.0000       0     84      0    1.00    3.29    1.00      0       0       0       0   result_model_4

A    P     10   10   asym  0.000000    0.000000    0.000000    0.128    0.012964      0.0000     0.0000     0.0000       0     84      0    1.00    3.29    1.00      0       0       0       0   result_model_4
P    A     10   10   asym  0.000000    0.000000    0.000000    0.129    0.012953      0.0000     0.0000     0.0000       0     84      0    1.00    3.29    1.00      0       0       0       0   result_model_4
A    P     10   10   max   0.000000    0.000000    0.000000    0.129    0.012964      0.0000     0.0000     0.0000       0     84      0    1.00    3.29    1.00      0       0       0       0   result_model_4

A    Q     10   10   asym  0.000000    0.000000    0.000000    0.130    0.013064      0.0000     0.0000     0.0000       0     84      0    1.00    3.29    1.00      0       0       0       0   result_model_4
Q    A     10   10   asym  0.000000    0.000000    0.000000    0.131    0.012985      0.0000     0.0000     0.0000       0     84      0    1.00    3.29    1.00      0       0       0       0   result_model_4
A    Q     10   10   max   0.000000    0.000000    0.000000    0.131    0.013064      0.0000     0.0000     0.0000       0     84      0    1.00    3.29    1.00      0       0       0       0   result_model_4

A    R     10   10   asym  0.000000    0.000000    0.000000    0.122    0.012616      0.0000     0.0000     0.0000       0     84      0    1.00    3.29    1.00      0       0       0       0   result_model_4
R    A     10   10   asym  0.000000    0.000000    0.000000    0.123    0.012569      0.0000     0.0000     0.0000       0     84      0    1.00    3.29    1.00      0       0       0       0   result_model_4
A    R     10   10   max   0.000000    0.000000    0.000000    0.123    0.012616      0.0000     0.0000     0.0000       0     84      0    1.00    3.29    1.00      0       0       0       0   result_model_4

A    S     10   10   asym  0.000000    0.000000    0.000000    0.121    0.012618      0.0000     0.0000     0.0000       0     84      0    1.00    3.29    1.00      0       0       0       0   result_model_4
S    A     10   10   asym  0.000000    0.000000    0.000000    0.123    0.012472      0.0000     0.0000     0.0000       0     84      0    1.00    3.29    1.00      0       0       0       0   result_model_4
A    S     10   10   max   0.000000    0.000000    0.000000    0.123    0.012618      0.0000     0.0000     0.0000       0     84      0    1.00    3.29    1.00      0       0       0       0   result_model_4

A    T     10   10   asym  0.000000    0.000000    0.000000    0.115    0.012294      0.0000     0.0000     0.0000       0     84      0    1.00    3.29    1.00      0       0       0       0   result_model_4
T    A     10   10   asym  0.000000    0.000000    0.000000    0.117    0.012166      0.0000     0.0000     0.0000       0     84      0    1.00    3.29    1.00      0       0       0       0   result_model_4
A    T     10   10   max   0.000000    0.000000    0.000000    0.117    0.012294      0.0000     0.0000     0.0000       0     84      0    1.00    3.29    1.00      0       0       0       0   result_model_4

B    C     10   10   asym  0.000000    0.000000    0.000000    0.167    0.015743      0.0189     0.0082     0.0000       0     84      0    1.00    3.29    1.00      0       0       0       0   result_model_4
C    B     10   10   asym  0.000000    0.000000    0.000000    0.171    0.015405      0.0189     0.0081     0.0000       0     84      0    1.00    3.29    1.00      0       0       0       0   result_model_4
B    C     10   10   max   0.000000    0.000000    0.000000    0.171    0.015743      0.0189     0.0082     0.0000       0     84      0    1.00    3.29    1.00      0       0       0       0   result_model_4

B    D     10   10   asym  0.000000    0.000000    0.000000    0.280    0.025150      0.0240     0.0088     0.0000       0     84      0    1.00    3.29    1.00      0       0       0       0   result_model_4
D    B     10   10   asym  0.000000    0.000000    0.000000    0.279    0.024842      0.0240     0.0089     0.0000       0     84      0    1.00    3.29    1.00      0       0       0       0   result_model_4
B    D     10   10   max   0.000000    0.000000    0.000000    0.280    0.025150      0.0240     0.0089     0.0000       0     84      0    1.00    3.29    1.00      0       0       0       0   result_model_4

B    E     10   10   asym  0.000000    0.000000    0.000000    0.160    0.014853      0.0188     0.0080     0.0000       0     84      0    1.00    3.29    1.00      0       0       0       0   result_model_4
E    B     10   10   asym  0.000000    0.000000    0.000000    0.158    0.014939      0.0188     0.0080     0.0000       0     84      0    1.00    3.29    1.00      0       0       0       0   result_model_4
B    E     10   10   max   0.000000    0.000000    0.000000    0.160    0.014939      0.0188     0.0080     0.0000       0     84      0    1.00    3.29    1.00      0       0       0       0   result_model_4

B    F     10   10   asym  0.000000    0.000000    0.000000    0.249    0.022604      0.0247     0.0087     0.0000       0     84      0    1.00    3.29    1.00      0       0       0       0   result_model_4
F    B     10   10   asym  0.000000    0.000000    0.000000    0.262    0.021971      0.0247     0.0086     0.0000       0     84      0    1.00    3.29    1.00      0       0       0       0   result_model_4
B    F     10   10   max   0.000000    0.000000    0.000000    0.262    0.022604      0.0247     0.0087     0.0000       0     84      0    1.00    3.29    1.00      0       0       0       0   result_model_4

B    G     10   10   asym  0.000000    0.000000    0.000000    0.153    0.014813      0.0000     0.0000     0.0000       0     84      0    1.00    3.29    1.00      0       0       0       0   result_model_4
G    B     10   10   asym  0.000000    0.000000    0.000000    0.157    0.014428      0.0000     0.0000     0.0000       0     84      0    1.00    3.29    1.00      0       0       0       0   result_model_4
B    G     10   10   max   0.000000    0.000000    0.000000    0.157    0.014813      0.0000     0.0000     0.0000       0     84      0    1.00    3.29    1.00      0       0       0       0   result_model_4

B    H     10   10   asym  0.000000    0.000000    0.000000    0.208    0.019118      0.0183     0.0079     0.0000       0     84      0    1.00    3.29    1.00      0       0       0       0   result_model_4
H    B     10   10   asym  0.000000    0.000000    0.000000    0.219    0.018167      0.0183     0.0078     0.0000       0     84      0    1.00    3.29    1.00      0       0       0       0   result_model_4
B    H     10   10   max   0.000000    0.000000    0.000000    0.219    0.019118      0.0183     0.0079     0.0000       0     84      0    1.00    3.29    1.00      0       0       0       0   result_model_4

B    I     10   10   asym  0.000000    0.000000    0.000000    0.145    0.014103      0.0000     0.0000     0.0000       0     84      0    1.00    3.29    1.00      0       0       0       0   result_model_4
I    B     10   10   asym  0.000000    0.000000    0.000000    0.146    0.013900      0.0000     0.0000     0.0000       0     84      0    1.00    3.29    1.00      0       0       0       0   result_model_4
B    I     10   10   max   0.000000    0.000000    0.000000    0.146    0.014103      0.0000     0.0000     0.0000       0     84      0    1.00    3.29    1.00      0       0       0       0   result_model_4

B    J     10   10   asym  0.000000    0.000000    0.000000    0.176    0.016479      0.0000     0.0000     0.0000       0     84      0    1.00    3.29    1.00      0       0       0       0   result_model_4
J    B     10   10   asym  0.000000    0.000000    0.000000    0.182    0.015798      0.0000     0.0000     0.0000       0     84      0    1.00    3.29    1.00      0       0       0       0   result_model_4
B    J     10   10   max   0.000000    0.000000    0.000000    0.182    0.016479      0.0000     0.0000     0.0000       0     84      0    1.00    3.29    1.00      0       0       0       0   result_model_4

B    K     10   10   asym  0.000000    0.000000    0.000000    0.140    0.013584      0.0000     0.0000     0.0000       0     84      0    1.00    3.29    1.00      0       0       0       0   result_model_4
K    B     10   10   asym  0.000000    0.000000    0.000000    0.138    0.013579      0.0000     0.0000     0.0000       0     84      0    1.00    3.29    1.00      0       0       0       0   result_model_4
B    K     10   10   max   0.000000    0.000000    0.000000    0.140    0.013584      0.0000     0.0000     0.0000       0     84      0    1.00    3.29    1.00      0       0       0       0   result_model_4

B    L     10   10   asym  0.000000    0.000000    0.000000    0.155    0.014748      0.0000     0.0000     0.0000       0     84      0    1.00    3.29    1.00      0       0       0       0   result_model_4
L    B     10   10   asym  0.000000    0.000000    0.000000    0.157    0.014520      0.0000     0.0000     0.0000       0     84      0    1.00    3.29    1.00      0       0       0       0   result_model_4
B    L     10   10   max   0.000000    0.000000    0.000000    0.157    0.014748      0.0000     0.0000     0.0000       0     84      0    1.00    3.29    1.00      0       0       0       0   result_model_4

B    M     10   10   asym  0.000000    0.000000    0.000000    0.134    0.013198      0.0000     0.0000     0.0000       0     84      0    1.00    3.29    1.00      0       0       0       0   result_model_4
M    B     10   10   asym  0.000000    0.000000    0.000000    0.131    0.013267      0.0000     0.0000     0.0000       0     84      0    1.00    3.29    1.00      0       0       0       0   result_model_4
B    M     10   10   max   0.000000    0.000000    0.000000    0.134    0.013267      0.0000     0.0000     0.0000       0     84      0    1.00    3.29    1.00      0       0       0       0   result_model_4

B    N     10   10   asym  0.000000    0.000000    0.000000    0.144    0.013987      0.0000     0.0000     0.0000       0     84      0    1.00    3.29    1.00      0       0       0       0   result_model_4
N    B     10   10   asym  0.000000    0.000000    0.000000    0.145    0.013842      0.0000     0.0000     0.0000       0     84      0    1.00    3.29    1.00      0       0       0       0   result_model_4
B    N     10   10   max   0.000000    0.000000    0.000000    0.145    0.013987      0.0000     0.0000     0.0000       0     84      0    1.00    3.29    1.00      0       0       0       0   result_model_4

B    O     10   10   asym  0.000000    0.000000    0.000000    0.129    0.012852      0.0000     0.0000     0.0000       0     84      0    1.00    3.29    1.00      0       0       0       0   result_model_4
O    B     10   10   asym  0.000000    0.000000    0.000000    0.126    0.012973      0.0000     0.0000     0.0000       0     84      0    1.00    3.29    1.00      0       0       0       0   result_model_4
B    O     10   10   max   0.000000    0.000000    0.000000    0.129    0.012973      0.0000     0.0000     0.0000       0     84      0    1.00    3.29    1.00      0       0       0       0   result_model_4

B    P     10   10   asym  0.000000    0.000000    0.000000    0.136    0.013431      0.0000     0.0000     0.0000       0     84      0    1.00    3.29    1.00      0       0       0       0   result_model_4
P    B     10   10   asym  0.000000    0.000000    0.000000    0.136    0.013417      0.0000     0.0000     0.0000       0     84      0    1.00    3.29    1.00      0       0       0       0   result_model_4
B    P     10   10   max   0.000000    0.000000    0.000000    0.136    0.013431      0.0000     0.0000     0.0000       0     84      0    1.00    3.29    1.00      0       0       0       0   result_model_4

B    Q     10   10   asym  0.000000    0.000000    0.000000    0.123    0.012496      0.0000     0.0000     0.0000       0     84      0    1.00    3.29    1.00      0       0       0       0   result_model_4
Q    B     10   10   asym  0.000000    0.000000    0.000000    0.121    0.012633      0.0000     0.0000     0.0000       0     84      0    1.00    3.29    1.00      0       0       0       0   result_model_4
B    Q     10   10   max   0.000000    0.000000    0.000000    0.123    0.012633      0.0000     0.0000     0.0000       0     84      0    1.00    3.29    1.00      0       0       0       0   result_model_4

B    R     10   10   asym  0.000000    0.000000    0.000000    0.128    0.012943      0.0000     0.0000     0.0000       0     84      0    1.00    3.29    1.00      0       0       0       0   result_model_4
R    B     10   10   asym  0.000000    0.000000    0.000000    0.128    0.012914      0.0000     0.0000     0.0000       0     84      0    1.00    3.29    1.00      0       0       0       0   result_model_4
B    R     10   10   max   0.000000    0.000000    0.000000    0.128    0.012943      0.0000     0.0000     0.0000       0     84      0    1.00    3.29    1.00      0       0       0       0   result_model_4

B    S     10   10   asym  0.000000    0.000000    0.000000    0.116    0.012205      0.0000     0.0000     0.0000       0     84      0    1.00    3.29    1.00      0       0       0       0   result_model_4
S    B     10   10   asym  0.000000    0.000000    0.000000    0.116    0.012223      0.0000     0.0000     0.0000       0     84      0    1.00    3.29    1.00      0       0       0       0   result_model_4
B    S     10   10   max   0.000000    0.000000    0.000000    0.116    0.012223      0.0000     0.0000     0.0000       0     84      0    1.00    3.29    1.00      0       0       0       0   result_model_4

B    T     10   10   asym  0.000000    0.000000    0.000000    0.119    0.012526      0.0000     0.0000     0.0000       0     84      0    1.00    3.29    1.00      0       0       0       0   result_model_4
T    B     10   10   asym  0.000000    0.000000    0.000000    0.121    0.012415      0.0000     0.0000     0.0000       0     84      0    1.00    3.29    1.00      0       0       0       0   result_model_4
B    T     10   10   max   0.000000    0.000000    0.000000    0.121    0.012526      0.0000     0.0000     0.0000       0     84      0    1.00    3.29    1.00      0       0       0       0   result_model_4

C    D     10   10   asym  0.000000    0.000000    0.000000    0.160    0.014838      0.0000     0.0000     0.0000       0     84      0    1.00    3.29    1.00      0       0       0       0   result_model_4
D    C     10   10   asym  0.000000    0.000000    0.000000    0.158    0.015021      0.0000     0.0000     0.0000       0     84      0    1.00    3.29    1.00      0       0       0       0   result_model_4
C    D     10   10   max   0.000000    0.000000    0.000000    0.160    0.015021      0.0000     0.0000     0.0000       0     84      0    1.00    3.29    1.00      0       0       0       0   result_model_4

C    E     10   10   asym  0.000000    0.000000    0.000000    0.256    0.021514      0.0000     0.0000     0.0000       0     84      0    1.00    3.29    1.00      0       0       0       0   result_model_4
E    C     10   10   asym  0.000000    0.000000    0.000000    0.246    0.022304      0.0000     0.0000     0.0000       0     84      0    1.00    3.29    1.00      0       0       0       0   result_model_4
C    E     10   10   max   0.000000    0.000000    0.000000    0.256    0.022304      0.0000     0.0000     0.0000       0     84      0    1.00    3.29    1.00      0       0       0       0   result_model_4

C    F     10   10   asym  0.000000    0.000000    0.000000    0.165    0.015190      0.0193     0.0081     0.0000       0     84      0    1.00    3.29    1.00      0       0       0       0   result_model_4
F    C     10   10   asym  0.000000    0.000000    0.000000    0.165    0.015168      0.0193     0.0081     0.0000       0     84      0    1.00    3.29    1.00      0       0       0       0   result_model_4
C    F     10   10   max   0.000000    0.000000    0.000000    0.165    0.015190      0.0193     0.0081     0.0000       0     84      0    1.00    3.29    1.00      0       0       0       0   result_model_4

C    G     10   10   asym  0.000000    0.000000    0.000000    0.233    0.020790      0.0246     0.0085     0.0000       0     84      0    1.00    3.29    1.00      0       0       0       0   result_model_4
G    C     10   10   asym  0.000000    0.000000    0.000000    0.244    0.020106      0.0246     0.0084     0.0000       0     84      0    1.00    3.29    1.00      0       0       0       0   result_model_4
C    G     10   10   max   0.000000    0.000000    0.000000    0.244    0.020790      0.0246     0.0085     0.0000       0     84      0    1.00    3.29    1.00      0       0       0       0   result_model_4

C    H     10   10   asym  0.000000    0.000000    0.000000    0.157    0.014866      0.0189     0.0081     0.0000       0     84      0    1.00    3.29    1.00      0       0       0       0   result_model_4
H    C     10   10   asym  0.000000    0.000000    0.000000    0.159    0.014670      0.0189     0.0080     0.0000       0     84      0    1.00    3.29    1.00      0       0       0       0   result_model_4
C    H     10   10   max   0.000000    0.000000    0.000000    0.159    0.014866      0.0189     0.0081     0.0000       0     84      0    1.00    3.29    1.00      0       0       0       0   result_model_4

C    I     10   10   asym  0.000000    0.000000    0.000000    0.198    0.017603      0.0000     0.0000     0.0000       0     84      0    1.00    3.29    1.00      0       0       0       0   result_model_4
I    C     10   10   asym  0.000000    0.000000    0.000000    0.201    0.017172      0.0000     0.0000     0.0000       0     84      0    1.00    3.29    1.00      0       0       0       0   result_model_4
C    I     10   10   max   0.000000    0.000000    0.000000    0.201    0.017603      0.0000     0.0000     0.0000       0     84      0    1.00    3.29    1.00      0       0       0       0   result_model_4

C    J     10   10   asym  0.000000    0.000000    0.000000    0.149    0.014305      0.0000     0.0000     0.0000       0     84      0    1.00    3.29    1.00      0       0       0       0   result_model_4
J    C     10   10   asym  0.000000    0.000000    0.000000    0.150    0.014171      0.0000     0.0000     0.0000       0     84      0    1.00    3.29    1.00      0       0       0       0   result_model_4
C    J     10   10   max   0.000000    0.000000    0.000000    0.150    0.014305      0.0000     0.0000     0.0000       0     84      0    1.00    3.29    1.00      0       0       0       0   result_model_4

C    K     10   10   asym  0.000000    0.000000    0.000000    0.168    0.015403      0.0000     0.0000     0.0000       0     84      0    1.00    3.29    1.00      0       0       0       0   result_model_4
K    C     10   10   asym  0.000000    0.000000    0.000000    0.169    0.015242      0.0000     0.0000     0.0000       0     84      0    1.00    3.29    1.00      0       0       0       0   result_model_4
C    K     10   10   max   0.000000    0.000000    0.000000    0.169    0.015403      0.0000     0.0000     0.0000       0     84      0    1.00    3.29    1.00      0       0       0       0   result_model_4

C    L     10   10   asym  0.000000    0.000000    0.000000    0.143    0.013835      0.0000     0.0000     0.0000       0     84      0    1.00    3.29    1.00      0       0       0       0   result_model_4
L    C     10   10   asym  0.000000    0.000000    0.000000    0.142    0.013784      0.0000     0.0000     0.0000       0     84      0    1.00    3.29    1.00      0       0       0       0   result_model_4
C    L     10   10   max   0.000000    0.000000    0.000000    0.143    0.013835      0.0000     0.0000     0.0000       0     84      0    1.00    3.29    1.00      0       0       0       0   result_model_4

C    M     10   10   asym  0.000000    0.000000    0.000000    0.153    0.014415      0.0000     0.0000     0.0000       0     84      0    1.00    3.29    1.00      0       0       0       0   result_model_4
M    C     10   10   asym  0.000000    0.000000    0.000000    0.153    0.014370      0.0000     0.0000     0.0000       0     84      0    1.00    3.29    1.00      0       0       0       0   result_model_4
C    M     10   10   max   0.000000    0.000000    0.000000    0.153    0.014415      0.0000     0.0000     0.0000       0     84      0    1.00    3.29    1.00      0       0       0       0   result_model_4

C    N     10   10   asym  0.000000    0.000000    0.000000    0.139    0.013486      0.0000     0.0000     0.0000       0     84      0    1.00    3.29    1.00      0       0       0       0   result_model_4
N    C     10   10   asym  0.000000    0.000000    0.000000    0.137    0.013541      0.0000     0.0000     0.0000       0     84      0    1.00    3.29    1.00      0       0       0       0   result_model_4
C    N     10   10   max   0.000000    0.000000    0.000000    0.139    0.013541      0.0000     0.0000     0.0000       0     84      0    1.00    3.29    1.00      0       0       0       0   result_model_4

C    O     10   10   asym  0.000000    0.000000    0.000000    0.145    0.013895      0.0000     0.0000     0.0000       0     84      0    1.00    3.29    1.00      0       0       0       0   result_model_4
O    C     10   10   asym  0.000000    0.000000    0.000000    0.146    0.013899      0.0000     0.0000     0.0000       0     84      0    1.00    3.29    1.00      0       0       0       0   result_model_4
C    O     10   10   max   0.000000    0.000000    0.000000    0.146    0.013899      0.0000     0.0000     0.0000       0     84      0    1.00    3.29    1.00      0       0       0       0   result_model_4

C    P     10   10   asym  0.000000    0.000000    0.000000    0.134    0.013159      0.0000     0.0000     0.0000       0     84      0    1.00    3.29    1.00      0       0       0       0   result_model_4
P    C     10   10   asym  0.000000    0.000000    0.000000    0.132    0.013286      0.0000     0.0000     0.0000       0     84      0    1.00    3.29    1.00      0       0       0       0   result_model_4
C    P     10   10   max   0.000000    0.000000    0.000000    0.134    0.013286      0.0000     0.0000     0.0000       0     84      0    1.00    3.29    1.00      0       0       0       0   result_model_4

C    Q     10   10   asym  0.000000    0.000000    0.000000    0.137    0.013417      0.0000     0.0000     0.0000       0     84      0    1.00    3.29    1.00      0       0       0       0   result_model_4
Q    C     10   10   asym  0.000000    0.000000    0.000000    0.138    0.013426      0.0000     0.0000     0.0000       0     84      0    1.00    3.29    1.00      0       0       0       0   result_model_4
C    Q     10   10   max   0.000000    0.000000    0.000000    0.138    0.013426      0.0000     0.0000     0.0000       0     84      0    1.00    3.29    1.00      0       0       0       0   result_model_4

C    R     10   10   asym  0.000000    0.000000    0.000000    0.127    0.012839      0.0000     0.0000     0.0000       0     84      0    1.00    3.29    1.00      0       0       0       0   result_model_4
R    C     10   10   asym  0.000000    0.000000    0.000000    0.127    0.012916      0.0000     0.0000     0.0000       0     84      0    1.00    3.29    1.00      0       0       0       0   result_model_4
C    R     10   10   max   0.000000    0.000000    0.000000    0.127    0.012916      0.0000     0.0000     0.0000       0     84      0    1.00    3.29    1.00      0       0       0       0   result_model_4

C    S     10   10   asym  0.000000    0.000000    0.000000    0.126    0.012938      0.0000     0.0000     0.0000       0     84      0    1.00    3.29    1.00      0       0       0       0   result_model_4
S    C     10   10   asym  0.000000    0.000000    0.000000    0.129    0.012838      0.0000     0.0000     0.0000       0     84      0    1.00    3.29    1.00      0       0       0       0   result_model_4
C    S     10   10   max   0.000000    0.000000    0.000000    0.129    0.012938      0.0000     0.0000     0.0000       0     84      0    1.00    3.29    1.00      0       0       0       0   result_model_4

C    T     10   10   asym  0.000000    0.000000    0.000000    0.120    0.012512      0.0000     0.0000     0.0000       0     84      0    1.00    3.29    1.00      0       0       0       0   result_model_4
T    C     10   10   asym  0.000000    0.000000    0.000000    0.121    0.012478      0.0000     0.0000     0.0000       0     84      0    1.00    3.29    1.00      0       0       0       0   result_model_4
C    T     10   10   max   0.000000    0.000000    0.000000    0.121    0.012512      0.0000     0.0000     0.0000       0     84      0    1.00    3.29    1.00      0       0       0       0   result_model_4

D    E     10   10   asym  0.000000    0.000000    0.000000    0.157    0.014922      0.0191     0.0080     0.0000       0     84      0    1.00    3.29    1.00      0       0       0       0   result_model_4
E    D     10   10   asym  0.000000    0.000000    0.000000    0.159    0.014809      0.0191     0.0080     0.0000       0     84      0    1.00    3.29    1.00      0       0       0       0   result_model_4
D    E     10   10   max   0.000000    0.000000    0.000000    0.159    0.014922      0.0191     0.0080     0.0000       0     84      0    1.00    3.29    1.00      0       0       0       0   result_model_4

D    F     10   10   asym  0.000000    0.000000    0.000000    0.228    0.021232      0.0183     0.0079     0.0000       0     84      0    1.00    3.29    1.00      0       0       0       0   result_model_4
F    D     10   10   asym  0.000000    0.000000    0.000000    0.243    0.020078      0.0183     0.0079     0.0000       0     84      0    1.00    3.29    1.00      0       0       0       0   result_model_4
D    F     10   10   max   0.000000    0.000000    0.000000    0.243    0.021232      0.0183     0.0079     0.0000       0     84      0    1.00    3.29    1.00      0       0       0       0   result_model_4

D    G     10   10   asym  0.000000    0.000000    0.000000    0.146    0.014278      0.0000     0.0000     0.0000       0     84      0    1.00    3.29    1.00      0       0       0       0   result_model_4
G    D     10   10   asym  0.000000    0.000000    0.000000    0.148    0.013956      0.0000     0.0000     0.0000       0     84      0    1.00    3.29    1.00      0       0       0       0   result_model_4
D    G     10   10   max   0.000000    0.000000    0.000000    0.148    0.014278      0.0000     0.0000     0.0000       0     84      0    1.00    3.29    1.00      0       0       0       0   result_model_4

D    H     10   10   asym  0.000000    0.000000    0.000000    0.188    0.017908      0.0000     0.0000     0.0000       0     84      0    1.00    3.29    1.00      0       0       0       0   result_model_4
H    D     10   10   asym  0.000000    0.000000    0.000000    0.200    0.016739      0.0000     0.0000     0.0000       0     84      0    1.00    3.29    1.00      0       0       0       0   result_model_4
D    H     10   10   max   0.000000    0.000000    0.000000    0.200    0.017908      0.0000     0.0000     0.0000       0     84      0    1.00    3.29    1.00      0       0       0       0   result_model_4

D    I     10   10   asym  0.000000    0.000000    0.000000    0.139    0.013661      0.0000     0.0000     0.0000       0     84      0    1.00    3.29    1.00      0       0       0       0   result_model_4
I    D     10   10   asym  0.000000    0.000000    0.000000    0.139    0.013534      0.0000     0.0000     0.0000       0     84      0    1.00    3.29    1.00      0       0       0       0   result_model_4
D    I     10   10   max   0.000000    0.000000    0.000000    0.139    0.013661      0.0000     0.0000     0.0000       0     84      0    1.00    3.29    1.00      0       0       0       0   result_model_4

D    J     10   10   asym  0.000000    0.000000    0.000000    0.162    0.015556      0.0000     0.0000     0.0000       0     84      0    1.00    3.29    1.00      0       0       0       0   result_model_4
J    D     10   10   asym  0.000000    0.000000    0.000000    0.167    0.015044      0.0000     0.0000     0.0000       0     84      0    1.00    3.29    1.00      0       0       0       0   result_model_4
D    J     10   10   max   0.000000    0.000000    0.000000    0.167    0.015556      0.0000     0.0000     0.0000       0     84      0    1.00    3.29    1.00      0       0       0       0   result_model_4

D    K     10   10   asym  0.000000    0.000000    0.000000    0.133    0.013190      0.0000     0.0000     0.0000       0     84      0    1.00    3.29    1.00      0       0       0       0   result_model_4
K    D     10   10   asym  0.000000    0.000000    0.000000    0.131    0.013213      0.0000     0.0000     0.0000       0     84      0    1.00    3.29    1.00      0       0       0       0   result_model_4
D    K     10   10   max   0.000000    0.000000    0.000000    0.133    0.013213      0.0000     0.0000     0.0000       0     84      0    1.00    3.29    1.00      0       0       0       0   result_model_4

D    L     10   10   asym  0.000000    0.000000    0.000000    0.146    0.014203      0.0000     0.0000     0.0000       0     84      0    1.00    3.29    1.00      0       0       0       0   result_model_4
L    D     10   10   asym  0.000000    0.000000    0.000000    0.148    0.014005      0.0000     0.0000     0.0000       0     84      0    1.00    3.29    1.00      0       0       0       0   result_model_4
D    L     10   10   max   0.000000    0.000000    0.000000    0.148    0.014203      0.0000     0.0000     0.0000       0     84      0    1.00    3.29    1.00      0       0       0       0   result_model_4

D    M     10   10   asym  0.000000    0.000000    0.000000    0.127    0.012792      0.0000     0.0000     0.0000       0     84      0    1.00    3.29    1.00      0       0       0       0   result_model_4
M    D     10   10   asym  0.000000    0.000000    0.000000    0.125    0.012889      0.0000     0.0000     0.0000       0     84      0    1.00    3.29    1.00      0       0       0       0   result_model_4
D    M     10   10   max   0.000000    0.000000    0.000000    0.127    0.012889      0.0000     0.0000     0.0000       0     84      0    1.00    3.29    1.00      0       0       0       0   result_model_4

D    N     10   10   asym  0.000000    0.000000    0.000000    0.135    0.013416      0.0000     0.0000     0.0000       0     84      0    1.00    3.29    1.00      0       0       0       0   result_model_4
N    D     10   10   asym  0.000000    0.000000    0.000000    0.136    0.013319      0.0000     0.0000     0.0000       0     84      0    1.00    3.29    1.00      0       0       0       0   result_model_4
D    N     10   10   max   0.000000    0.000000    0.000000    0.136    0.013416      0.0000     0.0000     0.0000       0     84      0    1.00    3.29    1.00      0       0       0       0   result_model_4

D    O     10   10   asym  0.000000    0.000000    0.000000    0.122    0.012441      0.0000     0.0000     0.0000       0     84      0    1.00    3.29    1.00      0       0       0       0   result_model_4
O    D     10   10   asym  0.000000    0.000000    0.000000    0.120    0.012583      0.0000     0.0000     0.0000       0     84      0    1.00    3.29    1.00      0       0       0       0   result_model_4
D    O     10   10   max   0.000000    0.000000    0.000000    0.122    0.012583      0.0000     0.0000     0.0000       0     84      0    1.00    3.29    1.00      0       0       0       0   result_model_4

D    P     10   10   asym  0.000000    0.000000    0.000000    0.128    0.012879      0.0000     0.0000     0.0000       0     84      0    1.00    3.29    1.00      0       0       0       0   result_model_4
P    D     10   10   asym  0.000000    0.000000    0.000000    0.127    0.012922      0.0000     0.0000     0.0000       0     84      0    1.00    3.29    1.00      0       0       0       0   result_model_4
D    P     10   10   max   0.000000    0.000000    0.000000    0.128    0.012922      0.0000     0.0000     0.0000       0     84      0    1.00    3.29    1.00      0       0       0       0   result_model_4

D    Q     10   10   asym  0.000000    0.000000    0.000000    0.117    0.012128      0.0000     0.0000     0.0000       0     84      0    1.00    3.29    1.00      0       0       0       0   result_model_4
Q    D     10   10   asym  0.000000    0.000000    0.000000    0.114    0.012270      0.0000     0.0000     0.0000       0     84      0    1.00    3.29    1.00      0       0       0       0   result_model_4
D    Q     10   10   max   0.000000    0.000000    0.000000    0.117    0.012270      0.0000     0.0000     0.0000       0     84      0    1.00    3.29    1.00      0       0       0       0   result_model_4

D    R     10   10   asym  0.000000    0.000000    0.000000    0.121    0.012435      0.0000     0.0000     0.0000       0     84      0    1.00    3.29    1.00      0       0       0       0   result_model_4
R    D     10   10   asym  0.000000    0.000000    0.000000    0.120    0.012502      0.0000     0.0000     0.0000       0     84      0    1.00    3.29    1.00      0       0       0       0   result_model_4
D    R     10   10   max   0.000000    0.000000    0.000000    0.121    0.012502      0.0000     0.0000     0.0000       0     84      0    1.00    3.29    1.00      0       0       0       0   result_model_4

D    S     10   10   asym  0.000000    0.000000    0.000000    0.111    0.011888      0.0000     0.0000     0.0000       0     84      0    1.00    3.29    1.00      0       0       0       0   result_model_4
S    D     10   10   asym  0.000000    0.000000    0.000000    0.110    0.011956      0.0000     0.0000     0.0000       0     84      0    1.00    3.29    1.00      0       0       0       0   result_model_4
D    S     10   10   max   0.000000    0.000000    0.000000    0.111    0.011956      0.0000     0.0000     0.0000       0     84      0    1.00    3.29    1.00      0       0       0       0   result_model_4

D    T     10   10   asym  0.000000    0.000000    0.000000    0.114    0.012092      0.0000     0.0000     0.0000       0     84      0    1.00    3.29    1.00      0       0       0       0   result_model_4
T    D     10   10   asym  0.000000    0.000000    0.000000    0.114    0.012108      0.0000     0.0000     0.0000       0     84      0    1.00    3.29    1.00      0       0       0       0   result_model_4
D    T     10   10   max   0.000000    0.000000    0.000000    0.114    0.012108      0.0000     0.0000     0.0000       0     84      0    1.00    3.29    1.00      0       0       0       0   result_model_4

E    F     10   10   asym  0.000000    0.000000    0.000000    0.153    0.014809      0.0000     0.0000     0.0000       0     84      0    1.00    3.29    1.00      0       0       0       0   result_model_4
F    E     10   10   asym  0.000000    0.000000    0.000000    0.157    0.014491      0.0000     0.0000     0.0000       0     84      0    1.00    3.29    1.00      0       0       0       0   result_model_4
E    F     10   10   max   0.000000    0.000000    0.000000    0.157    0.014809      0.0000     0.0000     0.0000       0     84      0    1.00    3.29    1.00      0       0       0       0   result_model_4

E    G     10   10   asym  0.000000    0.000000    0.000000    0.198    0.018957      0.0000     0.0000     0.0000       0     84      0    1.00    3.29    1.00      0       0       0       0   result_model_4
G    E     10   10   asym  0.000000    0.000000    0.000000    0.213    0.017501      0.0000     0.0000     0.0000       0     84      0    1.00    3.29    1.00      0       0       0       0   result_model_4
E    G     10   10   max   0.000000    0.000000    0.000000    0.213    0.018957      0.0000     0.0000     0.0000       0     84      0    1.00    3.29    1.00      0       0       0       0   result_model_4

E    H     10   10   asym  0.000000    0.000000    0.000000    0.145    0.014177      0.0000     0.0000     0.0000       0     84      0    1.00    3.29    1.00      0       0       0       0   result_model_4
H    E     10   10   asym  0.000000    0.000000    0.000000    0.147    0.013900      0.0000     0.0000     0.0000       0     84      0    1.00    3.29    1.00      0       0       0       0   result_model_4
E    H     10   10   max   0.000000    0.000000    0.000000    0.147    0.014177      0.0000     0.0000     0.0000       0     84      0    1.00    3.29    1.00      0       0       0       0   result_model_4

E    I     10   10   asym  0.000000    0.000000    0.000000    0.167    0.015922      0.0000     0.0000     0.0000       0     84      0    1.00    3.29    1.00      0       0       0       0   result_model_4
I    E     10   10   asym  0.000000    0.000000    0.000000    0.173    0.015393      0.0000     0.0000     0.0000       0     84      0    1.00    3.29    1.00      0       0       0       0   result_model_4
E    I     10   10   max   0.000000    0.000000    0.000000    0.173    0.015922      0.0000     0.0000     0.0000       0     84      0    1.00    3.29    1.00      0       0       0       0   result_model_4

E    J     10   10   asym  0.000000    0.000000    0.000000    0.138    0.013630      0.0000     0.0000     0.0000       0     84      0    1.00    3.29    1.00      0       0       0       0   result_model_4
J    E     10   10   asym  0.000000    0.000000    0.000000    0.138    0.013467      0.0000     0.0000     0.0000       0     84      0    1.00    3.29    1.00      0       0       0       0   result_model_4
E    J     10   10   max   0.000000    0.000000    0.000000    0.138    0.013630      0.0000     0.0000     0.0000       0     84      0    1.00    3.29    1.00      0       0       0       0   result_model_4

E    K     10   10   asym  0.000000    0.000000    0.000000    0.149    0.014391      0.0000     0.0000     0.0000       0     84      0    1.00    3.29    1.00      0       0       0       0   result_model_4
K    E     10   10   asym  0.000000    0.000000    0.000000    0.151    0.014183      0.0000     0.0000     0.0000       0     84      0    1.00    3.29    1.00      0       0       0       0   result_model_4
E    K     10   10   max   0.000000    0.000000    0.000000    0.151    0.014391      0.0000     0.0000     0.0000       0     84      0    1.00    3.29    1.00      0       0       0       0   result_model_4

E    L     10   10   asym  0.000000    0.000000    0.000000    0.133    0.013208      0.0000     0.0000     0.0000       0     84      0    1.00    3.29    1.00      0       0       0       0   result_model_4
L    E     10   10   asym  0.000000    0.000000    0.000000    0.132    0.013178      0.0000     0.0000     0.0000       0     84      0    1.00    3.29    1.00      0       0       0       0   result_model_4
E    L     10   10   max   0.000000    0.000000    0.000000    0.133    0.013208      0.0000     0.0000     0.0000       0     84      0    1.00    3.29    1.00      0       0       0       0   result_model_4

E    M     10   10   asym  0.000000    0.000000    0.000000    0.137    0.013525      0.0000     0.0000     0.0000       0     84      0    1.00    3.29    1.00      0       0       0       0   result_model_4
M    E     10   10   asym  0.000000    0.000000    0.000000    0.138    0.013454      0.0000     0.0000     0.0000       0     84      0    1.00    3.29    1.00      0       0       0       0   result_model_4
E    M     10   10   max   0.000000    0.000000    0.000000    0.138    0.013525      0.0000     0.0000     0.0000       0     84      0    1.00    3.29    1.00      0       0       0       0   result_model_4

E    N     10   10   asym  0.000000    0.000000    0.000000    0.127    0.012838      0.0000     0.0000     0.0000       0     84      0    1.00    3.29    1.00      0       0       0       0   result_model_4
N    E     10   10   asym  0.000000    0.000000    0.000000    0.126    0.012864      0.0000     0.0000     0.0000       0     84      0    1.00    3.29    1.00      0       0       0       0   result_model_4
E    N     10   10   max   0.000000    0.000000    0.000000    0.127    0.012864      0.0000     0.0000     0.0000       0     84      0    1.00    3.29    1.00      0       0       0       0   result_model_4

E    O     10   10   asym  0.000000    0.000000    0.000000    0.129    0.012939      0.0000     0.0000     0.0000       0     84      0    1.00    3.29    1.00      0       0       0       0   result_model_4
O    E     10   10   asym  0.000000    0.000000    0.000000    0.129    0.012964      0.0000     0.0000     0.0000       0     84      0    1.00    3.29    1.00      0       0       0       0   result_model_4
E    O     10   10   max   0.000000    0.000000    0.000000    0.129    0.012964      0.0000     0.0000     0.0000       0     84      0    1.00    3.29    1.00      0       0       0       0   result_model_4

E    P     10   10   asym  0.000000    0.000000    0.000000    0.121    0.012490      0.0000     0.0000     0.0000       0     84      0    1.00    3.29    1.00      0       0       0       0   result_model_4
P    E     10   10   asym  0.000000    0.000000    0.000000    0.121    0.012566      0.0000     0.0000     0.0000       0     84      0    1.00    3.29    1.00      0       0       0       0   result_model_4
E    P     10   10   max   0.000000    0.000000    0.000000    0.121    0.012566      0.0000     0.0000     0.0000       0     84      0    1.00    3.29    1.00      0       0       0       0   result_model_4

E    Q     10   10   asym  0.000000    0.000000    0.000000    0.122    0.012467      0.0000     0.0000     0.0000       0     84      0    1.00    3.29    1.00      0       0       0       0   result_model_4
Q    E     10   10   asym  0.000000    0.000000    0.000000    0.121    0.012569      0.0000     0.0000     0.0000       0     84      0    1.00    3.29    1.00      0       0       0       0   result_model_4
E    Q     10   10   max   0.000000    0.000000    0.000000    0.122    0.012569      0.0000     0.0000     0.0000       0     84      0    1.00    3.29    1.00      0       0       0       0   result_model_4

E    R     10   10   asym  0.000000    0.000000    0.000000    0.115    0.012172      0.0000     0.0000     0.0000       0     84      0    1.00    3.29    1.00      0       0       0       0   result_model_4
R    E     10   10   asym  0.000000    0.000000    0.000000    0.115    0.012219      0.0000     0.0000     0.0000       0     84      0    1.00    3.29    1.00      0       0       0       0   result_model_4
E    R     10   10   max   0.000000    0.000000    0.000000    0.115    0.012219      0.0000     0.0000     0.0000       0     84      0    1.00    3.29    1.00      0       0       0       0   result_model_4

E    S     10   10   asym  0.000000    0.000000    0.000000    0.116    0.012099      0.0000     0.0000     0.0000       0     84      0    1.00    3.29    1.00      0       0       0       0   result_model_4
S    E     10   10   asym  0.000000    0.000000    0.000000    0.114    0.012199      0.0000     0.0000     0.0000       0     84      0    1.00    3.29    1.00      0       0       0       0   result_model_4
E    S     10   10   max   0.000000    0.000000    0.000000    0.116    0.012199      0.0000     0.0000     0.0000       0     84      0    1.00    3.29    1.00      0       0       0       0   result_model_4

E    T     10   10   asym  0.000000    0.000000    0.000000    0.110    0.011906      0.0000     0.0000     0.0000       0     84      0    1.00    3.29    1.00      0       0       0       0   result_model_4
T    E     10   10   asym  0.000000    0.000000    0.000000    0.111    0.011886      0.0000     0.0000     0.0000       0     84      0    1.00    3.29    1.00      0       0       0       0   result_model_4
E    T     10   10   max   0.000000    0.000000    0.000000    0.111    0.011906      0.0000     0.0000     0.0000       0     84      0    1.00    3.29    1.00      0       0       0       0   result_model_4

F    G     10   10   asym  0.000000    0.000000    0.000000    0.161    0.015308      0.0189     0.0081     0.0000       0     84      0    1.00    3.29    1.00      0       0       0       0   result_model_4
G    F     10   10   asym  0.000000    0.000000    0.000000    0.165    0.014983      0.0189     0.0081     0.0000       0     84      0    1.00    3.29    1.00      0       0       0       0   result_model_4
F    G     10   10   max   0.000000    0.000000    0.000000    0.165    0.015308      0.0189     0.0081     0.0000       0     84      0    1.00    3.29    1.00      0       0       0       0   result_model_4

F    H     10   10   asym  0.000000    0.000000    0.000000    0.237    0.021086      0.0246     0.0085     0.0000       0     84      0    1.00    3.29    1.00      0       0       0       0   result_model_4
H    F     10   10   asym  0.000000    0.000000    0.000000    0.246    0.020629      0.0246     0.0085     0.0000       0     84      0    1.00    3.29    1.00      0       0       0       0   result_model_4
F    H     10   10   max   0.000000    0.000000    0.000000    0.246    0.021086      0.0246     0.0085     0.0000       0     84      0    1.00    3.29    1.00      0       0       0       0   result_model_4

F    I     10   10   asym  0.000000    0.000000    0.000000    0.152    0.014489      0.0000     0.0000     0.0000       0     84      0    1.00    3.29    1.00      0       0       0       0   result_model_4
I    F     10   10   asym  0.000000    0.000000    0.000000    0.153    0.014345      0.0000     0.0000     0.0000       0     84      0    1.00    3.29    1.00      0       0       0       0   result_model_4
F    I     10   10   max   0.000000    0.000000    0.000000    0.153    0.014489      0.0000     0.0000     0.0000       0     84      0    1.00    3.29    1.00      0       0       0       0   result_model_4

F    J     10   10   asym  0.000000    0.000000    0.000000    0.197    0.017612      0.0183     0.0079     0.0000       0     84      0    1.00    3.29    1.00      0       0       0       0   result_model_4
J    F     10   10   asym  0.000000    0.000000    0.000000    0.200    0.017236      0.0183     0.0079     0.0000       0     84      0    1.00    3.29    1.00      0       0       0       0   result_model_4
F    J     10   10   max   0.000000    0.000000    0.000000    0.200    0.017612      0.0183     0.0079     0.0000       0     84      0    1.00    3.29    1.00      0       0       0       0   result_model_4

F    K     10   10   asym  0.000000    0.000000    0.000000    0.145    0.013851      0.0000     0.0000     0.0000       0     84      0    1.00    3.29    1.00      0       0       0       0   result_model_4
K    F     10   10   asym  0.000000    0.000000    0.000000    0.143    0.013877      0.0000     0.0000     0.0000       0     84      0    1.00    3.29    1.00      0       0       0       0   result_model_4
F    K     10   10   max   0.000000    0.000000    0.000000    0.145    0.013877      0.0000     0.0000     0.0000       0     84      0    1.00    3.29    1.00      0       0       0       0   result_model_4

F    L     10   10   asym  0.000000    0.000000    0.000000    0.169    0.015421      0.0000     0.0000     0.0000       0     84      0    1.00    3.29    1.00      0       0       0       0   result_model_4
L    F     10   10   asym  0.000000    0.000000    0.000000    0.168    0.015330      0.0000     0.0000     0.0000       0     84      0    1.00    3.29    1.00      0       0       0       0   result_model_4
F    L     10   10   max   0.000000    0.000000    0.000000    0.169    0.015421      0.0000     0.0000     0.0000       0     84      0    1.00    3.29    1.00      0       0       0       0   result_model_4

F    M     10   10   asym  0.000000    0.000000    0.000000    0.140    0.013445      0.0000     0.0000     0.0000       0     84      0    1.00    3.29    1.00      0       0       0       0   result_model_4
M    F     10   10   asym  0.000000    0.000000    0.000000    0.136    0.013618      0.0000     0.0000     0.0000       0     84      0    1.00    3.29    1.00      0       0       0       0   result_model_4
F    M     10   10   max   0.000000    0.000000    0.000000    0.140    0.013618      0.0000     0.0000     0.0000       0     84      0    1.00    3.29    1.00      0       0       0       0   result_model_4

F    N     10   10   asym  0.000000    0.000000    0.000000    0.152    0.014315      0.0000     0.0000     0.0000       0     84      0    1.00    3.29    1.00      0       0       0       0   result_model_4
N    F     10   10   asym  0.000000    0.000000    0.000000    0.151    0.014309      0.0000     0.0000     0.0000       0     84      0    1.00    3.29    1.00      0       0       0       0   result_model_4
F    N     10   10   max   0.000000    0.000000    0.000000    0.152    0.014315      0.0000     0.0000     0.0000       0     84      0    1.00    3.29    1.00      0       0       0       0   result_model_4

F    O     10   10   asym  0.000000    0.000000    0.000000    0.135    0.013087      0.0000     0.0000     0.0000       0     84      0    1.00    3.29    1.00      0       0       0       0   result_model_4
O    F     10   10   asym  0.000000    0.000000    0.000000    0.131    0.013353      0.0000     0.0000     0.0000       0     84      0    1.00    3.29    1.00      0       0       0       0   result_model_4
F    O     10   10   max   0.000000    0.000000    0.000000    0.135    0.013353      0.0000     0.0000     0.0000       0     84      0    1.00    3.29    1.00      0       0       0       0   result_model_4

F    P     10   10   asym  0.000000    0.000000    0.000000    0.145    0.013786      0.0000     0.0000     0.0000       0     84      0    1.00    3.29    1.00      0       0       0       0   result_model_4
P    F     10   10   asym  0.000000    0.000000    0.000000    0.143    0.013928      0.0000     0.0000     0.0000       0     84      0    1.00    3.29    1.00      0       0       0       0   result_model_4
F    P     10   10   max   0.000000    0.000000    0.000000    0.145    0.013928      0.0000     0.0000     0.0000       0     84      0    1.00    3.29    1.00      0       0       0       0   result_model_4

F    Q     10   10   asym  0.000000    0.000000    0.000000    0.129    0.012736      0.0000     0.0000     0.0000       0     84      0    1.00    3.29    1.00      0       0       0       0   result_model_4
Q    F     10   10   asym  0.000000    0.000000    0.000000    0.125    0.013011      0.0000     0.0000     0.0000       0     84      0    1.00    3.29    1.00      0       0       0       0   result_model_4
F    Q     10   10   max   0.000000    0.000000    0.000000    0.129    0.013011      0.0000     0.0000     0.0000       0     84      0    1.00    3.29    1.00      0       0       0       0   result_model_4

F    R     10   10   asym  0.000000    0.000000    0.000000    0.136    0.013277      0.0000     0.0000     0.0000       0     84      0    1.00    3.29    1.00      0       0       0       0   result_model_4
R    F     10   10   asym  0.000000    0.000000    0.000000    0.135    0.013401      0.0000     0.0000     0.0000       0     84      0    1.00    3.29    1.00      0       0       0       0   result_model_4
F    R     10   10   max   0.000000    0.000000    0.000000    0.136    0.013401      0.0000     0.0000     0.0000       0     84      0    1.00    3.29    1.00      0       0       0       0   result_model_4

F    S     10   10   asym  0.000000    0.000000    0.000000    0.121    0.012413      0.0000     0.0000     0.0000       0     84      0    1.00    3.29    1.00      0       0       0       0   result_model_4
S    F     10   10   asym  0.000000    0.000000    0.000000    0.119    0.012546      0.0000     0.0000     0.0000       0     84      0    1.00    3.29    1.00      0       0       0       0   result_model_4
F    S     10   10   max   0.000000    0.000000    0.000000    0.121    0.012546      0.0000     0.0000     0.0000       0     84      0    1.00    3.29    1.00      0       0       0       0   result_model_4

F    T     10   10   asym  0.000000    0.000000    0.000000    0.126    0.012823      0.0000     0.0000     0.0000       0     84      0    1.00    3.29    1.00      0       0       0       0   result_model_4
T    F     10   10   asym  0.000000    0.000000    0.000000    0.126    0.012799      0.0000     0.0000     0.0000       0     84      0    1.00    3.29    1.00      0       0       0       0   result_model_4
F    T     10   10   max   0.000000    0.000000    0.000000    0.126    0.012823      0.0000     0.0000     0.0000       0     84      0    1.00    3.29    1.00      0       0       0       0   result_model_4

G    H     10   10   asym  0.000000    0.000000    0.000000    0.164    0.015349      0.0192     0.0081     0.0000       0     84      0    1.00    3.29    1.00      0       0       0       0   result_model_4
H    G     10   10   asym  0.000000    0.000000    0.000000    0.166    0.015216      0.0192     0.0081     0.0000       0     84      0    1.00    3.29    1.00      0       0       0       0   result_model_4
G    H     10   10   max   0.000000    0.000000    0.000000    0.166    0.015349      0.0192     0.0081     0.0000       0     84      0    1.00    3.29    1.00      0       0       0       0   result_model_4

G    I     10   10   asym  0.000000    0.000000    0.000000    0.231    0.019743      0.0241     0.0084     0.0000       0     84      0    1.00    3.29    1.00      0       0       0       0   result_model_4
I    G     10   10   asym  0.000000    0.000000    0.000000    0.234    0.019795      0.0241     0.0084     0.0000       0     84      0    1.00    3.29    1.00      0       0       0       0   result_model_4
G    I     10   10   max   0.000000    0.000000    0.000000    0.234    0.019795      0.0241     0.0084     0.0000       0     84      0    1.00    3.29    1.00      0       0       0       0   result_model_4

G    J     10   10   asym  0.000000    0.000000    0.000000    0.155    0.014510      0.0189     0.0080     0.0000       0     84      0    1.00    3.29    1.00      0       0       0       0   result_model_4
J    G     10   10   asym  0.000000    0.000000    0.000000    0.153    0.014538      0.0189     0.0080     0.0000       0     84      0    1.00    3.29    1.00      0       0       0       0   result_model_4
G    J     10   10   max   0.000000    0.000000    0.000000    0.155    0.014538      0.0189     0.0080     0.0000       0     84      0    1.00    3.29    1.00      0       0       0       0   result_model_4

G    K     10   10   asym  0.000000    0.000000    0.000000    0.191    0.016644      0.0000     0.0000     0.0000       0     84      0    1.00    3.29    1.00      0       0       0       0   result_model_4
K    G     10   10   asym  0.000000    0.000000    0.000000    0.189    0.016715      0.0000     0.0000     0.0000       0     84      0    1.00    3.29    1.00      0       0       0       0   result_model_4
G    K     10   10   max   0.000000    0.000000    0.000000    0.191    0.016715      0.0000     0.0000     0.0000       0     84      0    1.00    3.29    1.00      0       0       0       0   result_model_4

G    L     10   10   asym  0.000000    0.000000    0.000000    0.148    0.014006      0.0000     0.0000     0.0000       0     84      0    1.00    3.29    1.00      0       0       0       0   result_model_4
L    G     10   10   asym  0.000000    0.000000    0.000000    0.146    0.014094      0.0000     0.0000     0.0000       0     84      0    1.00    3.29    1.00      0       0       0       0   result_model_4
G    L     10   10   max   0.000000    0.000000    0.000000    0.148    0.014094      0.0000     0.0000     0.0000       0     84      0    1.00    3.29    1.00      0       0       0       0   result_model_4

G    M     10   10   asym  0.000000    0.000000    0.000000    0.165    0.015086      0.0000     0.0000     0.0000       0     84      0    1.00    3.29    1.00      0       0       0       0   result_model_4
M    G     10   10   asym  0.000000    0.000000    0.000000    0.165    0.015122      0.0000     0.0000     0.0000       0     84      0    1.00    3.29    1.00      0       0       0       0   result_model_4
G    M     10   10   max   0.000000    0.000000    0.000000    0.165    0.015122      0.0000     0.0000     0.0000       0     84      0    1.00    3.29    1.00      0       0       0       0   result_model_4

G    N     10   10   asym  0.000000    0.000000    0.000000    0.142    0.013603      0.0000     0.0000     0.0000       0     84      0    1.00    3.29    1.00      0       0       0       0   result_model_4
N    G     10   10   asym  0.000000    0.000000    0.000000    0.139    0.013764      0.0000     0.0000     0.0000       0     84      0    1.00    3.29    1.00      0       0       0       0   result_model_4
G    N     10   10   max   0.000000    0.000000    0.000000    0.142    0.013764      0.0000     0.0000     0.0000       0     84      0    1.00    3.29    1.00      0       0       0       0   result_model_4

G    O     10   10   asym  0.000000    0.000000    0.000000    0.153    0.014239      0.0000     0.0000     0.0000       0     84      0    1.00    3.29    1.00      0       0       0       0   result_model_4
O    G     10   10   asym  0.000000    0.000000    0.000000    0.152    0.014412      0.0000     0.0000     0.0000       0     84      0    1.00    3.29    1.00      0       0       0       0   result_model_4
G    O     10   10   max   0.000000    0.000000    0.000000    0.153    0.014412      0.0000     0.0000     0.0000       0     84      0    1.00    3.29    1.00      0       0       0       0   result_model_4

G    P     10   10   asym  0.000000    0.000000    0.000000    0.139    0.013273      0.0000     0.0000     0.0000       0     84      0    1.00    3.29    1.00      0       0       0       0   result_model_4
P    G     10   10   asym  0.000000    0.000000    0.000000    0.134    0.013568      0.0000     0.0000     0.0000       0     84      0    1.00    3.29    1.00      0       0       0       0   result_model_4
G    P     10   10   max   0.000000    0.000000    0.000000    0.139    0.013568      0.0000     0.0000     0.0000       0     84      0    1.00    3.29    1.00      0       0       0       0   result_model_4

G    Q     10   10   asym  0.000000    0.000000    0.000000    0.146    0.013734      0.0000     0.0000     0.0000       0     84      0    1.00    3.29    1.00      0       0       0       0   result_model_4
Q    G     10   10   asym  0.000000    0.000000    0.000000    0.144    0.013956      0.0000     0.0000     0.0000       0     84      0    1.00    3.29    1.00      0       0       0       0   result_model_4
G    Q     10   10   max   0.000000    0.000000    0.000000    0.146    0.013956      0.0000     0.0000     0.0000       0     84      0    1.00    3.29    1.00      0       0       0       0   result_model_4

G    R     10   10   asym  0.000000    0.000000    0.000000    0.133    0.012943      0.0000     0.0000     0.0000       0     84      0    1.00    3.29    1.00      0       0       0       0   result_model_4
R    G     10   10   asym  0.000000    0.000000    0.000000    0.129    0.013254      0.0000     0.0000     0.0000       0     84      0    1.00    3.29    1.00      0       0       0       0   result_model_4
G    R     10   10   max   0.000000    0.000000    0.000000    0.133    0.013254      0.0000     0.0000     0.0000       0     84      0    1.00    3.29    1.00      0       0       0       0   result_model_4

G    S     10   10   asym  0.000000    0.000000    0.000000    0.134    0.013217      0.0000     0.0000     0.0000       0     84      0    1.00    3.29    1.00      0       0       0       0   result_model_4
S    G     10   10   asym  0.000000    0.000000    0.000000    0.135    0.013327      0.0000     0.0000     0.0000       0     84      0    1.00    3.29    1.00      0       0       0       0   result_model_4
G    S     10   10   max   0.000000    0.000000    0.000000    0.135    0.013327      0.0000     0.0000     0.0000       0     84      0    1.00    3.29    1.00      0       0       0       0   result_model_4

G    T     10   10   asym  0.000000    0.000000    0.000000    0.125    0.012631      0.0000     0.0000     0.0000       0     84      0    1.00    3.29    1.00      0       0       0       0   result_model_4
T    G     10   10   asym  0.000000    0.000000    0.000000    0.124    0.012790      0.0000     0.0000     0.0000       0     84      0    1.00    3.29    1.00      0       0       0       0   result_model_4
G    T     10   10   max   0.000000    0.000000    0.000000    0.125    0.012790      0.0000     0.0000     0.0000       0     84      0    1.00    3.29    1.00      0       0       0       0   result_model_4

H    I     10   10   asym  0.000000    0.000000    0.000000    0.161    0.015079      0.0189     0.0081     0.0000       0     84      0    1.00    3.29    1.00      0       0       0       0   result_model_4
I    H     10   10   asym  0.000000    0.000000    0.000000    0.162    0.014975      0.0189     0.0081     0.0000       0     84      0    1.00    3.29    1.00      0       0       0       0   result_model_4
H    I     10   10   max   0.000000    0.000000    0.000000    0.162    0.015079      0.0189     0.0081     0.0000       0     84      0    1.00    3.29    1.00      0       0       0       0   result_model_4

H    J     10   10   asym  0.000000    0.000000    0.000000    0.223    0.019342      0.0242     0.0084     0.0000       0     84      0    1.00    3.29    1.00      0       0       0       0   result_model_4
J    H     10   10   asym  0.000000    0.000000    0.000000    0.226    0.019327      0.0242     0.0084     0.0000       0     84      0    1.00    3.29    1.00      0       0       0       0   result_model_4
H    J     10   10   max   0.000000    0.000000    0.000000    0.226    0.019342      0.0242     0.0084     0.0000       0     84      0    1.00    3.29    1.00      0       0       0       0   result_model_4

H    K     10   10   asym  0.000000    0.000000    0.000000    0.151    0.014247      0.0000     0.0000     0.0000       0     84      0    1.00    3.29    1.00      0       0       0       0   result_model_4
K    H     10   10   asym  0.000000    0.000000    0.000000    0.150    0.014295      0.0000     0.0000     0.0000       0     84      0    1.00    3.29    1.00      0       0       0       0   result_model_4
H    K     10   10   max   0.000000    0.000000    0.000000    0.151    0.014295      0.0000     0.0000     0.0000       0     84      0    1.00    3.29    1.00      0       0       0       0   result_model_4

H    L     10   10   asym  0.000000    0.000000    0.000000    0.186    0.016327      0.0183     0.0078     0.0000       0     84      0    1.00    3.29    1.00      0       0       0       0   result_model_4
L    H     10   10   asym  0.000000    0.000000    0.000000    0.183    0.016442      0.0183     0.0078     0.0000       0     84      0    1.00    3.29    1.00      0       0       0       0   result_model_4
H    L     10   10   max   0.000000    0.000000    0.000000    0.186    0.016442      0.0183     0.0078     0.0000       0     84      0    1.00    3.29    1.00      0       0       0       0   result_model_4

H    M     10   10   asym  0.000000    0.000000    0.000000    0.144    0.013698      0.0000     0.0000     0.0000       0     84      0    1.00    3.29    1.00      0       0       0       0   result_model_4
M    H     10   10   asym  0.000000    0.000000    0.000000    0.141    0.013871      0.0000     0.0000     0.0000       0     84      0    1.00    3.29    1.00      0       0       0       0   result_model_4
H    M     10   10   max   0.000000    0.000000    0.000000    0.144    0.013871      0.0000     0.0000     0.0000       0     84      0    1.00    3.29    1.00      0       0       0       0   result_model_4

H    N     10   10   asym  0.000000    0.000000    0.000000    0.162    0.014928      0.0000     0.0000     0.0000       0     84      0    1.00    3.29    1.00      0       0       0       0   result_model_4
N    H     10   10   asym  0.000000    0.000000    0.000000    0.162    0.014957      0.0000     0.0000     0.0000       0     84      0    1.00    3.29    1.00      0       0       0       0   result_model_4
H    N     10   10   max   0.000000    0.000000    0.000000    0.162    0.014957      0.0000     0.0000     0.0000       0     84      0    1.00    3.29    1.00      0       0       0       0   result_model_4

H    O     10   10   asym  0.000000    0.000000    0.000000    0.140    0.013322      0.0000     0.0000     0.0000       0     84      0    1.00    3.29    1.00      0       0       0       0   result_model_4
O    H     10   10   asym  0.000000    0.000000    0.000000    0.135    0.013674      0.0000     0.0000     0.0000       0     84      0    1.00    3.29    1.00      0       0       0       0   result_model_4
H    O     10   10   max   0.000000    0.000000    0.000000    0.140    0.013674      0.0000     0.0000     0.0000       0     84      0    1.00    3.29    1.00      0       0       0       0   result_model_4

H    P     10   10   asym  0.000000    0.000000    0.000000    0.152    0.014126      0.0000     0.0000     0.0000       0     84      0    1.00    3.29    1.00      0       0       0       0   result_model_4
P    H     10   10   asym  0.000000    0.000000    0.000000    0.149    0.014370      0.0000     0.0000     0.0000       0     84      0    1.00    3.29    1.00      0       0       0       0   result_model_4
H    P     10   10   max   0.000000    0.000000    0.000000    0.152    0.014370      0.0000     0.0000     0.0000       0     84      0    1.00    3.29    1.00      0       0       0       0   result_model_4

H    Q     10   10   asym  0.000000    0.000000    0.000000    0.135    0.012938      0.0000     0.0000     0.0000       0     84      0    1.00    3.29    1.00      0       0       0       0   result_model_4
Q    H     10   10   asym  0.000000    0.000000    0.000000    0.129    0.013370      0.0000     0.0000     0.0000       0     84      0    1.00    3.29    1.00      0       0       0       0   result_model_4
H    Q     10   10   max   0.000000    0.000000    0.000000    0.135    0.013370      0.0000     0.0000     0.0000       0     84      0    1.00    3.29    1.00      0       0       0       0   result_model_4

H    R     10   10   asym  0.000000    0.000000    0.000000    0.144    0.013612      0.0000     0.0000     0.0000       0     84      0    1.00    3.29    1.00      0       0       0       0   result_model_4
R    H     10   10   asym  0.000000    0.000000    0.000000    0.141    0.013914      0.0000     0.0000     0.0000       0     84      0    1.00    3.29    1.00      0       0       0       0   result_model_4
H    R     10   10   max   0.000000    0.000000    0.000000    0.144    0.013914      0.0000     0.0000     0.0000       0     84      0    1.00    3.29    1.00      0       0       0       0   result_model_4

H    S     10   10   asym  0.000000    0.000000    0.000000    0.127    0.012576      0.0000     0.0000     0.0000       0     84      0    1.00    3.29    1.00      0       0       0       0   result_model_4
S    H     10   10   asym  0.000000    0.000000    0.000000    0.122    0.012895      0.0000     0.0000     0.0000       0     84      0    1.00    3.29    1.00      0       0       0       0   result_model_4
H    S     10   10   max   0.000000    0.000000    0.000000    0.127    0.012895      0.0000     0.0000     0.0000       0     84      0    1.00    3.29    1.00      0       0       0       0   result_model_4

H    T     10   10   asym  0.000000    0.000000    0.000000    0.133    0.013104      0.0000     0.0000     0.0000       0     84      0    1.00    3.29    1.00      0       0       0       0   result_model_4
T    H     10   10   asym  0.000000    0.000000    0.000000    0.132    0.013257      0.0000     0.0000     0.0000       0     84      0    1.00    3.29    1.00      0       0       0       0   result_model_4
H    T     10   10   max   0.000000    0.000000    0.000000    0.133    0.013257      0.0000     0.0000     0.0000       0     84      0    1.00    3.29    1.00      0       0       0       0   result_model_4

I    J     10   10   asym  0.000000    0.000000    0.000000    0.163    0.015273      0.0192     0.0081     0.0000       0     84      0    1.00    3.29    1.00      0       0       0       0   result_model_4
J    I     10   10   asym  0.000000    0.000000    0.000000    0.165    0.015121      0.0192     0.0081     0.0000       0     84      0    1.00    3.29    1.00      0       0       0       0   result_model_4
I    J     10   10   max   0.000000    0.000000    0.000000    0.165    0.015273      0.0192     0.0081     0.0000       0     84      0    1.00    3.29    1.00      0       0       0       0   result_model_4

I    K     10   10   asym  0.000000    0.000000    0.000000    0.221    0.018894      0.0241     0.0083     0.0000       0     84      0    1.00    3.29    1.00      0       0       0       0   result_model_4
K    I     10   10   asym  0.000000    0.000000    0.000000    0.225    0.018896      0.0241     0.0083     0.0000       0     84      0    1.00    3.29    1.00      0       0       0       0   result_model_4
I    K     10   10   max   0.000000    0.000000    0.000000    0.225    0.018896      0.0241     0.0083     0.0000       0     84      0    1.00    3.29    1.00      0       0       0       0   result_model_4

I    L     10   10   asym  0.000000    0.000000    0.000000    0.153    0.014326      0.0188     0.0080     0.0000       0     84      0    1.00    3.29    1.00      0       0       0       0   result_model_4
L    I     10   10   asym  0.000000    0.000000    0.000000    0.151    0.014428      0.0188     0.0080     0.0000       0     84      0    1.00    3.29    1.00      0       0       0       0   result_model_4
I    L     10   10   max   0.000000    0.000000    0.000000    0.153    0.014428      0.0188     0.0080     0.0000       0     84      0    1.00    3.29    1.00      0       0       0       0   result_model_4

I    M     10   10   asym  0.000000    0.000000    0.000000    0.188    0.016412      0.0000     0.0000     0.0000       0     84      0    1.00    3.29    1.00      0       0       0       0   result_model_4
M    I     10   10   asym  0.000000    0.000000    0.000000    0.188    0.016519      0.0000     0.0000     0.0000       0     84      0    1.00    3.29    1.00      0       0       0       0   result_model_4
I    M     10   10   max   0.000000    0.000000    0.000000    0.188    0.016519      0.0000     0.0000     0.0000       0     84      0    1.00    3.29    1.00      0       0       0       0   result_model_4

I    N     10   10   asym  0.000000    0.000000    0.000000    0.147    0.013880      0.0000     0.0000     0.0000       0     84      0    1.00    3.29    1.00      0       0       0       0   result_model_4
N    I     10   10   asym  0.000000    0.000000    0.000000    0.144    0.014045      0.0000     0.0000     0.0000       0     84      0    1.00    3.29    1.00      0       0       0       0   result_model_4
I    N     10   10   max   0.000000    0.000000    0.000000    0.147    0.014045      0.0000     0.0000     0.0000       0     84      0    1.00    3.29    1.00      0       0       0       0   result_model_4

I    O     10   10   asym  0.000000    0.000000    0.000000    0.167    0.015151      0.0000     0.0000     0.0000       0     84      0    1.00    3.29    1.00      0       0       0       0   result_model_4
O    I     10   10   asym  0.000000    0.000000    0.000000    0.168    0.015263      0.0000     0.0000     0.0000       0     84      0    1.00    3.29    1.00      0       0       0       0   result_model_4
I    O     10   10   max   0.000000    0.000000    0.000000    0.168    0.015263      0.0000     0.0000     0.0000       0     84      0    1.00    3.29    1.00      0       0       0       0   result_model_4

I    P     10   10   asym  0.000000    0.000000    0.000000    0.142    0.013496      0.0000     0.0000     0.0000       0     84      0    1.00    3.29    1.00      0       0       0       0   result_model_4
P    I     10   10   asym  0.000000    0.000000    0.000000    0.138    0.013759      0.0000     0.0000     0.0000       0     84      0    1.00    3.29    1.00      0       0       0       0   result_model_4
I    P     10   10   max   0.000000    0.000000    0.000000    0.142    0.013759      0.0000     0.0000     0.0000       0     84      0    1.00    3.29    1.00      0       0       0       0   result_model_4

I    Q     10   10   asym  0.000000    0.000000    0.000000    0.156    0.014291      0.0000     0.0000     0.0000       0     84      0    1.00    3.29    1.00      0       0       0       0   result_model_4
Q    I     10   10   asym  0.000000    0.000000    0.000000    0.153    0.014578      0.0000     0.0000     0.0000       0     84      0    1.00    3.29    1.00      0       0       0       0   result_model_4
I    Q     10   10   max   0.000000    0.000000    0.000000    0.156    0.014578      0.0000     0.0000     0.0000       0     84      0    1.00    3.29    1.00      0       0       0       0   result_model_4

I    R     10   10   asym  0.000000    0.000000    0.000000    0.137    0.013112      0.0000     0.0000     0.0000       0     84      0    1.00    3.29    1.00      0       0       0       0   result_model_4
R    I     10   10   asym  0.000000    0.000000    0.000000    0.132    0.013515      0.0000     0.0000     0.0000       0     84      0    1.00    3.29    1.00      0       0       0       0   result_model_4
I    R     10   10   max   0.000000    0.000000    0.000000    0.137    0.013515      0.0000     0.0000     0.0000       0     84      0    1.00    3.29    1.00      0       0       0       0   result_model_4

I    S     10   10   asym  0.000000    0.000000    0.000000    0.144    0.013674      0.0000     0.0000     0.0000       0     84      0    1.00    3.29    1.00      0       0       0       0   result_model_4
S    I     10   10   asym  0.000000    0.000000    0.000000    0.143    0.013946      0.0000     0.0000     0.0000       0     84      0    1.00    3.29    1.00      0       0       0       0   result_model_4
I    S     10   10   max   0.000000    0.000000    0.000000    0.144    0.013946      0.0000     0.0000     0.0000       0     84      0    1.00    3.29    1.00      0       0       0       0   result_model_4

I    T     10   10   asym  0.000000    0.000000    0.000000    0.130    0.012798      0.0000     0.0000     0.0000       0     84      0    1.00    3.29    1.00      0       0       0       0   result_model_4
T    I     10   10   asym  0.000000    0.000000    0.000000    0.127    0.013099      0.0000     0.0000     0.0000       0     84      0    1.00    3.29    1.00      0       0       0       0   result_model_4
I    T     10   10   max   0.000000    0.000000    0.000000    0.130    0.013099      0.0000     0.0000     0.0000       0     84      0    1.00    3.29    1.00      0       0       0       0   result_model_4

J    K     10   10   asym  0.000000    0.000000    0.000000    0.160    0.014902      0.0189     0.0081     0.0000       0     84      0    1.00    3.29    1.00      0       0       0       0   result_model_4
K    J     10   10   asym  0.000000    0.000000    0.000000    0.160    0.014917      0.0189     0.0081     0.0000       0     84      0    1.00    3.29    1.00      0       0       0       0   result_model_4
J    K     10   10   max   0.000000    0.000000    0.000000    0.160    0.014917      0.0189     0.0081     0.0000       0     84      0    1.00    3.29    1.00      0       0       0       0   result_model_4

J    L     10   10   asym  0.000000    0.000000    0.000000    0.216    0.018453      0.0240     0.0083     0.0000       0     84      0    1.00    3.29    1.00      0       0       0       0   result_model_4
L    J     10   10   asym  0.000000    0.000000    0.000000    0.217    0.018650      0.0240     0.0083     0.0000       0     84      0    1.00    3.29    1.00      0       0       0       0   result_model_4
J    L     10   10   max   0.000000    0.000000    0.000000    0.217    0.018650      0.0240     0.0083     0.0000       0     84      0    1.00    3.29    1.00      0       0       0       0   result_model_4

J    M     10   10   asym  0.000000    0.000000    0.000000    0.150    0.014123      0.0000     0.0000     0.0000       0     84      0    1.00    3.29    1.00      0       0       0       0   result_model_4
M    J     10   10   asym  0.000000    0.000000    0.000000    0.149    0.014278      0.0000     0.0000     0.0000       0     84      0    1.00    3.29    1.00      0       0       0       0   result_model_4
J    M     10   10   max   0.000000    0.000000    0.000000    0.150    0.014278      0.0000     0.0000     0.0000       0     84      0    1.00    3.29    1.00      0       0       0       0   result_model_4

J    N     10   10   asym  0.000000    0.000000    0.000000    0.183    0.016150      0.0183     0.0078     0.0000       0     84      0    1.00    3.29    1.00      0       0       0       0   result_model_4
N    J     10   10   asym  0.000000    0.000000    0.000000    0.182    0.016374      0.0183     0.0078     0.0000       0     84      0    1.00    3.29    1.00      0       0       0       0   result_model_4
J    N     10   10   max   0.000000    0.000000    0.000000    0.183    0.016374      0.0183     0.0078     0.0000       0     84      0    1.00    3.29    1.00      0       0       0       0   result_model_4

J    O     10   10   asym  0.000000    0.000000    0.000000    0.144    0.013604      0.0000     0.0000     0.0000       0     84      0    1.00    3.29    1.00      0       0       0       0   result_model_4
O    J     10   10   asym  0.000000    0.000000    0.000000    0.141    0.013885      0.0000     0.0000     0.0000       0     84      0    1.00    3.29    1.00      0       0       0       0   result_model_4
J    O     10   10   max   0.000000    0.000000    0.000000    0.144    0.013885      0.0000     0.0000     0.0000       0     84      0    1.00    3.29    1.00      0       0       0       0   result_model_4

J    P     10   10   asym  0.000000    0.000000    0.000000    0.166    0.014996      0.0000     0.0000     0.0000       0     84      0    1.00    3.29    1.00      0       0       0       0   result_model_4
P    J     10   10   asym  0.000000    0.000000    0.000000    0.164    0.015222      0.0000     0.0000     0.0000       0     84      0    1.00    3.29    1.00      0       0       0       0   result_model_4
J    P     10   10   max   0.000000    0.000000    0.000000    0.166    0.015222      0.0000     0.0000     0.0000       0     84      0    1.00    3.29    1.00      0       0       0       0   result_model_4

J    Q     10   10   asym  0.000000    0.000000    0.000000    0.140    0.013197      0.0000     0.0000     0.0000       0     84      0    1.00    3.29    1.00      0       0       0       0   result_model_4
Q    J     10   10   asym  0.000000    0.000000    0.000000    0.134    0.013646      0.0000     0.0000     0.0000       0     84      0    1.00    3.29    1.00      0       0       0       0   result_model_4
J    Q     10   10   max   0.000000    0.000000    0.000000    0.140    0.013646      0.0000     0.0000     0.0000       0     84      0    1.00    3.29    1.00      0       0       0       0   result_model_4

J    R     10   10   asym  0.000000    0.000000    0.000000    0.154    0.014152      0.0000     0.0000     0.0000       0     84      0    1.00    3.29    1.00      0       0       0       0   result_model_4
R    J     10   10   asym  0.000000    0.000000    0.000000    0.150    0.014498      0.0000     0.0000     0.0000       0     84      0    1.00    3.29    1.00      0       0       0       0   result_model_4
J    R     10   10   max   0.000000    0.000000    0.000000    0.154    0.014498      0.0000     0.0000     0.0000       0     84      0    1.00    3.29    1.00      0       0       0       0   result_model_4

J    S     10   10   asym  0.000000    0.000000    0.000000    0.133    0.012808      0.0000     0.0000     0.0000       0     84      0    1.00    3.29    1.00      0       0       0       0   result_model_4
S    J     10   10   asym  0.000000    0.000000    0.000000    0.127    0.013244      0.0000     0.0000     0.0000       0     84      0    1.00    3.29    1.00      0       0       0       0   result_model_4
J    S     10   10   max   0.000000    0.000000    0.000000    0.133    0.013244      0.0000     0.0000     0.0000       0     84      0    1.00    3.29    1.00      0       0       0       0   result_model_4

J    T     10   10   asym  0.000000    0.000000    0.000000    0.143    0.013553      0.0000     0.0000     0.0000       0     84      0    1.00    3.29    1.00      0       0       0       0   result_model_4
T    J     10   10   asym  0.000000    0.000000    0.000000    0.140    0.013882      0.0000     0.0000     0.0000       0     84      0    1.00    3.29    1.00      0       0       0       0   result_model_4
J    T     10   10   max   0.000000    0.000000    0.000000    0.143    0.013882      0.0000     0.0000     0.0000       0     84      0    1.00    3.29    1.00      0       0       0       0   result_model_4

K    L     10   10   asym  0.000000    0.000000    0.000000    0.162    0.015150      0.0192     0.0081     0.0000       0     84      0    1.00    3.29    1.00      0       0       0       0   result_model_4
L    K     10   10   asym  0.000000    0.000000    0.000000    0.164    0.014982      0.0192     0.0081     0.0000       0     84      0    1.00    3.29    1.00      0       0       0       0   result_model_4
K    L     10   10   max   0.000000    0.000000    0.000000    0.164    0.015150      0.0192     0.0081     0.0000       0     84      0    1.00    3.29    1.00      0       0       0       0   result_model_4

K    M     10   10   asym  0.000000    0.000000    0.000000    0.224    0.018993      0.0241     0.0083     0.0000       0     84      0    1.00    3.29    1.00      0       0       0       0   result_model_4
M    K     10   10   asym  0.000000    0.000000    0.000000    0.228    0.019060      0.0241     0.0083     0.0000       0     84      0    1.00    3.29    1.00      0       0       0       0   result_model_4
K    M     10   10   max   0.000000    0.000000    0.000000    0.228    0.019060      0.0241     0.0083     0.0000       0     84      0    1.00    3.29    1.00      0       0       0       0   result_model_4

K    N     10   10   asym  0.000000    0.000000    0.000000    0.152    0.014231      0.0188     0.0080     0.0000       0     84      0    1.00    3.29    1.00      0       0       0       0   result_model_4
N    K     10   10   asym  0.000000    0.000000    0.000000    0.150    0.014376      0.0188     0.0080     0.0000       0     84      0    1.00    3.29    1.00      0       0       0       0   result_model_4
K    N     10   10   max   0.000000    0.000000    0.000000    0.152    0.014376      0.0188     0.0080     0.0000       0     84      0    1.00    3.29    1.00      0       0       0       0   result_model_4

K    O     10   10   asym  0.000000    0.000000    0.000000    0.197    0.016781      0.0000     0.0000     0.0000       0     84      0    1.00    3.29    1.00      0       0       0       0   result_model_4
O    K     10   10   asym  0.000000    0.000000    0.000000    0.194    0.017133      0.0000     0.0000     0.0000       0     84      0    1.00    3.29    1.00      0       0       0       0   result_model_4
K    O     10   10   max   0.000000    0.000000    0.000000    0.197    0.017133      0.0000     0.0000     0.0000       0     84      0    1.00    3.29    1.00      0       0       0       0   result_model_4

K    P     10   10   asym  0.000000    0.000000    0.000000    0.147    0.013765      0.0000     0.0000     0.0000       0     84      0    1.00    3.29    1.00      0       0       0       0   result_model_4
P    K     10   10   asym  0.000000    0.000000    0.000000    0.143    0.014059      0.0000     0.0000     0.0000       0     84      0    1.00    3.29    1.00      0       0       0       0   result_model_4
K    P     10   10   max   0.000000    0.000000    0.000000    0.147    0.014059      0.0000     0.0000     0.0000       0     84      0    1.00    3.29    1.00      0       0       0       0   result_model_4

K    Q     10   10   asym  0.000000    0.000000    0.000000    0.176    0.015500      0.0000     0.0000     0.0000       0     84      0    1.00    3.29    1.00      0       0       0       0   result_model_4
Q    K     10   10   asym  0.000000    0.000000    0.000000    0.174    0.015848      0.0000     0.0000     0.0000       0     84      0    1.00    3.29    1.00      0       0       0       0   result_model_4
K    Q     10   10   max   0.000000    0.000000    0.000000    0.176    0.015848      0.0000     0.0000     0.0000       0     84      0    1.00    3.29    1.00      0       0       0       0   result_model_4

K    R     10   10   asym  0.000000    0.000000    0.000000    0.141    0.013330      0.0000     0.0000     0.0000       0     84      0    1.00    3.29    1.00      0       0       0       0   result_model_4
R    K     10   10   asym  0.000000    0.000000    0.000000    0.136    0.013751      0.0000     0.0000     0.0000       0     84      0    1.00    3.29    1.00      0       0       0       0   result_model_4
K    R     10   10   max   0.000000    0.000000    0.000000    0.141    0.013751      0.0000     0.0000     0.0000       0     84      0    1.00    3.29    1.00      0       0       0       0   result_model_4

K    S     10   10   asym  0.000000    0.000000    0.000000    0.158    0.014449      0.0000     0.0000     0.0000       0     84      0    1.00    3.29    1.00      0       0       0       0   result_model_4
S    K     10   10   asym  0.000000    0.000000    0.000000    0.155    0.014797      0.0000     0.0000     0.0000       0     84      0    1.00    3.29    1.00      0       0       0       0   result_model_4
K    S     10   10   max   0.000000    0.000000    0.000000    0.158    0.014797      0.0000     0.0000     0.0000       0     84      0    1.00    3.29    1.00      0       0       0       0   result_model_4

K    T     10   10   asym  0.000000    0.000000    0.000000    0.134    0.012955      0.0000     0.0000     0.0000       0     84      0    1.00    3.29    1.00      0       0       0       0   result_model_4
T    K     10   10   asym  0.000000    0.000000    0.000000    0.130    0.013355      0.0000     0.0000     0.0000       0     84      0    1.00    3.29    1.00      0       0       0       0   result_model_4
K    T     10   10   max   0.000000    0.000000    0.000000    0.134    0.013355      0.0000     0.0000     0.0000       0     84      0    1.00    3.29    1.00      0       0       0       0   result_model_4

L    M     10   10   asym  0.000000    0.000000    0.000000    0.159    0.014794      0.0189     0.0081     0.0000       0     84      0    1.00    3.29    1.00      0       0       0       0   result_model_4
M    L     10   10   asym  0.000000    0.000000    0.000000    0.159    0.014866      0.0189     0.0081     0.0000       0     84      0    1.00    3.29    1.00      0       0       0       0   result_model_4
L    M     10   10   max   0.000000    0.000000    0.000000    0.159    0.014866      0.0189     0.0081     0.0000       0     84      0    1.00    3.29    1.00      0       0       0       0   result_model_4

L    N     10   10   asym  0.000000    0.000000    0.000000    0.220    0.018813      0.0240     0.0083     0.0000       0     84      0    1.00    3.29    1.00      0       0       0       0   result_model_4
N    L     10   10   asym  0.000000    0.000000    0.000000    0.224    0.019035      0.0240     0.0083     0.0000       0     84      0    1.00    3.29    1.00      0       0       0       0   result_model_4
L    N     10   10   max   0.000000    0.000000    0.000000    0.224    0.019035      0.0240     0.0083     0.0000       0     84      0    1.00    3.29    1.00      0       0       0       0   result_model_4

L    O     10   10   asym  0.000000    0.000000    0.000000    0.152    0.014053      0.0000     0.0000     0.0000       0     84      0    1.00    3.29    1.00      0       0       0       0   result_model_4
O    L     10   10   asym  0.000000    0.000000    0.000000    0.149    0.014343      0.0000     0.0000     0.0000       0     84      0    1.00    3.29    1.00      0       0       0       0   result_model_4
L    O     10   10   max   0.000000    0.000000    0.000000    0.152    0.014343      0.0000     0.0000     0.0000       0     84      0    1.00    3.29    1.00      0       0       0       0   result_model_4

L    P     10   10   asym  0.000000    0.000000    0.000000    0.194    0.016590      0.0183     0.0078     0.0000       0     84      0    1.00    3.29    1.00      0       0       0       0   result_model_4
P    L     10   10   asym  0.000000    0.000000    0.000000    0.190    0.017055      0.0183     0.0078     0.0000       0     84      0    1.00    3.29    1.00      0       0       0       0   result_model_4
L    P     10   10   max   0.000000    0.000000    0.000000    0.194    0.017055      0.0183     0.0078     0.0000       0     84      0    1.00    3.29    1.00      0       0       0       0   result_model_4

L    Q     10   10   asym  0.000000    0.000000    0.000000    0.144    0.013514      0.0000     0.0000     0.0000       0     84      0    1.00    3.29    1.00      0       0       0       0   result_model_4
Q    L     10   10   asym  0.000000    0.000000    0.000000    0.140    0.013907      0.0000     0.0000     0.0000       0     84      0    1.00    3.29    1.00      0       0       0       0   result_model_4
L    Q     10   10   max   0.000000    0.000000    0.000000    0.144    0.013907      0.0000     0.0000     0.0000       0     84      0    1.00    3.29    1.00      0       0       0       0   result_model_4

L    R     10   10   asym  0.000000    0.000000    0.000000    0.173    0.015346      0.0000     0.0000     0.0000       0     84      0    1.00    3.29    1.00      0       0       0       0   result_model_4
R    L     10   10   asym  0.000000    0.000000    0.000000    0.170    0.015731      0.0000     0.0000     0.0000       0     84      0    1.00    3.29    1.00      0       0       0       0   result_model_4
L    R     10   10   max   0.000000    0.000000    0.000000    0.173    0.015731      0.0000     0.0000     0.0000       0     84      0    1.00    3.29    1.00      0       0       0       0   result_model_4

L    S     10   10   asym  0.000000    0.000000    0.000000    0.138    0.013096      0.0000     0.0000     0.0000       0     84      0    1.00    3.29    1.00      0       0       0       0   result_model_4
S    L     10   10   asym  0.000000    0.000000    0.000000    0.132    0.013536      0.0000     0.0000     0.0000       0     84      0    1.00    3.29    1.00      0       0       0       0   result_model_4
L    S     10   10   max   0.000000    0.000000    0.000000    0.138    0.013536      0.0000     0.0000     0.0000       0     84      0    1.00    3.29    1.00      0       0       0       0   result_model_4

L    T     10   10   asym  0.000000    0.000000    0.000000    0.156    0.014336      0.0000     0.0000     0.0000       0     84      0    1.00    3.29    1.00      0       0       0       0   result_model_4
T    L     10   10   asym  0.000000    0.000000    0.000000    0.153    0.014736      0.0000     0.0000     0.0000       0     84      0    1.00    3.29    1.00      0       0       0       0   result_model_4
L    T     10   10   max   0.000000    0.000000    0.000000    0.156    0.014736      0.0000     0.0000     0.0000       0     84      0    1.00    3.29    1.00      0       0       0       0   result_model_4

M    N     10   10   asym  0.000000    0.000000    0.000000    0.160    0.014970      0.0192     0.0081     0.0000       0     84      0    1.00    3.29    1.00      0       0       0       0   result_model_4
N    M     10   10   asym  0.000000    0.000000    0.000000    0.161    0.014855      0.0192     0.0081     0.0000       0     84      0    1.00    3.29    1.00      0       0       0       0   result_model_4
M    N     10   10   max   0.000000    0.000000    0.000000    0.161    0.014970      0.0192     0.0081     0.0000       0     84      0    1.00    3.29    1.00      0       0       0       0   result_model_4

M    O     10   10   asym  0.000000    0.000000    0.000000    0.236    0.019596      0.0244     0.0084     0.0000       0     84      0    1.00    3.29    1.00      0       0       0       0   result_model_4
O    M     10   10   asym  0.000000    0.000000    0.000000    0.238    0.020106      0.0244     0.0084     0.0000       0     84      0    1.00    3.29    1.00      0       0       0       0   result_model_4
M    O     10   10   max   0.000000    0.000000    0.000000    0.238    0.020106      0.0244     0.0084     0.0000       0     84      0    1.00    3.29    1.00      0       0       0       0   result_model_4

M    P     10   10   asym  0.000000    0.000000    0.000000    0.154    0.014164      0.0188     0.0080     0.0000       0     84      0    1.00    3.29    1.00      0       0       0       0   result_model_4
P    M     10   10   asym  0.000000    0.000000    0.000000    0.150    0.014441      0.0188     0.0080     0.0000       0     84      0    1.00    3.29    1.00      0       0       0       0   result_model_4
M    P     10   10   max   0.000000    0.000000    0.000000    0.154    0.014441      0.0188     0.0080     0.0000       0     84      0    1.00    3.29    1.00      0       0       0       0   result_model_4

M    Q     10   10   asym  0.000000    0.000000    0.000000    0.210    0.017253      0.0183     0.0078     0.0000       0     84      0    1.00    3.29    1.00      0       0       0       0   result_model_4
Q    M     10   10   asym  0.000000    0.000000    0.000000    0.202    0.018060      0.0183     0.0079     0.0000       0     84      0    1.00    3.29    1.00      0       0       0       0   result_model_4
M    Q     10   10   max   0.000000    0.000000    0.000000    0.210    0.018060      0.0183     0.0079     0.0000       0     84      0    1.00    3.29    1.00      0       0       0       0   result_model_4

M    R     10   10   asym  0.000000    0.000000    0.000000    0.148    0.013633      0.0000     0.0000     0.0000       0     84      0    1.00    3.29    1.00      0       0       0       0   result_model_4
R    M     10   10   asym  0.000000    0.000000    0.000000    0.141    0.014085      0.0000     0.0000     0.0000       0     84      0    1.00    3.29    1.00      0       0       0       0   result_model_4
M    R     10   10   max   0.000000    0.000000    0.000000    0.148    0.014085      0.0000     0.0000     0.0000       0     84      0    1.00    3.29    1.00      0       0       0       0   result_model_4

M    S     10   10   asym  0.000000    0.000000    0.000000    0.181    0.015779      0.0000     0.0000     0.0000       0     84      0    1.00    3.29    1.00      0       0       0       0   result_model_4
S    M     10   10   asym  0.000000    0.000000    0.000000    0.178    0.016319      0.0000     0.0000     0.0000       0     84      0    1.00    3.29    1.00      0       0       0       0   result_model_4
M    S     10   10   max   0.000000    0.000000    0.000000    0.181    0.016319      0.0000     0.0000     0.0000       0     84      0    1.00    3.29    1.00      0       0       0       0   result_model_4

M    T     10   10   asym  0.000000    0.000000    0.000000    0.139    0.013207      0.0000     0.0000     0.0000       0     84      0    1.00    3.29    1.00      0       0       0       0   result_model_4
T    M     10   10   asym  0.000000    0.000000    0.000000    0.134    0.013615      0.0000     0.0000     0.0000       0     84      0    1.00    3.29    1.00      0       0       0       0   result_model_4
M    T     10   10   max   0.000000    0.000000    0.000000    0.139    0.013615      0.0000     0.0000     0.0000       0     84      0    1.00    3.29    1.00      0       0       0       0   result_model_4

N    O     10   10   asym  0.000000    0.000000    0.000000    0.159    0.014682      0.0189     0.0081     0.0000       0     84      0    1.00    3.29    1.00      0       0       0       0   result_model_4
O    N     10   10   asym  0.000000    0.000000    0.000000    0.158    0.014870      0.0189     0.0081     0.0000       0     84      0    1.00    3.29    1.00      0       0       0       0   result_model_4
N    O     10   10   max   0.000000    0.000000    0.000000    0.159    0.014870      0.0189     0.0081     0.0000       0     84      0    1.00    3.29    1.00      0       0       0       0   result_model_4

N    P     10   10   asym  0.000000    0.000000    0.000000    0.233    0.019549      0.0242     0.0084     0.0000       0     84      0    1.00    3.29    1.00      0       0       0       0   result_model_4
P    N     10   10   asym  0.000000    0.000000    0.000000    0.231    0.020056      0.0242     0.0084     0.0000       0     84      0    1.00    3.29    1.00      0       0       0       0   result_model_4
N    P     10   10   max   0.000000    0.000000    0.000000    0.233    0.020056      0.0242     0.0084     0.0000       0     84      0    1.00    3.29    1.00      0       0       0       0   result_model_4

N    Q     10   10   asym  0.000000    0.000000    0.000000    0.153    0.013966      0.0000     0.0000     0.0000       0     84      0    1.00    3.29    1.00      0       0       0       0   result_model_4
Q    N     10   10   asym  0.000000    0.000000    0.000000    0.148    0.014398      0.0000     0.0000     0.0000       0     84      0    1.00    3.29    1.00      0       0       0       0   result_model_4
N    Q     10   10   max   0.000000    0.000000    0.000000    0.153    0.014398      0.0000     0.0000     0.0000       0     84      0    1.00    3.29    1.00      0       0       0       0   result_model_4

N    R     10   10   asym  0.000000    0.000000    0.000000    0.205    0.016980      0.0183     0.0078     0.0000       0     84      0    1.00    3.29    1.00      0       0       0       0   result_model_4
R    N     10   10   asym  0.000000    0.000000    0.000000    0.197    0.017922      0.0183     0.0079     0.0000       0     84      0    1.00    3.29    1.00      0       0       0       0   result_model_4
N    R     10   10   max   0.000000    0.000000    0.000000    0.205    0.017922      0.0183     0.0079     0.0000       0     84      0    1.00    3.29    1.00      0       0       0       0   result_model_4

N    S     10   10   asym  0.000000    0.000000    0.000000    0.143    0.013426      0.0000     0.0000     0.0000       0     84      0    1.00    3.29    1.00      0       0       0       0   result_model_4
S    N     10   10   asym  0.000000    0.000000    0.000000    0.138    0.013838      0.0000     0.0000     0.0000       0     84      0    1.00    3.29    1.00      0       0       0       0   result_model_4
N    S     10   10   max   0.000000    0.000000    0.000000    0.143    0.013838      0.0000     0.0000     0.0000       0     84      0    1.00    3.29    1.00      0       0       0       0   result_model_4

N    T     10   10   asym  0.000000    0.000000    0.000000    0.178    0.015562      0.0000     0.0000     0.0000       0     84      0    1.00    3.29    1.00      0       0       0       0   result_model_4
T    N     10   10   asym  0.000000    0.000000    0.000000    0.173    0.016088      0.0000     0.0000     0.0000       0     84      0    1.00    3.29    1.00      0       0       0       0   result_model_4
N    T     10   10   max   0.000000    0.000000    0.000000    0.178    0.016088      0.0000     0.0000     0.0000       0     84      0    1.00    3.29    1.00      0       0       0       0   result_model_4

O    P     10   10   asym  0.000000    0.000000    0.000000    0.160    0.014936      0.0192     0.0081     0.0000       0     84      0    1.00    3.29    1.00      0       0       0       0   result_model_4
P    O     10   10   asym  0.000000    0.000000    0.000000    0.161    0.014804      0.0192     0.0080     0.0000       0     84      0    1.00    3.29    1.00      0       0       0       0   result_model_4
O    P     10   10   max   0.000000    0.000000    0.000000    0.161    0.014936      0.0192     0.0081     0.0000       0     84      0    1.00    3.29    1.00      0       0       0       0   result_model_4

O    Q     10   10   asym  0.000000    0.000000    0.000000    0.247    0.020280      0.0244     0.0084     0.0000       0     84      0    1.00    3.29    1.00      0       0       0       0   result_model_4
Q    O     10   10   asym  0.000000    0.000000    0.000000    0.246    0.020882      0.0244     0.0085     0.0000       0     84      0    1.00    3.29    1.00      0       0       0       0   result_model_4
O    Q     10   10   max   0.000000    0.000000    0.000000    0.247    0.020882      0.0244     0.0085     0.0000       0     84      0    1.00    3.29    1.00      0       0       0       0   result_model_4

O    R     10   10   asym  0.000000    0.000000    0.000000    0.155    0.014162      0.0188     0.0080     0.0000       0     84      0    1.00    3.29    1.00      0       0       0       0   result_model_4
R    O     10   10   asym  0.000000    0.000000    0.000000    0.150    0.014474      0.0188     0.0080     0.0000       0     84      0    1.00    3.29    1.00      0       0       0       0   result_model_4
O    R     10   10   max   0.000000    0.000000    0.000000    0.155    0.014474      0.0188     0.0080     0.0000       0     84      0    1.00    3.29    1.00      0       0       0       0   result_model_4

O    S     10   10   asym  0.000000    0.000000    0.000000    0.212    0.017532      0.0183     0.0078     0.0000       0     84      0    1.00    3.29    1.00      0       0       0       0   result_model_4
S    O     10   10   asym  0.000000    0.000000    0.000000    0.207    0.018413      0.0183     0.0079     0.0000       0     84      0    1.00    3.29    1.00      0       0       0       0   result_model_4
O    S     10   10   max   0.000000    0.000000    0.000000    0.212    0.018413      0.0183     0.0079     0.0000       0     84      0    1.00    3.29    1.00      0       0       0       0   result_model_4

O    T     10   10   asym  0.000000    0.000000    0.000000    0.146    0.013600      0.0000     0.0000     0.0000       0     84      0    1.00    3.29    1.00      0       0       0       0   result_model_4
T    O     10   10   asym  0.000000    0.000000    0.000000    0.141    0.013945      0.0000     0.0000     0.0000       0     84      0    1.00    3.29    1.00      0       0       0       0   result_model_4
O    T     10   10   max   0.000000    0.000000    0.000000    0.146    0.013945      0.0000     0.0000     0.0000       0     84      0    1.00    3.29    1.00      0       0       0       0   result_model_4

P    Q     10   10   asym  0.000000    0.000000    0.000000    0.160    0.014620      0.0189     0.0080     0.0000       0     84      0    1.00    3.29    1.00      0       0       0       0   result_model_4
Q    P     10   10   asym  0.000000    0.000000    0.000000    0.157    0.014865      0.0189     0.0081     0.0000       0     84      0    1.00    3.29    1.00      0       0       0       0   result_model_4
P    Q     10   10   max   0.000000    0.000000    0.000000    0.160    0.014865      0.0189     0.0081     0.0000       0     84      0    1.00    3.29    1.00      0       0       0       0   result_model_4

P    R     10   10   asym  0.000000    0.000000    0.000000    0.241    0.020166      0.0243     0.0084     0.0000       0     84      0    1.00    3.29    1.00      0       0       0       0   result_model_4
R    P     10   10   asym  0.000000    0.000000    0.000000    0.240    0.020757      0.0243     0.0085     0.0000       0     84      0    1.00    3.29    1.00      0       0       0       0   result_model_4
P    R     10   10   max   0.000000    0.000000    0.000000    0.241    0.020757      0.0243     0.0085     0.0000       0     84      0    1.00    3.29    1.00      0       0       0       0   result_model_4

P    S     10   10   asym  0.000000    0.000000    0.000000    0.152    0.014033      0.0000     0.0000     0.0000       0     84      0    1.00    3.29    1.00      0       0       0       0   result_model_4
S    P     10   10   asym  0.000000    0.000000    0.000000    0.147    0.014321      0.0000     0.0000     0.0000       0     84      0    1.00    3.29    1.00      0       0       0       0   result_model_4
P    S     10   10   max   0.000000    0.000000    0.000000    0.152    0.014321      0.0000     0.0000     0.0000       0     84      0    1.00    3.29    1.00      0       0       0       0   result_model_4

P    T     10   10   asym  0.000000    0.000000    0.000000    0.207    0.017264      0.0183     0.0078     0.0000       0     84      0    1.00    3.29    1.00      0       0       0       0   result_model_4
T    P     10   10   asym  0.000000    0.000000    0.000000    0.202    0.018170      0.0183     0.0079     0.0000       0     84      0    1.00    3.29    1.00      0       0       0       0   result_model_4
P    T     10   10   max   0.000000    0.000000    0.000000    0.207    0.018170      0.0183     0.0079     0.0000       0     84      0    1.00    3.29    1.00      0       0       0       0   result_model_4

Q    R     10   10   asym  0.000000    0.000000    0.000000    0.159    0.014858      0.0192     0.0080     0.0000       0     84      0    1.00    3.29    1.00      0       0       0       0   result_model_4
R    Q     10   10   asym  0.000000    0.000000    0.000000    0.160    0.014730      0.0192     0.0080     0.0000       0     84      0    1.00    3.29    1.00      0       0       0       0   result_model_4
Q    R     10   10   max   0.000000    0.000000    0.000000    0.160    0.014858      0.0192     0.0080     0.0000       0     84      0    1.00    3.29    1.00      0       0       0       0   result_model_4

Q    S     10   10   asym  0.000000    0.000000    0.000000    0.238    0.020137      0.0238     0.0084     0.0000       0     84      0    1.00    3.29    1.00      0       0       0       0   result_model_4
S    Q     10   10   asym  0.000000    0.000000    0.000000    0.243    0.020496      0.0238     0.0084     0.0000       0     84      0    1.00    3.29    1.00      0       0       0       0   result_model_4
Q    S     10   10   max   0.000000    0.000000    0.000000    0.243    0.020496      0.0238     0.0084     0.0000       0     84      0    1.00    3.29    1.00      0       0       0       0   result_model_4

Q    T     10   10   asym  0.000000    0.000000    0.000000    0.150    0.014083      0.0187     0.0079     0.0000       0     84      0    1.00    3.29    1.00      0       0       0       0   result_model_4
T    Q     10   10   asym  0.000000    0.000000    0.000000    0.147    0.014268      0.0187     0.0080     0.0000       0     84      0    1.00    3.29    1.00      0       0       0       0   result_model_4
Q    T     10   10   max   0.000000    0.000000    0.000000    0.150    0.014268      0.0187     0.0080     0.0000       0     84      0    1.00    3.29    1.00      0       0       0       0   result_model_4

R    S     10   10   asym  0.000000    0.000000    0.000000    0.155    0.014527      0.0188     0.0080     0.0000       0     84      0    1.00    3.29    1.00      0       0       0       0   result_model_4
S    R     10   10   asym  0.000000    0.000000    0.000000    0.156    0.014595      0.0188     0.0080     0.0000       0     84      0    1.00    3.29    1.00      0       0       0       0   result_model_4
R    S     10   10   max   0.000000    0.000000    0.000000    0.156    0.014595      0.0188     0.0080     0.0000       0     84      0    1.00    3.29    1.00      0       0       0       0   result_model_4

R    T     10   10   asym  0.000000    0.000000    0.000000    0.230    0.019422      0.0239     0.0084     0.0000       0     84      0    1.00    3.29    1.00      0       0       0       0   result_model_4
T    R     10   10   asym  0.000000    0.000000    0.000000    0.232    0.019657      0.0239     0.0084     0.0000       0     84      0    1.00    3.29    1.00      0       0       0       0   result_model_4
R    T     10   10   max   0.000000    0.000000    0.000000    0.232    0.019657      0.0239     0.0084     0.0000       0     84      0    1.00    3.29    1.00      0       0       0       0   result_model_4

S    T     10   10   asym  0.000000    0.000000    0.000000    0.154    0.014645      0.0191     0.0080     0.0000       0     84      0    1.00    3.29    1.00      0       0       0       0   result_model_4
T    S     10   10   asym  0.000000    0.000000    0.000000    0.156    0.014500      0.0191     0.0080     0.0000       0     84      0    1.00    3.29    1.00      0       0       0       0   result_model_4
S    T     10   10   max   0.000000    0.000000    0.000000    0.156    0.014645      0.0191     0.0080     0.0000       0     84      0    1.00    3.29    1.00      0       0       0       0   result_model_4

