
Chn1 Chn2  PAE Dist  Type   ipSAE    ipSAE_d0chn ipSAE_d0dom  ipTM_af  ipTM_d0chn     pDockQ     pDockQ2    LIS       n0res  n0chn  n0dom   d0res   d0chn   d0dom  nres1   nres2   dist1   dist2  Model
A    B     10   10   asym  0.000000    0.000000    0.000000    0.169    0.015527      0.0192     0.0081     0.0000       0     84      0    1.00    3.29    1.00      0       0       0       0   result_model_2
B    A     10   10   asym  0.000000    0.000000    0.000000    0.168    0.015667      0.0192     0.0081     0.0000       0     84      0    1.00    3.29    1.00      0       0       0       0   result_model_2
A    B     10   10   max   0.000000    0.000000    0.000000    0.169    0.015667      0.0192     0.0081     0.0000       0     84      0    1.00    3.29    1.00      0       0       0       0   result_model_2

A    C     10   10   asym  0.000000    0.000000    0.000000    0.282    0.025884      0.0243     0.0089     0.0000       0     84      0    1.00    3.29    1.00      0       0       0       0   result_model_2
C    A     10   10   asym  0.000000    0.000000    0.000000    0.277    0.026399      0.0243     0.0090     0.0000       0     84      0    1.00    3.29    1.00      0       0       0       0   result_model_2
A    C     10   10   max   0.000000    0.000000    0.000000    0.282    0.026399      0.0243     0.0090     0.0000       0     84      0    1.00    3.29    1.00      0       0       0       0   result_model_2

A    D     10   10   asym  0.000000    0.000000    0.000000    0.171    0.015297      0.0196     0.0081     0.0000       0     84      0    1.00    3.29    1.00      0       0       0       0   result_model_2
D    A     10   10   asym  0.000000    0.000000    0.000000    0.165    0.015559      0.0196     0.0081     0.0000       0     84      0    1.00    3.29    1.00      0       0       0       0   result_model_2
A    D     10   10   max   0.000000    0.000000    0.000000    0.171    0.015559      0.0196     0.0081     0.0000       0     84      0    1.00    3.29    1.00      0       0       0       0   result_model_2

A    E     10   10   asym  0.000000    0.000000    0.000000    0.265    0.024314      0.0252     0.0089     0.0000       0     84      0    1.00    3.29    1.00      0       0       0       0   result_model_2
E    A     10   10   asym  0.000000    0.000000    0.000000    0.267    0.023580      0.0252     0.0088     0.0000       0     84      0    1.00    3.29    1.00      0       0       0       0   result_model_2
A    E     10   10   max   0.000000    0.000000    0.000000    0.267    0.024314      0.0252     0.0089     0.0000       0     84      0    1.00    3.29    1.00      0       0       0       0   result_model_2

A    F     10   10   asym  0.000000    0.000000    0.000000    0.163    0.014983      0.0189     0.0081     0.0000       0     84      0    1.00    3.29    1.00      0       0       0       0   result_model_2
F    A     10   10   asym  0.000000    0.000000    0.000000    0.160    0.014980      0.0189     0.0081     0.0000       0     84      0    1.00    3.29    1.00      0       0       0       0   result_model_2
A    F     10   10   max   0.000000    0.000000    0.000000    0.163    0.014983      0.0189     0.0081     0.0000       0     84      0    1.00    3.29    1.00      0       0       0       0   result_model_2

A    G     10   10   asym  0.000000    0.000000    0.000000    0.213    0.019464      0.0183     0.0079     0.0000       0     84      0    1.00    3.29    1.00      0       0       0       0   result_model_2
G    A     10   10   asym  0.000000    0.000000    0.000000    0.218    0.018487      0.0183     0.0079     0.0000       0     84      0    1.00    3.29    1.00      0       0       0       0   result_model_2
A    G     10   10   max   0.000000    0.000000    0.000000    0.218    0.019464      0.0183     0.0079     0.0000       0     84      0    1.00    3.29    1.00      0       0       0       0   result_model_2

A    H     10   10   asym  0.000000    0.000000    0.000000    0.149    0.014221      0.0183     0.0079     0.0000       0     84      0    1.00    3.29    1.00      0       0       0       0   result_model_2
H    A     10   10   asym  0.000000    0.000000    0.000000    0.148    0.014117      0.0183     0.0079     0.0000       0     84      0    1.00    3.29    1.00      0       0       0       0   result_model_2
A    H     10   10   max   0.000000    0.000000    0.000000    0.149    0.014221      0.0183     0.0079     0.0000       0     84      0    1.00    3.29    1.00      0       0       0       0   result_model_2

A    I     10   10   asym  0.000000    0.000000    0.000000    0.180    0.016323      0.0000     0.0000     0.0000       0     84      0    1.00    3.29    1.00      0       0       0       0   result_model_2
I    A     10   10   asym  0.000000    0.000000    0.000000    0.178    0.016035      0.0000     0.0000     0.0000       0     84      0    1.00    3.29    1.00      0       0       0       0   result_model_2
A    I     10   10   max   0.000000    0.000000    0.000000    0.180    0.016323      0.0000     0.0000     0.0000       0     84      0    1.00    3.29    1.00      0       0       0       0   result_model_2

A    J     10   10   asym  0.000000    0.000000    0.000000    0.140    0.013624      0.0000     0.0000     0.0000       0     84      0    1.00    3.29    1.00      0       0       0       0   result_model_2
J    A     10   10   asym  0.000000    0.000000    0.000000    0.138    0.013538      0.0000     0.0000     0.0000       0     84      0    1.00    3.29    1.00      0       0       0       0   result_model_2
A    J     10   10   max   0.000000    0.000000    0.000000    0.140    0.013624      0.0000     0.0000     0.0000       0     84      0    1.00    3.29    1.00      0       0       0       0   result_model_2

A    K     10   10   asym  0.000000    0.000000    0.000000    0.158    0.014637      0.0000     0.0000     0.0000       0     84      0    1.00    3.29    1.00      0       0       0       0   result_model_2
K    A     10   10   asym  0.000000    0.000000    0.000000    0.155    0.014635      0.0000     0.0000     0.0000       0     84      0    1.00    3.29    1.00      0       0       0       0   result_model_2
A    K     10   10   max   0.000000    0.000000    0.000000    0.158    0.014637      0.0000     0.0000     0.0000       0     84      0    1.00    3.29    1.00      0       0       0       0   result_model_2

A    L     10   10   asym  0.000000    0.000000    0.000000    0.136    0.013249      0.0000     0.0000     0.0000       0     84      0    1.00    3.29    1.00      0       0       0       0   result_model_2
L    A     10   10   asym  0.000000    0.000000    0.000000    0.132    0.013291      0.0000     0.0000     0.0000       0     84      0    1.00    3.29    1.00      0       0       0       0   result_model_2
A    L     10   10   max   0.000000    0.000000    0.000000    0.136    0.013291      0.0000     0.0000     0.0000       0     84      0    1.00    3.29    1.00      0       0       0       0   result_model_2

A    M     10   10   asym  0.000000    0.000000    0.000000    0.147    0.013829      0.0000     0.0000     0.0000       0     84      0    1.00    3.29    1.00      0       0       0       0   result_model_2
M    A     10   10   asym  0.000000    0.000000    0.000000    0.143    0.013992      0.0000     0.0000     0.0000       0     84      0    1.00    3.29    1.00      0       0       0       0   result_model_2
A    M     10   10   max   0.000000    0.000000    0.000000    0.147    0.013992      0.0000     0.0000     0.0000       0     84      0    1.00    3.29    1.00      0       0       0       0   result_model_2

A    N     10   10   asym  0.000000    0.000000    0.000000    0.131    0.012939      0.0000     0.0000     0.0000       0     84      0    1.00    3.29    1.00      0       0       0       0   result_model_2
N    A     10   10   asym  0.000000    0.000000    0.000000    0.127    0.013066      0.0000     0.0000     0.0000       0     84      0    1.00    3.29    1.00      0       0       0       0   result_model_2
A    N     10   10   max   0.000000    0.000000    0.000000    0.131    0.013066      0.0000     0.0000     0.0000       0     84      0    1.00    3.29    1.00      0       0       0       0   result_model_2

A    O     10   10   asym  0.000000    0.000000    0.000000    0.138    0.013258      0.0000     0.0000     0.0000       0     84      0    1.00    3.29    1.00      0       0       0       0   result_model_2
O    A     10   10   asym  0.000000    0.000000    0.000000    0.134    0.013470      0.0000     0.0000     0.0000       0     84      0    1.00    3.29    1.00      0       0       0       0   result_model_2
A    O     10   10   max   0.000000    0.000000    0.000000    0.138    0.013470      0.0000     0.0000     0.0000       0     84      0    1.00    3.29    1.00      0       0       0       0   result_model_2

A    P     10   10   asym  0.000000    0.000000    0.000000    0.126    0.012591      0.0000     0.0000     0.0000       0     84      0    1.00    3.29    1.00      0       0       0       0   result_model_2
P    A     10   10   asym  0.000000    0.000000    0.000000    0.121    0.012812      0.0000     0.0000     0.0000       0     84      0    1.00    3.29    1.00      0       0       0       0   result_model_2
A    P     10   10   max   0.000000    0.000000    0.000000    0.126    0.012812      0.0000     0.0000     0.0000       0     84      0    1.00    3.29    1.00      0       0       0       0   result_model_2

A    Q     10   10   asym  0.000000    0.000000    0.000000    0.130    0.012768      0.0000     0.0000     0.0000       0     84      0    1.00    3.29    1.00      0       0       0       0   result_model_2
Q    A     10   10   asym  0.000000    0.000000    0.000000    0.125    0.013033      0.0000     0.0000     0.0000       0     84      0    1.00    3.29    1.00      0       0       0       0   result_model_2
A    Q     10   10   max   0.000000    0.000000    0.000000    0.130    0.013033      0.0000     0.0000     0.0000       0     84      0    1.00    3.29    1.00      0       0       0       0   result_model_2

A    R     10   10   asym  0.000000    0.000000    0.000000    0.119    0.012255      0.0000     0.0000     0.0000       0     84      0    1.00    3.29    1.00      0       0       0       0   result_model_2
R    A     10   10   asym  0.000000    0.000000    0.000000    0.116    0.012447      0.0000     0.0000     0.0000       0     84      0    1.00    3.29    1.00      0       0       0       0   result_model_2
A    R     10   10   max   0.000000    0.000000    0.000000    0.119    0.012447      0.0000     0.0000     0.0000       0     84      0    1.00    3.29    1.00      0       0       0       0   result_model_2

A    S     10   10   asym  0.000000    0.000000    0.000000    0.122    0.012359      0.0000     0.0000     0.0000       0     84      0    1.00    3.29    1.00      0       0       0       0   result_model_2
S    A     10   10   asym  0.000000    0.000000    0.000000    0.118    0.012553      0.0000     0.0000     0.0000       0     84      0    1.00    3.29    1.00      0       0       0       0   result_model_2
A    S     10   10   max   0.000000    0.000000    0.000000    0.122    0.012553      0.0000     0.0000     0.0000       0     84      0    1.00    3.29    1.00      0       0       0       0   result_model_2

A    T     10   10   asym  0.000000    0.000000    0.000000    0.113    0.011991      0.0000     0.0000     0.0000       0     84      0    1.00    3.29    1.00      0       0       0       0   result_model_2
T    A     10   10   asym  0.000000    0.000000    0.000000    0.111    0.012088      0.0000     0.0000     0.0000       0     84      0    1.00    3.29    1.00      0       0       0       0   result_model_2
A    T     10   10   max   0.000000    0.000000    0.000000    0.113    0.012088      0.0000     0.0000     0.0000       0     84      0    1.00    3.29    1.00      0       0       0       0   result_model_2

B    C     10   10   asym  0.000000    0.000000    0.000000    0.165    0.015421      0.0194     0.0081     0.0000       0     84      0    1.00    3.29    1.00      0       0       0       0   result_model_2
C    B     10   10   asym  0.000000    0.000000    0.000000    0.167    0.015343      0.0194     0.0081     0.0000       0     84      0    1.00    3.29    1.00      0       0       0       0   result_model_2
B    C     10   10   max   0.000000    0.000000    0.000000    0.167    0.015421      0.0194     0.0081     0.0000       0     84      0    1.00    3.29    1.00      0       0       0       0   result_model_2

B    D     10   10   asym  0.000000    0.000000    0.000000    0.277    0.025891      0.0239     0.0089     0.0000       0     84      0    1.00    3.29    1.00      0       0       0       0   result_model_2
D    B     10   10   asym  0.000000    0.000000    0.000000    0.281    0.025182      0.0239     0.0088     0.0000       0     84      0    1.00    3.29    1.00      0       0       0       0   result_model_2
B    D     10   10   max   0.000000    0.000000    0.000000    0.281    0.025891      0.0239     0.0089     0.0000       0     84      0    1.00    3.29    1.00      0       0       0       0   result_model_2

B    E     10   10   asym  0.000000    0.000000    0.000000    0.157    0.014876      0.0183     0.0080     0.0000       0     84      0    1.00    3.29    1.00      0       0       0       0   result_model_2
E    B     10   10   asym  0.000000    0.000000    0.000000    0.159    0.014652      0.0183     0.0080     0.0000       0     84      0    1.00    3.29    1.00      0       0       0       0   result_model_2
B    E     10   10   max   0.000000    0.000000    0.000000    0.159    0.014876      0.0183     0.0080     0.0000       0     84      0    1.00    3.29    1.00      0       0       0       0   result_model_2

B    F     10   10   asym  0.000000    0.000000    0.000000    0.228    0.020737      0.0000     0.0000     0.0000       0     84      0    1.00    3.29    1.00      0       0       0       0   result_model_2
F    B     10   10   asym  0.000000    0.000000    0.000000    0.234    0.020031      0.0000     0.0000     0.0000       0     84      0    1.00    3.29    1.00      0       0       0       0   result_model_2
B    F     10   10   max   0.000000    0.000000    0.000000    0.234    0.020737      0.0000     0.0000     0.0000       0     84      0    1.00    3.29    1.00      0       0       0       0   result_model_2

B    G     10   10   asym  0.000000    0.000000    0.000000    0.143    0.013962      0.0000     0.0000     0.0000       0     84      0    1.00    3.29    1.00      0       0       0       0   result_model_2
G    B     10   10   asym  0.000000    0.000000    0.000000    0.144    0.013820      0.0000     0.0000     0.0000       0     84      0    1.00    3.29    1.00      0       0       0       0   result_model_2
B    G     10   10   max   0.000000    0.000000    0.000000    0.144    0.013962      0.0000     0.0000     0.0000       0     84      0    1.00    3.29    1.00      0       0       0       0   result_model_2

B    H     10   10   asym  0.000000    0.000000    0.000000    0.187    0.017483      0.0000     0.0000     0.0000       0     84      0    1.00    3.29    1.00      0       0       0       0   result_model_2
H    B     10   10   asym  0.000000    0.000000    0.000000    0.194    0.016676      0.0000     0.0000     0.0000       0     84      0    1.00    3.29    1.00      0       0       0       0   result_model_2
B    H     10   10   max   0.000000    0.000000    0.000000    0.194    0.017483      0.0000     0.0000     0.0000       0     84      0    1.00    3.29    1.00      0       0       0       0   result_model_2

B    I     10   10   asym  0.000000    0.000000    0.000000    0.136    0.013409      0.0000     0.0000     0.0000       0     84      0    1.00    3.29    1.00      0       0       0       0   result_model_2
I    B     10   10   asym  0.000000    0.000000    0.000000    0.135    0.013405      0.0000     0.0000     0.0000       0     84      0    1.00    3.29    1.00      0       0       0       0   result_model_2
B    I     10   10   max   0.000000    0.000000    0.000000    0.136    0.013409      0.0000     0.0000     0.0000       0     84      0    1.00    3.29    1.00      0       0       0       0   result_model_2

B    J     10   10   asym  0.000000    0.000000    0.000000    0.160    0.015310      0.0000     0.0000     0.0000       0     84      0    1.00    3.29    1.00      0       0       0       0   result_model_2
J    B     10   10   asym  0.000000    0.000000    0.000000    0.163    0.014911      0.0000     0.0000     0.0000       0     84      0    1.00    3.29    1.00      0       0       0       0   result_model_2
B    J     10   10   max   0.000000    0.000000    0.000000    0.163    0.015310      0.0000     0.0000     0.0000       0     84      0    1.00    3.29    1.00      0       0       0       0   result_model_2

B    K     10   10   asym  0.000000    0.000000    0.000000    0.131    0.013002      0.0000     0.0000     0.0000       0     84      0    1.00    3.29    1.00      0       0       0       0   result_model_2
K    B     10   10   asym  0.000000    0.000000    0.000000    0.128    0.013067      0.0000     0.0000     0.0000       0     84      0    1.00    3.29    1.00      0       0       0       0   result_model_2
B    K     10   10   max   0.000000    0.000000    0.000000    0.131    0.013067      0.0000     0.0000     0.0000       0     84      0    1.00    3.29    1.00      0       0       0       0   result_model_2

B    L     10   10   asym  0.000000    0.000000    0.000000    0.144    0.014043      0.0000     0.0000     0.0000       0     84      0    1.00    3.29    1.00      0       0       0       0   result_model_2
L    B     10   10   asym  0.000000    0.000000    0.000000    0.145    0.013885      0.0000     0.0000     0.0000       0     84      0    1.00    3.29    1.00      0       0       0       0   result_model_2
B    L     10   10   max   0.000000    0.000000    0.000000    0.145    0.014043      0.0000     0.0000     0.0000       0     84      0    1.00    3.29    1.00      0       0       0       0   result_model_2

B    M     10   10   asym  0.000000    0.000000    0.000000    0.126    0.012656      0.0000     0.0000     0.0000       0     84      0    1.00    3.29    1.00      0       0       0       0   result_model_2
M    B     10   10   asym  0.000000    0.000000    0.000000    0.123    0.012789      0.0000     0.0000     0.0000       0     84      0    1.00    3.29    1.00      0       0       0       0   result_model_2
B    M     10   10   max   0.000000    0.000000    0.000000    0.126    0.012789      0.0000     0.0000     0.0000       0     84      0    1.00    3.29    1.00      0       0       0       0   result_model_2

B    N     10   10   asym  0.000000    0.000000    0.000000    0.134    0.013293      0.0000     0.0000     0.0000       0     84      0    1.00    3.29    1.00      0       0       0       0   result_model_2
N    B     10   10   asym  0.000000    0.000000    0.000000    0.133    0.013306      0.0000     0.0000     0.0000       0     84      0    1.00    3.29    1.00      0       0       0       0   result_model_2
B    N     10   10   max   0.000000    0.000000    0.000000    0.134    0.013306      0.0000     0.0000     0.0000       0     84      0    1.00    3.29    1.00      0       0       0       0   result_model_2

B    O     10   10   asym  0.000000    0.000000    0.000000    0.121    0.012375      0.0000     0.0000     0.0000       0     84      0    1.00    3.29    1.00      0       0       0       0   result_model_2
O    B     10   10   asym  0.000000    0.000000    0.000000    0.118    0.012510      0.0000     0.0000     0.0000       0     84      0    1.00    3.29    1.00      0       0       0       0   result_model_2
B    O     10   10   max   0.000000    0.000000    0.000000    0.121    0.012510      0.0000     0.0000     0.0000       0     84      0    1.00    3.29    1.00      0       0       0       0   result_model_2

B    P     10   10   asym  0.000000    0.000000    0.000000    0.126    0.012756      0.0000     0.0000     0.0000       0     84      0    1.00    3.29    1.00      0       0       0       0   result_model_2
P    B     10   10   asym  0.000000    0.000000    0.000000    0.125    0.012855      0.0000     0.0000     0.0000       0     84      0    1.00    3.29    1.00      0       0       0       0   result_model_2
B    P     10   10   max   0.000000    0.000000    0.000000    0.126    0.012855      0.0000     0.0000     0.0000       0     84      0    1.00    3.29    1.00      0       0       0       0   result_model_2

B    Q     10   10   asym  0.000000    0.000000    0.000000    0.117    0.012103      0.0000     0.0000     0.0000       0     84      0    1.00    3.29    1.00      0       0       0       0   result_model_2
Q    B     10   10   asym  0.000000    0.000000    0.000000    0.114    0.012288      0.0000     0.0000     0.0000       0     84      0    1.00    3.29    1.00      0       0       0       0   result_model_2
B    Q     10   10   max   0.000000    0.000000    0.000000    0.117    0.012288      0.0000     0.0000     0.0000       0     84      0    1.00    3.29    1.00      0       0       0       0   result_model_2

B    R     10   10   asym  0.000000    0.000000    0.000000    0.119    0.012318      0.0000     0.0000     0.0000       0     84      0    1.00    3.29    1.00      0       0       0       0   result_model_2
R    B     10   10   asym  0.000000    0.000000    0.000000    0.117    0.012407      0.0000     0.0000     0.0000       0     84      0    1.00    3.29    1.00      0       0       0       0   result_model_2
B    R     10   10   max   0.000000    0.000000    0.000000    0.119    0.012407      0.0000     0.0000     0.0000       0     84      0    1.00    3.29    1.00      0       0       0       0   result_model_2

B    S     10   10   asym  0.000000    0.000000    0.000000    0.113    0.011875      0.0000     0.0000     0.0000       0     84      0    1.00    3.29    1.00      0       0       0       0   result_model_2
S    B     10   10   asym  0.000000    0.000000    0.000000    0.110    0.012039      0.0000     0.0000     0.0000       0     84      0    1.00    3.29    1.00      0       0       0       0   result_model_2
B    S     10   10   max   0.000000    0.000000    0.000000    0.113    0.012039      0.0000     0.0000     0.0000       0     84      0    1.00    3.29    1.00      0       0       0       0   result_model_2

B    T     10   10   asym  0.000000    0.000000    0.000000    0.113    0.012009      0.0000     0.0000     0.0000       0     84      0    1.00    3.29    1.00      0       0       0       0   result_model_2
T    B     10   10   asym  0.000000    0.000000    0.000000    0.112    0.012057      0.0000     0.0000     0.0000       0     84      0    1.00    3.29    1.00      0       0       0       0   result_model_2
B    T     10   10   max   0.000000    0.000000    0.000000    0.113    0.012057      0.0000     0.0000     0.0000       0     84      0    1.00    3.29    1.00      0       0       0       0   result_model_2

C    D     10   10   asym  0.000000    0.000000    0.000000    0.164    0.015309      0.0188     0.0081     0.0000       0     84      0    1.00    3.29    1.00      0       0       0       0   result_model_2
D    C     10   10   asym  0.000000    0.000000    0.000000    0.164    0.015182      0.0188     0.0081     0.0000       0     84      0    1.00    3.29    1.00      0       0       0       0   result_model_2
C    D     10   10   max   0.000000    0.000000    0.000000    0.164    0.015309      0.0188     0.0081     0.0000       0     84      0    1.00    3.29    1.00      0       0       0       0   result_model_2

C    E     10   10   asym  0.000000    0.000000    0.000000    0.243    0.022808      0.0183     0.0079     0.0000       0     84      0    1.00    3.29    1.00      0       0       0       0   result_model_2
E    C     10   10   asym  0.000000    0.000000    0.000000    0.250    0.021485      0.0183     0.0079     0.0000       0     84      0    1.00    3.29    1.00      0       0       0       0   result_model_2
C    E     10   10   max   0.000000    0.000000    0.000000    0.250    0.022808      0.0183     0.0079     0.0000       0     84      0    1.00    3.29    1.00      0       0       0       0   result_model_2

C    F     10   10   asym  0.000000    0.000000    0.000000    0.153    0.014461      0.0183     0.0079     0.0000       0     84      0    1.00    3.29    1.00      0       0       0       0   result_model_2
F    C     10   10   asym  0.000000    0.000000    0.000000    0.152    0.014367      0.0183     0.0079     0.0000       0     84      0    1.00    3.29    1.00      0       0       0       0   result_model_2
C    F     10   10   max   0.000000    0.000000    0.000000    0.153    0.014461      0.0183     0.0079     0.0000       0     84      0    1.00    3.29    1.00      0       0       0       0   result_model_2

C    G     10   10   asym  0.000000    0.000000    0.000000    0.193    0.017871      0.0000     0.0000     0.0000       0     84      0    1.00    3.29    1.00      0       0       0       0   result_model_2
G    C     10   10   asym  0.000000    0.000000    0.000000    0.197    0.017063      0.0000     0.0000     0.0000       0     84      0    1.00    3.29    1.00      0       0       0       0   result_model_2
C    G     10   10   max   0.000000    0.000000    0.000000    0.197    0.017871      0.0000     0.0000     0.0000       0     84      0    1.00    3.29    1.00      0       0       0       0   result_model_2

C    H     10   10   asym  0.000000    0.000000    0.000000    0.140    0.013742      0.0000     0.0000     0.0000       0     84      0    1.00    3.29    1.00      0       0       0       0   result_model_2
H    C     10   10   asym  0.000000    0.000000    0.000000    0.140    0.013581      0.0000     0.0000     0.0000       0     84      0    1.00    3.29    1.00      0       0       0       0   result_model_2
C    H     10   10   max   0.000000    0.000000    0.000000    0.140    0.013742      0.0000     0.0000     0.0000       0     84      0    1.00    3.29    1.00      0       0       0       0   result_model_2

C    I     10   10   asym  0.000000    0.000000    0.000000    0.165    0.015451      0.0000     0.0000     0.0000       0     84      0    1.00    3.29    1.00      0       0       0       0   result_model_2
I    C     10   10   asym  0.000000    0.000000    0.000000    0.165    0.015151      0.0000     0.0000     0.0000       0     84      0    1.00    3.29    1.00      0       0       0       0   result_model_2
C    I     10   10   max   0.000000    0.000000    0.000000    0.165    0.015451      0.0000     0.0000     0.0000       0     84      0    1.00    3.29    1.00      0       0       0       0   result_model_2

C    J     10   10   asym  0.000000    0.000000    0.000000    0.134    0.013302      0.0000     0.0000     0.0000       0     84      0    1.00    3.29    1.00      0       0       0       0   result_model_2
J    C     10   10   asym  0.000000    0.000000    0.000000    0.133    0.013195      0.0000     0.0000     0.0000       0     84      0    1.00    3.29    1.00      0       0       0       0   result_model_2
C    J     10   10   max   0.000000    0.000000    0.000000    0.134    0.013302      0.0000     0.0000     0.0000       0     84      0    1.00    3.29    1.00      0       0       0       0   result_model_2

C    K     10   10   asym  0.000000    0.000000    0.000000    0.149    0.014143      0.0000     0.0000     0.0000       0     84      0    1.00    3.29    1.00      0       0       0       0   result_model_2
K    C     10   10   asym  0.000000    0.000000    0.000000    0.146    0.014128      0.0000     0.0000     0.0000       0     84      0    1.00    3.29    1.00      0       0       0       0   result_model_2
C    K     10   10   max   0.000000    0.000000    0.000000    0.149    0.014143      0.0000     0.0000     0.0000       0     84      0    1.00    3.29    1.00      0       0       0       0   result_model_2

C    L     10   10   asym  0.000000    0.000000    0.000000    0.130    0.012926      0.0000     0.0000     0.0000       0     84      0    1.00    3.29    1.00      0       0       0       0   result_model_2
L    C     10   10   asym  0.000000    0.000000    0.000000    0.127    0.012970      0.0000     0.0000     0.0000       0     84      0    1.00    3.29    1.00      0       0       0       0   result_model_2
C    L     10   10   max   0.000000    0.000000    0.000000    0.130    0.012970      0.0000     0.0000     0.0000       0     84      0    1.00    3.29    1.00      0       0       0       0   result_model_2

C    M     10   10   asym  0.000000    0.000000    0.000000    0.138    0.013322      0.0000     0.0000     0.0000       0     84      0    1.00    3.29    1.00      0       0       0       0   result_model_2
M    C     10   10   asym  0.000000    0.000000    0.000000    0.134    0.013494      0.0000     0.0000     0.0000       0     84      0    1.00    3.29    1.00      0       0       0       0   result_model_2
C    M     10   10   max   0.000000    0.000000    0.000000    0.138    0.013494      0.0000     0.0000     0.0000       0     84      0    1.00    3.29    1.00      0       0       0       0   result_model_2

C    N     10   10   asym  0.000000    0.000000    0.000000    0.125    0.012571      0.0000     0.0000     0.0000       0     84      0    1.00    3.29    1.00      0       0       0       0   result_model_2
N    C     10   10   asym  0.000000    0.000000    0.000000    0.121    0.012706      0.0000     0.0000     0.0000       0     84      0    1.00    3.29    1.00      0       0       0       0   result_model_2
C    N     10   10   max   0.000000    0.000000    0.000000    0.125    0.012706      0.0000     0.0000     0.0000       0     84      0    1.00    3.29    1.00      0       0       0       0   result_model_2

C    O     10   10   asym  0.000000    0.000000    0.000000    0.129    0.012727      0.0000     0.0000     0.0000       0     84      0    1.00    3.29    1.00      0       0       0       0   result_model_2
O    C     10   10   asym  0.000000    0.000000    0.000000    0.124    0.012987      0.0000     0.0000     0.0000       0     84      0    1.00    3.29    1.00      0       0       0       0   result_model_2
C    O     10   10   max   0.000000    0.000000    0.000000    0.129    0.012987      0.0000     0.0000     0.0000       0     84      0    1.00    3.29    1.00      0       0       0       0   result_model_2

C    P     10   10   asym  0.000000    0.000000    0.000000    0.119    0.012243      0.0000     0.0000     0.0000       0     84      0    1.00    3.29    1.00      0       0       0       0   result_model_2
P    C     10   10   asym  0.000000    0.000000    0.000000    0.116    0.012433      0.0000     0.0000     0.0000       0     84      0    1.00    3.29    1.00      0       0       0       0   result_model_2
C    P     10   10   max   0.000000    0.000000    0.000000    0.119    0.012433      0.0000     0.0000     0.0000       0     84      0    1.00    3.29    1.00      0       0       0       0   result_model_2

C    Q     10   10   asym  0.000000    0.000000    0.000000    0.122    0.012295      0.0000     0.0000     0.0000       0     84      0    1.00    3.29    1.00      0       0       0       0   result_model_2
Q    C     10   10   asym  0.000000    0.000000    0.000000    0.117    0.012594      0.0000     0.0000     0.0000       0     84      0    1.00    3.29    1.00      0       0       0       0   result_model_2
C    Q     10   10   max   0.000000    0.000000    0.000000    0.122    0.012594      0.0000     0.0000     0.0000       0     84      0    1.00    3.29    1.00      0       0       0       0   result_model_2

C    R     10   10   asym  0.000000    0.000000    0.000000    0.113    0.011946      0.0000     0.0000     0.0000       0     84      0    1.00    3.29    1.00      0       0       0       0   result_model_2
R    C     10   10   asym  0.000000    0.000000    0.000000    0.111    0.012100      0.0000     0.0000     0.0000       0     84      0    1.00    3.29    1.00      0       0       0       0   result_model_2
C    R     10   10   max   0.000000    0.000000    0.000000    0.113    0.012100      0.0000     0.0000     0.0000       0     84      0    1.00    3.29    1.00      0       0       0       0   result_model_2

C    S     10   10   asym  0.000000    0.000000    0.000000    0.116    0.011981      0.0000     0.0000     0.0000       0     84      0    1.00    3.29    1.00      0       0       0       0   result_model_2
S    C     10   10   asym  0.000000    0.000000    0.000000    0.112    0.012219      0.0000     0.0000     0.0000       0     84      0    1.00    3.29    1.00      0       0       0       0   result_model_2
C    S     10   10   max   0.000000    0.000000    0.000000    0.116    0.012219      0.0000     0.0000     0.0000       0     84      0    1.00    3.29    1.00      0       0       0       0   result_model_2

C    T     10   10   asym  0.000000    0.000000    0.000000    0.109    0.011725      0.0000     0.0000     0.0000       0     84      0    1.00    3.29    1.00      0       0       0       0   result_model_2
T    C     10   10   asym  0.000000    0.000000    0.000000    0.107    0.011828      0.0000     0.0000     0.0000       0     84      0    1.00    3.29    1.00      0       0       0       0   result_model_2
C    T     10   10   max   0.000000    0.000000    0.000000    0.109    0.011828      0.0000     0.0000     0.0000       0     84      0    1.00    3.29    1.00      0       0       0       0   result_model_2

D    E     10   10   asym  0.000000    0.000000    0.000000    0.163    0.015614      0.0193     0.0081     0.0000       0     84      0    1.00    3.29    1.00      0       0       0       0   result_model_2
E    D     10   10   asym  0.000000    0.000000    0.000000    0.171    0.015166      0.0193     0.0081     0.0000       0     84      0    1.00    3.29    1.00      0       0       0       0   result_model_2
D    E     10   10   max   0.000000    0.000000    0.000000    0.171    0.015614      0.0193     0.0081     0.0000       0     84      0    1.00    3.29    1.00      0       0       0       0   result_model_2

D    F     10   10   asym  0.000000    0.000000    0.000000    0.257    0.023601      0.0247     0.0088     0.0000       0     84      0    1.00    3.29    1.00      0       0       0       0   result_model_2
F    D     10   10   asym  0.000000    0.000000    0.000000    0.267    0.022696      0.0247     0.0087     0.0000       0     84      0    1.00    3.29    1.00      0       0       0       0   result_model_2
D    F     10   10   max   0.000000    0.000000    0.000000    0.267    0.023601      0.0247     0.0088     0.0000       0     84      0    1.00    3.29    1.00      0       0       0       0   result_model_2

D    G     10   10   asym  0.000000    0.000000    0.000000    0.150    0.014544      0.0183     0.0080     0.0000       0     84      0    1.00    3.29    1.00      0       0       0       0   result_model_2
G    D     10   10   asym  0.000000    0.000000    0.000000    0.154    0.014218      0.0183     0.0080     0.0000       0     84      0    1.00    3.29    1.00      0       0       0       0   result_model_2
D    G     10   10   max   0.000000    0.000000    0.000000    0.154    0.014544      0.0183     0.0080     0.0000       0     84      0    1.00    3.29    1.00      0       0       0       0   result_model_2

D    H     10   10   asym  0.000000    0.000000    0.000000    0.210    0.019109      0.0000     0.0000     0.0000       0     84      0    1.00    3.29    1.00      0       0       0       0   result_model_2
H    D     10   10   asym  0.000000    0.000000    0.000000    0.220    0.018301      0.0000     0.0000     0.0000       0     84      0    1.00    3.29    1.00      0       0       0       0   result_model_2
D    H     10   10   max   0.000000    0.000000    0.000000    0.220    0.019109      0.0000     0.0000     0.0000       0     84      0    1.00    3.29    1.00      0       0       0       0   result_model_2

D    I     10   10   asym  0.000000    0.000000    0.000000    0.141    0.013830      0.0000     0.0000     0.0000       0     84      0    1.00    3.29    1.00      0       0       0       0   result_model_2
I    D     10   10   asym  0.000000    0.000000    0.000000    0.142    0.013703      0.0000     0.0000     0.0000       0     84      0    1.00    3.29    1.00      0       0       0       0   result_model_2
D    I     10   10   max   0.000000    0.000000    0.000000    0.142    0.013830      0.0000     0.0000     0.0000       0     84      0    1.00    3.29    1.00      0       0       0       0   result_model_2

D    J     10   10   asym  0.000000    0.000000    0.000000    0.174    0.016350      0.0000     0.0000     0.0000       0     84      0    1.00    3.29    1.00      0       0       0       0   result_model_2
J    D     10   10   asym  0.000000    0.000000    0.000000    0.181    0.015785      0.0000     0.0000     0.0000       0     84      0    1.00    3.29    1.00      0       0       0       0   result_model_2
D    J     10   10   max   0.000000    0.000000    0.000000    0.181    0.016350      0.0000     0.0000     0.0000       0     84      0    1.00    3.29    1.00      0       0       0       0   result_model_2

D    K     10   10   asym  0.000000    0.000000    0.000000    0.136    0.013391      0.0000     0.0000     0.0000       0     84      0    1.00    3.29    1.00      0       0       0       0   result_model_2
K    D     10   10   asym  0.000000    0.000000    0.000000    0.135    0.013401      0.0000     0.0000     0.0000       0     84      0    1.00    3.29    1.00      0       0       0       0   result_model_2
D    K     10   10   max   0.000000    0.000000    0.000000    0.136    0.013401      0.0000     0.0000     0.0000       0     84      0    1.00    3.29    1.00      0       0       0       0   result_model_2

D    L     10   10   asym  0.000000    0.000000    0.000000    0.154    0.014678      0.0000     0.0000     0.0000       0     84      0    1.00    3.29    1.00      0       0       0       0   result_model_2
L    D     10   10   asym  0.000000    0.000000    0.000000    0.156    0.014484      0.0000     0.0000     0.0000       0     84      0    1.00    3.29    1.00      0       0       0       0   result_model_2
D    L     10   10   max   0.000000    0.000000    0.000000    0.156    0.014678      0.0000     0.0000     0.0000       0     84      0    1.00    3.29    1.00      0       0       0       0   result_model_2

D    M     10   10   asym  0.000000    0.000000    0.000000    0.131    0.013031      0.0000     0.0000     0.0000       0     84      0    1.00    3.29    1.00      0       0       0       0   result_model_2
M    D     10   10   asym  0.000000    0.000000    0.000000    0.129    0.013138      0.0000     0.0000     0.0000       0     84      0    1.00    3.29    1.00      0       0       0       0   result_model_2
D    M     10   10   max   0.000000    0.000000    0.000000    0.131    0.013138      0.0000     0.0000     0.0000       0     84      0    1.00    3.29    1.00      0       0       0       0   result_model_2

D    N     10   10   asym  0.000000    0.000000    0.000000    0.143    0.013909      0.0000     0.0000     0.0000       0     84      0    1.00    3.29    1.00      0       0       0       0   result_model_2
N    D     10   10   asym  0.000000    0.000000    0.000000    0.144    0.013793      0.0000     0.0000     0.0000       0     84      0    1.00    3.29    1.00      0       0       0       0   result_model_2
D    N     10   10   max   0.000000    0.000000    0.000000    0.144    0.013909      0.0000     0.0000     0.0000       0     84      0    1.00    3.29    1.00      0       0       0       0   result_model_2

D    O     10   10   asym  0.000000    0.000000    0.000000    0.126    0.012702      0.0000     0.0000     0.0000       0     84      0    1.00    3.29    1.00      0       0       0       0   result_model_2
O    D     10   10   asym  0.000000    0.000000    0.000000    0.124    0.012849      0.0000     0.0000     0.0000       0     84      0    1.00    3.29    1.00      0       0       0       0   result_model_2
D    O     10   10   max   0.000000    0.000000    0.000000    0.126    0.012849      0.0000     0.0000     0.0000       0     84      0    1.00    3.29    1.00      0       0       0       0   result_model_2

D    P     10   10   asym  0.000000    0.000000    0.000000    0.135    0.013318      0.0000     0.0000     0.0000       0     84      0    1.00    3.29    1.00      0       0       0       0   result_model_2
P    D     10   10   asym  0.000000    0.000000    0.000000    0.134    0.013358      0.0000     0.0000     0.0000       0     84      0    1.00    3.29    1.00      0       0       0       0   result_model_2
D    P     10   10   max   0.000000    0.000000    0.000000    0.135    0.013358      0.0000     0.0000     0.0000       0     84      0    1.00    3.29    1.00      0       0       0       0   result_model_2

D    Q     10   10   asym  0.000000    0.000000    0.000000    0.121    0.012412      0.0000     0.0000     0.0000       0     84      0    1.00    3.29    1.00      0       0       0       0   result_model_2
Q    D     10   10   asym  0.000000    0.000000    0.000000    0.119    0.012558      0.0000     0.0000     0.0000       0     84      0    1.00    3.29    1.00      0       0       0       0   result_model_2
D    Q     10   10   max   0.000000    0.000000    0.000000    0.121    0.012558      0.0000     0.0000     0.0000       0     84      0    1.00    3.29    1.00      0       0       0       0   result_model_2

D    R     10   10   asym  0.000000    0.000000    0.000000    0.126    0.012807      0.0000     0.0000     0.0000       0     84      0    1.00    3.29    1.00      0       0       0       0   result_model_2
R    D     10   10   asym  0.000000    0.000000    0.000000    0.126    0.012848      0.0000     0.0000     0.0000       0     84      0    1.00    3.29    1.00      0       0       0       0   result_model_2
D    R     10   10   max   0.000000    0.000000    0.000000    0.126    0.012848      0.0000     0.0000     0.0000       0     84      0    1.00    3.29    1.00      0       0       0       0   result_model_2

D    S     10   10   asym  0.000000    0.000000    0.000000    0.116    0.012141      0.0000     0.0000     0.0000       0     84      0    1.00    3.29    1.00      0       0       0       0   result_model_2
S    D     10   10   asym  0.000000    0.000000    0.000000    0.114    0.012245      0.0000     0.0000     0.0000       0     84      0    1.00    3.29    1.00      0       0       0       0   result_model_2
D    S     10   10   max   0.000000    0.000000    0.000000    0.116    0.012245      0.0000     0.0000     0.0000       0     84      0    1.00    3.29    1.00      0       0       0       0   result_model_2

D    T     10   10   asym  0.000000    0.000000    0.000000    0.117    0.012392      0.0000     0.0000     0.0000       0     84      0    1.00    3.29    1.00      0       0       0       0   result_model_2
T    D     10   10   asym  0.000000    0.000000    0.000000    0.119    0.012342      0.0000     0.0000     0.0000       0     84      0    1.00    3.29    1.00      0       0       0       0   result_model_2
D    T     10   10   max   0.000000    0.000000    0.000000    0.119    0.012392      0.0000     0.0000     0.0000       0     84      0    1.00    3.29    1.00      0       0       0       0   result_model_2

E    F     10   10   asym  0.000000    0.000000    0.000000    0.169    0.015489      0.0196     0.0081     0.0000       0     84      0    1.00    3.29    1.00      0       0       0       0   result_model_2
F    E     10   10   asym  0.000000    0.000000    0.000000    0.168    0.015412      0.0196     0.0081     0.0000       0     84      0    1.00    3.29    1.00      0       0       0       0   result_model_2
E    F     10   10   max   0.000000    0.000000    0.000000    0.169    0.015489      0.0196     0.0081     0.0000       0     84      0    1.00    3.29    1.00      0       0       0       0   result_model_2

E    G     10   10   asym  0.000000    0.000000    0.000000    0.241    0.022181      0.0248     0.0087     0.0000       0     84      0    1.00    3.29    1.00      0       0       0       0   result_model_2
G    E     10   10   asym  0.000000    0.000000    0.000000    0.250    0.021171      0.0248     0.0086     0.0000       0     84      0    1.00    3.29    1.00      0       0       0       0   result_model_2
E    G     10   10   max   0.000000    0.000000    0.000000    0.250    0.022181      0.0248     0.0087     0.0000       0     84      0    1.00    3.29    1.00      0       0       0       0   result_model_2

E    H     10   10   asym  0.000000    0.000000    0.000000    0.155    0.014595      0.0189     0.0080     0.0000       0     84      0    1.00    3.29    1.00      0       0       0       0   result_model_2
H    E     10   10   asym  0.000000    0.000000    0.000000    0.154    0.014471      0.0189     0.0080     0.0000       0     84      0    1.00    3.29    1.00      0       0       0       0   result_model_2
E    H     10   10   max   0.000000    0.000000    0.000000    0.155    0.014595      0.0189     0.0080     0.0000       0     84      0    1.00    3.29    1.00      0       0       0       0   result_model_2

E    I     10   10   asym  0.000000    0.000000    0.000000    0.200    0.017961      0.0183     0.0079     0.0000       0     84      0    1.00    3.29    1.00      0       0       0       0   result_model_2
I    E     10   10   asym  0.000000    0.000000    0.000000    0.202    0.017439      0.0183     0.0079     0.0000       0     84      0    1.00    3.29    1.00      0       0       0       0   result_model_2
E    I     10   10   max   0.000000    0.000000    0.000000    0.202    0.017961      0.0183     0.0079     0.0000       0     84      0    1.00    3.29    1.00      0       0       0       0   result_model_2

E    J     10   10   asym  0.000000    0.000000    0.000000    0.147    0.013983      0.0183     0.0079     0.0000       0     84      0    1.00    3.29    1.00      0       0       0       0   result_model_2
J    E     10   10   asym  0.000000    0.000000    0.000000    0.144    0.013973      0.0183     0.0079     0.0000       0     84      0    1.00    3.29    1.00      0       0       0       0   result_model_2
E    J     10   10   max   0.000000    0.000000    0.000000    0.147    0.013983      0.0183     0.0079     0.0000       0     84      0    1.00    3.29    1.00      0       0       0       0   result_model_2

E    K     10   10   asym  0.000000    0.000000    0.000000    0.171    0.015453      0.0000     0.0000     0.0000       0     84      0    1.00    3.29    1.00      0       0       0       0   result_model_2
K    E     10   10   asym  0.000000    0.000000    0.000000    0.168    0.015405      0.0000     0.0000     0.0000       0     84      0    1.00    3.29    1.00      0       0       0       0   result_model_2
E    K     10   10   max   0.000000    0.000000    0.000000    0.171    0.015453      0.0000     0.0000     0.0000       0     84      0    1.00    3.29    1.00      0       0       0       0   result_model_2

E    L     10   10   asym  0.000000    0.000000    0.000000    0.140    0.013520      0.0000     0.0000     0.0000       0     84      0    1.00    3.29    1.00      0       0       0       0   result_model_2
L    E     10   10   asym  0.000000    0.000000    0.000000    0.137    0.013576      0.0000     0.0000     0.0000       0     84      0    1.00    3.29    1.00      0       0       0       0   result_model_2
E    L     10   10   max   0.000000    0.000000    0.000000    0.140    0.013576      0.0000     0.0000     0.0000       0     84      0    1.00    3.29    1.00      0       0       0       0   result_model_2

E    M     10   10   asym  0.000000    0.000000    0.000000    0.154    0.014276      0.0000     0.0000     0.0000       0     84      0    1.00    3.29    1.00      0       0       0       0   result_model_2
M    E     10   10   asym  0.000000    0.000000    0.000000    0.151    0.014406      0.0000     0.0000     0.0000       0     84      0    1.00    3.29    1.00      0       0       0       0   result_model_2
E    M     10   10   max   0.000000    0.000000    0.000000    0.154    0.014406      0.0000     0.0000     0.0000       0     84      0    1.00    3.29    1.00      0       0       0       0   result_model_2

E    N     10   10   asym  0.000000    0.000000    0.000000    0.136    0.013212      0.0000     0.0000     0.0000       0     84      0    1.00    3.29    1.00      0       0       0       0   result_model_2
N    E     10   10   asym  0.000000    0.000000    0.000000    0.132    0.013345      0.0000     0.0000     0.0000       0     84      0    1.00    3.29    1.00      0       0       0       0   result_model_2
E    N     10   10   max   0.000000    0.000000    0.000000    0.136    0.013345      0.0000     0.0000     0.0000       0     84      0    1.00    3.29    1.00      0       0       0       0   result_model_2

E    O     10   10   asym  0.000000    0.000000    0.000000    0.146    0.013696      0.0000     0.0000     0.0000       0     84      0    1.00    3.29    1.00      0       0       0       0   result_model_2
O    E     10   10   asym  0.000000    0.000000    0.000000    0.142    0.013943      0.0000     0.0000     0.0000       0     84      0    1.00    3.29    1.00      0       0       0       0   result_model_2
E    O     10   10   max   0.000000    0.000000    0.000000    0.146    0.013943      0.0000     0.0000     0.0000       0     84      0    1.00    3.29    1.00      0       0       0       0   result_model_2

E    P     10   10   asym  0.000000    0.000000    0.000000    0.132    0.012900      0.0000     0.0000     0.0000       0     84      0    1.00    3.29    1.00      0       0       0       0   result_model_2
P    E     10   10   asym  0.000000    0.000000    0.000000    0.127    0.013148      0.0000     0.0000     0.0000       0     84      0    1.00    3.29    1.00      0       0       0       0   result_model_2
E    P     10   10   max   0.000000    0.000000    0.000000    0.132    0.013148      0.0000     0.0000     0.0000       0     84      0    1.00    3.29    1.00      0       0       0       0   result_model_2

E    Q     10   10   asym  0.000000    0.000000    0.000000    0.138    0.013178      0.0000     0.0000     0.0000       0     84      0    1.00    3.29    1.00      0       0       0       0   result_model_2
Q    E     10   10   asym  0.000000    0.000000    0.000000    0.133    0.013515      0.0000     0.0000     0.0000       0     84      0    1.00    3.29    1.00      0       0       0       0   result_model_2
E    Q     10   10   max   0.000000    0.000000    0.000000    0.138    0.013515      0.0000     0.0000     0.0000       0     84      0    1.00    3.29    1.00      0       0       0       0   result_model_2

E    R     10   10   asym  0.000000    0.000000    0.000000    0.125    0.012535      0.0000     0.0000     0.0000       0     84      0    1.00    3.29    1.00      0       0       0       0   result_model_2
R    E     10   10   asym  0.000000    0.000000    0.000000    0.121    0.012798      0.0000     0.0000     0.0000       0     84      0    1.00    3.29    1.00      0       0       0       0   result_model_2
E    R     10   10   max   0.000000    0.000000    0.000000    0.125    0.012798      0.0000     0.0000     0.0000       0     84      0    1.00    3.29    1.00      0       0       0       0   result_model_2

E    S     10   10   asym  0.000000    0.000000    0.000000    0.128    0.012700      0.0000     0.0000     0.0000       0     84      0    1.00    3.29    1.00      0       0       0       0   result_model_2
S    E     10   10   asym  0.000000    0.000000    0.000000    0.124    0.012957      0.0000     0.0000     0.0000       0     84      0    1.00    3.29    1.00      0       0       0       0   result_model_2
E    S     10   10   max   0.000000    0.000000    0.000000    0.128    0.012957      0.0000     0.0000     0.0000       0     84      0    1.00    3.29    1.00      0       0       0       0   result_model_2

E    T     10   10   asym  0.000000    0.000000    0.000000    0.118    0.012228      0.0000     0.0000     0.0000       0     84      0    1.00    3.29    1.00      0       0       0       0   result_model_2
T    E     10   10   asym  0.000000    0.000000    0.000000    0.116    0.012385      0.0000     0.0000     0.0000       0     84      0    1.00    3.29    1.00      0       0       0       0   result_model_2
E    T     10   10   max   0.000000    0.000000    0.000000    0.118    0.012385      0.0000     0.0000     0.0000       0     84      0    1.00    3.29    1.00      0       0       0       0   result_model_2

F    G     10   10   asym  0.000000    0.000000    0.000000    0.161    0.015415      0.0193     0.0081     0.0000       0     84      0    1.00    3.29    1.00      0       0       0       0   result_model_2
G    F     10   10   asym  0.000000    0.000000    0.000000    0.168    0.014985      0.0193     0.0081     0.0000       0     84      0    1.00    3.29    1.00      0       0       0       0   result_model_2
F    G     10   10   max   0.000000    0.000000    0.000000    0.168    0.015415      0.0193     0.0081     0.0000       0     84      0    1.00    3.29    1.00      0       0       0       0   result_model_2

F    H     10   10   asym  0.000000    0.000000    0.000000    0.242    0.021642      0.0244     0.0086     0.0000       0     84      0    1.00    3.29    1.00      0       0       0       0   result_model_2
H    F     10   10   asym  0.000000    0.000000    0.000000    0.249    0.021110      0.0244     0.0085     0.0000       0     84      0    1.00    3.29    1.00      0       0       0       0   result_model_2
F    H     10   10   max   0.000000    0.000000    0.000000    0.249    0.021642      0.0244     0.0086     0.0000       0     84      0    1.00    3.29    1.00      0       0       0       0   result_model_2

F    I     10   10   asym  0.000000    0.000000    0.000000    0.151    0.014315      0.0183     0.0080     0.0000       0     84      0    1.00    3.29    1.00      0       0       0       0   result_model_2
I    F     10   10   asym  0.000000    0.000000    0.000000    0.150    0.014276      0.0183     0.0080     0.0000       0     84      0    1.00    3.29    1.00      0       0       0       0   result_model_2
F    I     10   10   max   0.000000    0.000000    0.000000    0.151    0.014315      0.0183     0.0080     0.0000       0     84      0    1.00    3.29    1.00      0       0       0       0   result_model_2

F    J     10   10   asym  0.000000    0.000000    0.000000    0.197    0.017575      0.0000     0.0000     0.0000       0     84      0    1.00    3.29    1.00      0       0       0       0   result_model_2
J    F     10   10   asym  0.000000    0.000000    0.000000    0.200    0.017427      0.0000     0.0000     0.0000       0     84      0    1.00    3.29    1.00      0       0       0       0   result_model_2
F    J     10   10   max   0.000000    0.000000    0.000000    0.200    0.017575      0.0000     0.0000     0.0000       0     84      0    1.00    3.29    1.00      0       0       0       0   result_model_2

F    K     10   10   asym  0.000000    0.000000    0.000000    0.142    0.013715      0.0000     0.0000     0.0000       0     84      0    1.00    3.29    1.00      0       0       0       0   result_model_2
K    F     10   10   asym  0.000000    0.000000    0.000000    0.140    0.013772      0.0000     0.0000     0.0000       0     84      0    1.00    3.29    1.00      0       0       0       0   result_model_2
F    K     10   10   max   0.000000    0.000000    0.000000    0.142    0.013772      0.0000     0.0000     0.0000       0     84      0    1.00    3.29    1.00      0       0       0       0   result_model_2

F    L     10   10   asym  0.000000    0.000000    0.000000    0.167    0.015341      0.0000     0.0000     0.0000       0     84      0    1.00    3.29    1.00      0       0       0       0   result_model_2
L    F     10   10   asym  0.000000    0.000000    0.000000    0.167    0.015276      0.0000     0.0000     0.0000       0     84      0    1.00    3.29    1.00      0       0       0       0   result_model_2
F    L     10   10   max   0.000000    0.000000    0.000000    0.167    0.015341      0.0000     0.0000     0.0000       0     84      0    1.00    3.29    1.00      0       0       0       0   result_model_2

F    M     10   10   asym  0.000000    0.000000    0.000000    0.137    0.013341      0.0000     0.0000     0.0000       0     84      0    1.00    3.29    1.00      0       0       0       0   result_model_2
M    F     10   10   asym  0.000000    0.000000    0.000000    0.135    0.013482      0.0000     0.0000     0.0000       0     84      0    1.00    3.29    1.00      0       0       0       0   result_model_2
F    M     10   10   max   0.000000    0.000000    0.000000    0.137    0.013482      0.0000     0.0000     0.0000       0     84      0    1.00    3.29    1.00      0       0       0       0   result_model_2

F    N     10   10   asym  0.000000    0.000000    0.000000    0.151    0.014273      0.0000     0.0000     0.0000       0     84      0    1.00    3.29    1.00      0       0       0       0   result_model_2
N    F     10   10   asym  0.000000    0.000000    0.000000    0.151    0.014283      0.0000     0.0000     0.0000       0     84      0    1.00    3.29    1.00      0       0       0       0   result_model_2
F    N     10   10   max   0.000000    0.000000    0.000000    0.151    0.014283      0.0000     0.0000     0.0000       0     84      0    1.00    3.29    1.00      0       0       0       0   result_model_2

F    O     10   10   asym  0.000000    0.000000    0.000000    0.133    0.012990      0.0000     0.0000     0.0000       0     84      0    1.00    3.29    1.00      0       0       0       0   result_model_2
O    F     10   10   asym  0.000000    0.000000    0.000000    0.129    0.013230      0.0000     0.0000     0.0000       0     84      0    1.00    3.29    1.00      0       0       0       0   result_model_2
F    O     10   10   max   0.000000    0.000000    0.000000    0.133    0.013230      0.0000     0.0000     0.0000       0     84      0    1.00    3.29    1.00      0       0       0       0   result_model_2

F    P     10   10   asym  0.000000    0.000000    0.000000    0.144    0.013716      0.0000     0.0000     0.0000       0     84      0    1.00    3.29    1.00      0       0       0       0   result_model_2
P    F     10   10   asym  0.000000    0.000000    0.000000    0.142    0.013875      0.0000     0.0000     0.0000       0     84      0    1.00    3.29    1.00      0       0       0       0   result_model_2
F    P     10   10   max   0.000000    0.000000    0.000000    0.144    0.013875      0.0000     0.0000     0.0000       0     84      0    1.00    3.29    1.00      0       0       0       0   result_model_2

F    Q     10   10   asym  0.000000    0.000000    0.000000    0.127    0.012631      0.0000     0.0000     0.0000       0     84      0    1.00    3.29    1.00      0       0       0       0   result_model_2
Q    F     10   10   asym  0.000000    0.000000    0.000000    0.123    0.012876      0.0000     0.0000     0.0000       0     84      0    1.00    3.29    1.00      0       0       0       0   result_model_2
F    Q     10   10   max   0.000000    0.000000    0.000000    0.127    0.012876      0.0000     0.0000     0.0000       0     84      0    1.00    3.29    1.00      0       0       0       0   result_model_2

F    R     10   10   asym  0.000000    0.000000    0.000000    0.135    0.013176      0.0000     0.0000     0.0000       0     84      0    1.00    3.29    1.00      0       0       0       0   result_model_2
R    F     10   10   asym  0.000000    0.000000    0.000000    0.133    0.013352      0.0000     0.0000     0.0000       0     84      0    1.00    3.29    1.00      0       0       0       0   result_model_2
F    R     10   10   max   0.000000    0.000000    0.000000    0.135    0.013352      0.0000     0.0000     0.0000       0     84      0    1.00    3.29    1.00      0       0       0       0   result_model_2

F    S     10   10   asym  0.000000    0.000000    0.000000    0.121    0.012327      0.0000     0.0000     0.0000       0     84      0    1.00    3.29    1.00      0       0       0       0   result_model_2
S    F     10   10   asym  0.000000    0.000000    0.000000    0.118    0.012545      0.0000     0.0000     0.0000       0     84      0    1.00    3.29    1.00      0       0       0       0   result_model_2
F    S     10   10   max   0.000000    0.000000    0.000000    0.121    0.012545      0.0000     0.0000     0.0000       0     84      0    1.00    3.29    1.00      0       0       0       0   result_model_2

F    T     10   10   asym  0.000000    0.000000    0.000000    0.125    0.012709      0.0000     0.0000     0.0000       0     84      0    1.00    3.29    1.00      0       0       0       0   result_model_2
T    F     10   10   asym  0.000000    0.000000    0.000000    0.125    0.012776      0.0000     0.0000     0.0000       0     84      0    1.00    3.29    1.00      0       0       0       0   result_model_2
F    T     10   10   max   0.000000    0.000000    0.000000    0.125    0.012776      0.0000     0.0000     0.0000       0     84      0    1.00    3.29    1.00      0       0       0       0   result_model_2

G    H     10   10   asym  0.000000    0.000000    0.000000    0.166    0.015226      0.0196     0.0081     0.0000       0     84      0    1.00    3.29    1.00      0       0       0       0   result_model_2
H    G     10   10   asym  0.000000    0.000000    0.000000    0.164    0.015225      0.0196     0.0081     0.0000       0     84      0    1.00    3.29    1.00      0       0       0       0   result_model_2
G    H     10   10   max   0.000000    0.000000    0.000000    0.166    0.015226      0.0196     0.0081     0.0000       0     84      0    1.00    3.29    1.00      0       0       0       0   result_model_2

G    I     10   10   asym  0.000000    0.000000    0.000000    0.230    0.020083      0.0242     0.0084     0.0000       0     84      0    1.00    3.29    1.00      0       0       0       0   result_model_2
I    G     10   10   asym  0.000000    0.000000    0.000000    0.230    0.019960      0.0242     0.0084     0.0000       0     84      0    1.00    3.29    1.00      0       0       0       0   result_model_2
G    I     10   10   max   0.000000    0.000000    0.000000    0.230    0.020083      0.0242     0.0084     0.0000       0     84      0    1.00    3.29    1.00      0       0       0       0   result_model_2

G    J     10   10   asym  0.000000    0.000000    0.000000    0.154    0.014300      0.0189     0.0080     0.0000       0     84      0    1.00    3.29    1.00      0       0       0       0   result_model_2
J    G     10   10   asym  0.000000    0.000000    0.000000    0.150    0.014403      0.0189     0.0080     0.0000       0     84      0    1.00    3.29    1.00      0       0       0       0   result_model_2
G    J     10   10   max   0.000000    0.000000    0.000000    0.154    0.014403      0.0189     0.0080     0.0000       0     84      0    1.00    3.29    1.00      0       0       0       0   result_model_2

G    K     10   10   asym  0.000000    0.000000    0.000000    0.190    0.016633      0.0183     0.0078     0.0000       0     84      0    1.00    3.29    1.00      0       0       0       0   result_model_2
K    G     10   10   asym  0.000000    0.000000    0.000000    0.185    0.016664      0.0183     0.0079     0.0000       0     84      0    1.00    3.29    1.00      0       0       0       0   result_model_2
G    K     10   10   max   0.000000    0.000000    0.000000    0.190    0.016664      0.0183     0.0079     0.0000       0     84      0    1.00    3.29    1.00      0       0       0       0   result_model_2

G    L     10   10   asym  0.000000    0.000000    0.000000    0.146    0.013744      0.0183     0.0079     0.0000       0     84      0    1.00    3.29    1.00      0       0       0       0   result_model_2
L    G     10   10   asym  0.000000    0.000000    0.000000    0.141    0.013950      0.0183     0.0079     0.0000       0     84      0    1.00    3.29    1.00      0       0       0       0   result_model_2
G    L     10   10   max   0.000000    0.000000    0.000000    0.146    0.013950      0.0183     0.0079     0.0000       0     84      0    1.00    3.29    1.00      0       0       0       0   result_model_2

G    M     10   10   asym  0.000000    0.000000    0.000000    0.165    0.014870      0.0000     0.0000     0.0000       0     84      0    1.00    3.29    1.00      0       0       0       0   result_model_2
M    G     10   10   asym  0.000000    0.000000    0.000000    0.160    0.015115      0.0000     0.0000     0.0000       0     84      0    1.00    3.29    1.00      0       0       0       0   result_model_2
G    M     10   10   max   0.000000    0.000000    0.000000    0.165    0.015115      0.0000     0.0000     0.0000       0     84      0    1.00    3.29    1.00      0       0       0       0   result_model_2

G    N     10   10   asym  0.000000    0.000000    0.000000    0.140    0.013363      0.0000     0.0000     0.0000       0     84      0    1.00    3.29    1.00      0       0       0       0   result_model_2
N    G     10   10   asym  0.000000    0.000000    0.000000    0.135    0.013577      0.0000     0.0000     0.0000       0     84      0    1.00    3.29    1.00      0       0       0       0   result_model_2
G    N     10   10   max   0.000000    0.000000    0.000000    0.140    0.013577      0.0000     0.0000     0.0000       0     84      0    1.00    3.29    1.00      0       0       0       0   result_model_2

G    O     10   10   asym  0.000000    0.000000    0.000000    0.152    0.014054      0.0000     0.0000     0.0000       0     84      0    1.00    3.29    1.00      0       0       0       0   result_model_2
O    G     10   10   asym  0.000000    0.000000    0.000000    0.148    0.014331      0.0000     0.0000     0.0000       0     84      0    1.00    3.29    1.00      0       0       0       0   result_model_2
G    O     10   10   max   0.000000    0.000000    0.000000    0.152    0.014331      0.0000     0.0000     0.0000       0     84      0    1.00    3.29    1.00      0       0       0       0   result_model_2

G    P     10   10   asym  0.000000    0.000000    0.000000    0.136    0.013060      0.0000     0.0000     0.0000       0     84      0    1.00    3.29    1.00      0       0       0       0   result_model_2
P    G     10   10   asym  0.000000    0.000000    0.000000    0.130    0.013396      0.0000     0.0000     0.0000       0     84      0    1.00    3.29    1.00      0       0       0       0   result_model_2
G    P     10   10   max   0.000000    0.000000    0.000000    0.136    0.013396      0.0000     0.0000     0.0000       0     84      0    1.00    3.29    1.00      0       0       0       0   result_model_2

G    Q     10   10   asym  0.000000    0.000000    0.000000    0.146    0.013530      0.0000     0.0000     0.0000       0     84      0    1.00    3.29    1.00      0       0       0       0   result_model_2
Q    G     10   10   asym  0.000000    0.000000    0.000000    0.139    0.014013      0.0000     0.0000     0.0000       0     84      0    1.00    3.29    1.00      0       0       0       0   result_model_2
G    Q     10   10   max   0.000000    0.000000    0.000000    0.146    0.014013      0.0000     0.0000     0.0000       0     84      0    1.00    3.29    1.00      0       0       0       0   result_model_2

G    R     10   10   asym  0.000000    0.000000    0.000000    0.131    0.012723      0.0000     0.0000     0.0000       0     84      0    1.00    3.29    1.00      0       0       0       0   result_model_2
R    G     10   10   asym  0.000000    0.000000    0.000000    0.125    0.013101      0.0000     0.0000     0.0000       0     84      0    1.00    3.29    1.00      0       0       0       0   result_model_2
G    R     10   10   max   0.000000    0.000000    0.000000    0.131    0.013101      0.0000     0.0000     0.0000       0     84      0    1.00    3.29    1.00      0       0       0       0   result_model_2

G    S     10   10   asym  0.000000    0.000000    0.000000    0.137    0.013009      0.0000     0.0000     0.0000       0     84      0    1.00    3.29    1.00      0       0       0       0   result_model_2
S    G     10   10   asym  0.000000    0.000000    0.000000    0.130    0.013439      0.0000     0.0000     0.0000       0     84      0    1.00    3.29    1.00      0       0       0       0   result_model_2
G    S     10   10   max   0.000000    0.000000    0.000000    0.137    0.013439      0.0000     0.0000     0.0000       0     84      0    1.00    3.29    1.00      0       0       0       0   result_model_2

G    T     10   10   asym  0.000000    0.000000    0.000000    0.123    0.012398      0.0000     0.0000     0.0000       0     84      0    1.00    3.29    1.00      0       0       0       0   result_model_2
T    G     10   10   asym  0.000000    0.000000    0.000000    0.119    0.012706      0.0000     0.0000     0.0000       0     84      0    1.00    3.29    1.00      0       0       0       0   result_model_2
G    T     10   10   max   0.000000    0.000000    0.000000    0.123    0.012706      0.0000     0.0000     0.0000       0     84      0    1.00    3.29    1.00      0       0       0       0   result_model_2

H    I     10   10   asym  0.000000    0.000000    0.000000    0.161    0.015215      0.0192     0.0081     0.0000       0     84      0    1.00    3.29    1.00      0       0       0       0   result_model_2
I    H     10   10   asym  0.000000    0.000000    0.000000    0.165    0.015014      0.0192     0.0081     0.0000       0     84      0    1.00    3.29    1.00      0       0       0       0   result_model_2
H    I     10   10   max   0.000000    0.000000    0.000000    0.165    0.015215      0.0192     0.0081     0.0000       0     84      0    1.00    3.29    1.00      0       0       0       0   result_model_2

H    J     10   10   asym  0.000000    0.000000    0.000000    0.228    0.019754      0.0239     0.0084     0.0000       0     84      0    1.00    3.29    1.00      0       0       0       0   result_model_2
J    H     10   10   asym  0.000000    0.000000    0.000000    0.227    0.019774      0.0239     0.0084     0.0000       0     84      0    1.00    3.29    1.00      0       0       0       0   result_model_2
H    J     10   10   max   0.000000    0.000000    0.000000    0.228    0.019774      0.0239     0.0084     0.0000       0     84      0    1.00    3.29    1.00      0       0       0       0   result_model_2

H    K     10   10   asym  0.000000    0.000000    0.000000    0.151    0.014148      0.0183     0.0080     0.0000       0     84      0    1.00    3.29    1.00      0       0       0       0   result_model_2
K    H     10   10   asym  0.000000    0.000000    0.000000    0.149    0.014269      0.0183     0.0080     0.0000       0     84      0    1.00    3.29    1.00      0       0       0       0   result_model_2
H    K     10   10   max   0.000000    0.000000    0.000000    0.151    0.014269      0.0183     0.0080     0.0000       0     84      0    1.00    3.29    1.00      0       0       0       0   result_model_2

H    L     10   10   asym  0.000000    0.000000    0.000000    0.186    0.016341      0.0000     0.0000     0.0000       0     84      0    1.00    3.29    1.00      0       0       0       0   result_model_2
L    H     10   10   asym  0.000000    0.000000    0.000000    0.184    0.016618      0.0000     0.0000     0.0000       0     84      0    1.00    3.29    1.00      0       0       0       0   result_model_2
H    L     10   10   max   0.000000    0.000000    0.000000    0.186    0.016618      0.0000     0.0000     0.0000       0     84      0    1.00    3.29    1.00      0       0       0       0   result_model_2

H    M     10   10   asym  0.000000    0.000000    0.000000    0.142    0.013570      0.0000     0.0000     0.0000       0     84      0    1.00    3.29    1.00      0       0       0       0   result_model_2
M    H     10   10   asym  0.000000    0.000000    0.000000    0.139    0.013750      0.0000     0.0000     0.0000       0     84      0    1.00    3.29    1.00      0       0       0       0   result_model_2
H    M     10   10   max   0.000000    0.000000    0.000000    0.142    0.013750      0.0000     0.0000     0.0000       0     84      0    1.00    3.29    1.00      0       0       0       0   result_model_2

H    N     10   10   asym  0.000000    0.000000    0.000000    0.162    0.014851      0.0000     0.0000     0.0000       0     84      0    1.00    3.29    1.00      0       0       0       0   result_model_2
N    H     10   10   asym  0.000000    0.000000    0.000000    0.160    0.015002      0.0000     0.0000     0.0000       0     84      0    1.00    3.29    1.00      0       0       0       0   result_model_2
H    N     10   10   max   0.000000    0.000000    0.000000    0.162    0.015002      0.0000     0.0000     0.0000       0     84      0    1.00    3.29    1.00      0       0       0       0   result_model_2

H    O     10   10   asym  0.000000    0.000000    0.000000    0.137    0.013237      0.0000     0.0000     0.0000       0     84      0    1.00    3.29    1.00      0       0       0       0   result_model_2
O    H     10   10   asym  0.000000    0.000000    0.000000    0.134    0.013487      0.0000     0.0000     0.0000       0     84      0    1.00    3.29    1.00      0       0       0       0   result_model_2
H    O     10   10   max   0.000000    0.000000    0.000000    0.137    0.013487      0.0000     0.0000     0.0000       0     84      0    1.00    3.29    1.00      0       0       0       0   result_model_2

H    P     10   10   asym  0.000000    0.000000    0.000000    0.152    0.014051      0.0000     0.0000     0.0000       0     84      0    1.00    3.29    1.00      0       0       0       0   result_model_2
P    H     10   10   asym  0.000000    0.000000    0.000000    0.148    0.014331      0.0000     0.0000     0.0000       0     84      0    1.00    3.29    1.00      0       0       0       0   result_model_2
H    P     10   10   max   0.000000    0.000000    0.000000    0.152    0.014331      0.0000     0.0000     0.0000       0     84      0    1.00    3.29    1.00      0       0       0       0   result_model_2

H    Q     10   10   asym  0.000000    0.000000    0.000000    0.131    0.012878      0.0000     0.0000     0.0000       0     84      0    1.00    3.29    1.00      0       0       0       0   result_model_2
Q    H     10   10   asym  0.000000    0.000000    0.000000    0.128    0.013161      0.0000     0.0000     0.0000       0     84      0    1.00    3.29    1.00      0       0       0       0   result_model_2
H    Q     10   10   max   0.000000    0.000000    0.000000    0.131    0.013161      0.0000     0.0000     0.0000       0     84      0    1.00    3.29    1.00      0       0       0       0   result_model_2

H    R     10   10   asym  0.000000    0.000000    0.000000    0.143    0.013503      0.0000     0.0000     0.0000       0     84      0    1.00    3.29    1.00      0       0       0       0   result_model_2
R    H     10   10   asym  0.000000    0.000000    0.000000    0.139    0.013855      0.0000     0.0000     0.0000       0     84      0    1.00    3.29    1.00      0       0       0       0   result_model_2
H    R     10   10   max   0.000000    0.000000    0.000000    0.143    0.013855      0.0000     0.0000     0.0000       0     84      0    1.00    3.29    1.00      0       0       0       0   result_model_2

H    S     10   10   asym  0.000000    0.000000    0.000000    0.125    0.012518      0.0000     0.0000     0.0000       0     84      0    1.00    3.29    1.00      0       0       0       0   result_model_2
S    H     10   10   asym  0.000000    0.000000    0.000000    0.121    0.012812      0.0000     0.0000     0.0000       0     84      0    1.00    3.29    1.00      0       0       0       0   result_model_2
H    S     10   10   max   0.000000    0.000000    0.000000    0.125    0.012812      0.0000     0.0000     0.0000       0     84      0    1.00    3.29    1.00      0       0       0       0   result_model_2

H    T     10   10   asym  0.000000    0.000000    0.000000    0.132    0.013001      0.0000     0.0000     0.0000       0     84      0    1.00    3.29    1.00      0       0       0       0   result_model_2
T    H     10   10   asym  0.000000    0.000000    0.000000    0.130    0.013236      0.0000     0.0000     0.0000       0     84      0    1.00    3.29    1.00      0       0       0       0   result_model_2
H    T     10   10   max   0.000000    0.000000    0.000000    0.132    0.013236      0.0000     0.0000     0.0000       0     84      0    1.00    3.29    1.00      0       0       0       0   result_model_2

I    J     10   10   asym  0.000000    0.000000    0.000000    0.166    0.015262      0.0195     0.0081     0.0000       0     84      0    1.00    3.29    1.00      0       0       0       0   result_model_2
J    I     10   10   asym  0.000000    0.000000    0.000000    0.165    0.015227      0.0195     0.0081     0.0000       0     84      0    1.00    3.29    1.00      0       0       0       0   result_model_2
I    J     10   10   max   0.000000    0.000000    0.000000    0.166    0.015262      0.0195     0.0081     0.0000       0     84      0    1.00    3.29    1.00      0       0       0       0   result_model_2

I    K     10   10   asym  0.000000    0.000000    0.000000    0.224    0.019235      0.0241     0.0083     0.0000       0     84      0    1.00    3.29    1.00      0       0       0       0   result_model_2
K    I     10   10   asym  0.000000    0.000000    0.000000    0.223    0.019220      0.0241     0.0084     0.0000       0     84      0    1.00    3.29    1.00      0       0       0       0   result_model_2
I    K     10   10   max   0.000000    0.000000    0.000000    0.224    0.019235      0.0241     0.0084     0.0000       0     84      0    1.00    3.29    1.00      0       0       0       0   result_model_2

I    L     10   10   asym  0.000000    0.000000    0.000000    0.154    0.014202      0.0189     0.0080     0.0000       0     84      0    1.00    3.29    1.00      0       0       0       0   result_model_2
L    I     10   10   asym  0.000000    0.000000    0.000000    0.149    0.014373      0.0189     0.0080     0.0000       0     84      0    1.00    3.29    1.00      0       0       0       0   result_model_2
I    L     10   10   max   0.000000    0.000000    0.000000    0.154    0.014373      0.0189     0.0080     0.0000       0     84      0    1.00    3.29    1.00      0       0       0       0   result_model_2

I    M     10   10   asym  0.000000    0.000000    0.000000    0.188    0.016397      0.0183     0.0078     0.0000       0     84      0    1.00    3.29    1.00      0       0       0       0   result_model_2
M    I     10   10   asym  0.000000    0.000000    0.000000    0.184    0.016540      0.0183     0.0079     0.0000       0     84      0    1.00    3.29    1.00      0       0       0       0   result_model_2
I    M     10   10   max   0.000000    0.000000    0.000000    0.188    0.016540      0.0183     0.0079     0.0000       0     84      0    1.00    3.29    1.00      0       0       0       0   result_model_2

I    N     10   10   asym  0.000000    0.000000    0.000000    0.146    0.013676      0.0183     0.0079     0.0000       0     84      0    1.00    3.29    1.00      0       0       0       0   result_model_2
N    I     10   10   asym  0.000000    0.000000    0.000000    0.141    0.013912      0.0183     0.0079     0.0000       0     84      0    1.00    3.29    1.00      0       0       0       0   result_model_2
I    N     10   10   max   0.000000    0.000000    0.000000    0.146    0.013912      0.0183     0.0079     0.0000       0     84      0    1.00    3.29    1.00      0       0       0       0   result_model_2

I    O     10   10   asym  0.000000    0.000000    0.000000    0.166    0.014922      0.0000     0.0000     0.0000       0     84      0    1.00    3.29    1.00      0       0       0       0   result_model_2
O    I     10   10   asym  0.000000    0.000000    0.000000    0.162    0.015228      0.0000     0.0000     0.0000       0     84      0    1.00    3.29    1.00      0       0       0       0   result_model_2
I    O     10   10   max   0.000000    0.000000    0.000000    0.166    0.015228      0.0000     0.0000     0.0000       0     84      0    1.00    3.29    1.00      0       0       0       0   result_model_2

I    P     10   10   asym  0.000000    0.000000    0.000000    0.140    0.013267      0.0000     0.0000     0.0000       0     84      0    1.00    3.29    1.00      0       0       0       0   result_model_2
P    I     10   10   asym  0.000000    0.000000    0.000000    0.134    0.013584      0.0000     0.0000     0.0000       0     84      0    1.00    3.29    1.00      0       0       0       0   result_model_2
I    P     10   10   max   0.000000    0.000000    0.000000    0.140    0.013584      0.0000     0.0000     0.0000       0     84      0    1.00    3.29    1.00      0       0       0       0   result_model_2

I    Q     10   10   asym  0.000000    0.000000    0.000000    0.155    0.014159      0.0000     0.0000     0.0000       0     84      0    1.00    3.29    1.00      0       0       0       0   result_model_2
Q    I     10   10   asym  0.000000    0.000000    0.000000    0.150    0.014529      0.0000     0.0000     0.0000       0     84      0    1.00    3.29    1.00      0       0       0       0   result_model_2
I    Q     10   10   max   0.000000    0.000000    0.000000    0.155    0.014529      0.0000     0.0000     0.0000       0     84      0    1.00    3.29    1.00      0       0       0       0   result_model_2

I    R     10   10   asym  0.000000    0.000000    0.000000    0.135    0.012932      0.0000     0.0000     0.0000       0     84      0    1.00    3.29    1.00      0       0       0       0   result_model_2
R    I     10   10   asym  0.000000    0.000000    0.000000    0.129    0.013347      0.0000     0.0000     0.0000       0     84      0    1.00    3.29    1.00      0       0       0       0   result_model_2
I    R     10   10   max   0.000000    0.000000    0.000000    0.135    0.013347      0.0000     0.0000     0.0000       0     84      0    1.00    3.29    1.00      0       0       0       0   result_model_2

I    S     10   10   asym  0.000000    0.000000    0.000000    0.146    0.013518      0.0000     0.0000     0.0000       0     84      0    1.00    3.29    1.00      0       0       0       0   result_model_2
S    I     10   10   asym  0.000000    0.000000    0.000000    0.139    0.014065      0.0000     0.0000     0.0000       0     84      0    1.00    3.29    1.00      0       0       0       0   result_model_2
I    S     10   10   max   0.000000    0.000000    0.000000    0.146    0.014065      0.0000     0.0000     0.0000       0     84      0    1.00    3.29    1.00      0       0       0       0   result_model_2

I    T     10   10   asym  0.000000    0.000000    0.000000    0.128    0.012608      0.0000     0.0000     0.0000       0     84      0    1.00    3.29    1.00      0       0       0       0   result_model_2
T    I     10   10   asym  0.000000    0.000000    0.000000    0.123    0.013005      0.0000     0.0000     0.0000       0     84      0    1.00    3.29    1.00      0       0       0       0   result_model_2
I    T     10   10   max   0.000000    0.000000    0.000000    0.128    0.013005      0.0000     0.0000     0.0000       0     84      0    1.00    3.29    1.00      0       0       0       0   result_model_2

J    K     10   10   asym  0.000000    0.000000    0.000000    0.162    0.015203      0.0192     0.0081     0.0000       0     84      0    1.00    3.29    1.00      0       0       0       0   result_model_2
K    J     10   10   asym  0.000000    0.000000    0.000000    0.166    0.015039      0.0192     0.0081     0.0000       0     84      0    1.00    3.29    1.00      0       0       0       0   result_model_2
J    K     10   10   max   0.000000    0.000000    0.000000    0.166    0.015203      0.0192     0.0081     0.0000       0     84      0    1.00    3.29    1.00      0       0       0       0   result_model_2

J    L     10   10   asym  0.000000    0.000000    0.000000    0.220    0.018806      0.0236     0.0083     0.0000       0     84      0    1.00    3.29    1.00      0       0       0       0   result_model_2
L    J     10   10   asym  0.000000    0.000000    0.000000    0.217    0.019012      0.0236     0.0083     0.0000       0     84      0    1.00    3.29    1.00      0       0       0       0   result_model_2
J    L     10   10   max   0.000000    0.000000    0.000000    0.220    0.019012      0.0236     0.0083     0.0000       0     84      0    1.00    3.29    1.00      0       0       0       0   result_model_2

J    M     10   10   asym  0.000000    0.000000    0.000000    0.149    0.014058      0.0183     0.0080     0.0000       0     84      0    1.00    3.29    1.00      0       0       0       0   result_model_2
M    J     10   10   asym  0.000000    0.000000    0.000000    0.148    0.014205      0.0183     0.0080     0.0000       0     84      0    1.00    3.29    1.00      0       0       0       0   result_model_2
J    M     10   10   max   0.000000    0.000000    0.000000    0.149    0.014205      0.0183     0.0080     0.0000       0     84      0    1.00    3.29    1.00      0       0       0       0   result_model_2

J    N     10   10   asym  0.000000    0.000000    0.000000    0.184    0.016085      0.0000     0.0000     0.0000       0     84      0    1.00    3.29    1.00      0       0       0       0   result_model_2
N    J     10   10   asym  0.000000    0.000000    0.000000    0.180    0.016481      0.0000     0.0000     0.0000       0     84      0    1.00    3.29    1.00      0       0       0       0   result_model_2
J    N     10   10   max   0.000000    0.000000    0.000000    0.184    0.016481      0.0000     0.0000     0.0000       0     84      0    1.00    3.29    1.00      0       0       0       0   result_model_2

J    O     10   10   asym  0.000000    0.000000    0.000000    0.141    0.013461      0.0000     0.0000     0.0000       0     84      0    1.00    3.29    1.00      0       0       0       0   result_model_2
O    J     10   10   asym  0.000000    0.000000    0.000000    0.139    0.013709      0.0000     0.0000     0.0000       0     84      0    1.00    3.29    1.00      0       0       0       0   result_model_2
J    O     10   10   max   0.000000    0.000000    0.000000    0.141    0.013709      0.0000     0.0000     0.0000       0     84      0    1.00    3.29    1.00      0       0       0       0   result_model_2

J    P     10   10   asym  0.000000    0.000000    0.000000    0.166    0.014810      0.0000     0.0000     0.0000       0     84      0    1.00    3.29    1.00      0       0       0       0   result_model_2
P    J     10   10   asym  0.000000    0.000000    0.000000    0.161    0.015208      0.0000     0.0000     0.0000       0     84      0    1.00    3.29    1.00      0       0       0       0   result_model_2
J    P     10   10   max   0.000000    0.000000    0.000000    0.166    0.015208      0.0000     0.0000     0.0000       0     84      0    1.00    3.29    1.00      0       0       0       0   result_model_2

J    Q     10   10   asym  0.000000    0.000000    0.000000    0.135    0.013102      0.0000     0.0000     0.0000       0     84      0    1.00    3.29    1.00      0       0       0       0   result_model_2
Q    J     10   10   asym  0.000000    0.000000    0.000000    0.132    0.013386      0.0000     0.0000     0.0000       0     84      0    1.00    3.29    1.00      0       0       0       0   result_model_2
J    Q     10   10   max   0.000000    0.000000    0.000000    0.135    0.013386      0.0000     0.0000     0.0000       0     84      0    1.00    3.29    1.00      0       0       0       0   result_model_2

J    R     10   10   asym  0.000000    0.000000    0.000000    0.152    0.013968      0.0000     0.0000     0.0000       0     84      0    1.00    3.29    1.00      0       0       0       0   result_model_2
R    J     10   10   asym  0.000000    0.000000    0.000000    0.147    0.014402      0.0000     0.0000     0.0000       0     84      0    1.00    3.29    1.00      0       0       0       0   result_model_2
J    R     10   10   max   0.000000    0.000000    0.000000    0.152    0.014402      0.0000     0.0000     0.0000       0     84      0    1.00    3.29    1.00      0       0       0       0   result_model_2

J    S     10   10   asym  0.000000    0.000000    0.000000    0.129    0.012736      0.0000     0.0000     0.0000       0     84      0    1.00    3.29    1.00      0       0       0       0   result_model_2
S    J     10   10   asym  0.000000    0.000000    0.000000    0.126    0.013052      0.0000     0.0000     0.0000       0     84      0    1.00    3.29    1.00      0       0       0       0   result_model_2
J    S     10   10   max   0.000000    0.000000    0.000000    0.129    0.013052      0.0000     0.0000     0.0000       0     84      0    1.00    3.29    1.00      0       0       0       0   result_model_2

J    T     10   10   asym  0.000000    0.000000    0.000000    0.141    0.013395      0.0000     0.0000     0.0000       0     84      0    1.00    3.29    1.00      0       0       0       0   result_model_2
T    J     10   10   asym  0.000000    0.000000    0.000000    0.137    0.013815      0.0000     0.0000     0.0000       0     84      0    1.00    3.29    1.00      0       0       0       0   result_model_2
J    T     10   10   max   0.000000    0.000000    0.000000    0.141    0.013815      0.0000     0.0000     0.0000       0     84      0    1.00    3.29    1.00      0       0       0       0   result_model_2

K    L     10   10   asym  0.000000    0.000000    0.000000    0.166    0.015136      0.0195     0.0081     0.0000       0     84      0    1.00    3.29    1.00      0       0       0       0   result_model_2
L    K     10   10   asym  0.000000    0.000000    0.000000    0.164    0.015179      0.0195     0.0081     0.0000       0     84      0    1.00    3.29    1.00      0       0       0       0   result_model_2
K    L     10   10   max   0.000000    0.000000    0.000000    0.166    0.015179      0.0195     0.0081     0.0000       0     84      0    1.00    3.29    1.00      0       0       0       0   result_model_2

K    M     10   10   asym  0.000000    0.000000    0.000000    0.229    0.019408      0.0241     0.0084     0.0000       0     84      0    1.00    3.29    1.00      0       0       0       0   result_model_2
M    K     10   10   asym  0.000000    0.000000    0.000000    0.228    0.019511      0.0241     0.0084     0.0000       0     84      0    1.00    3.29    1.00      0       0       0       0   result_model_2
K    M     10   10   max   0.000000    0.000000    0.000000    0.229    0.019511      0.0241     0.0084     0.0000       0     84      0    1.00    3.29    1.00      0       0       0       0   result_model_2

K    N     10   10   asym  0.000000    0.000000    0.000000    0.153    0.014096      0.0189     0.0080     0.0000       0     84      0    1.00    3.29    1.00      0       0       0       0   result_model_2
N    K     10   10   asym  0.000000    0.000000    0.000000    0.148    0.014344      0.0189     0.0080     0.0000       0     84      0    1.00    3.29    1.00      0       0       0       0   result_model_2
K    N     10   10   max   0.000000    0.000000    0.000000    0.153    0.014344      0.0189     0.0080     0.0000       0     84      0    1.00    3.29    1.00      0       0       0       0   result_model_2

K    O     10   10   asym  0.000000    0.000000    0.000000    0.196    0.016748      0.0183     0.0078     0.0000       0     84      0    1.00    3.29    1.00      0       0       0       0   result_model_2
O    K     10   10   asym  0.000000    0.000000    0.000000    0.191    0.017168      0.0183     0.0079     0.0000       0     84      0    1.00    3.29    1.00      0       0       0       0   result_model_2
K    O     10   10   max   0.000000    0.000000    0.000000    0.196    0.017168      0.0183     0.0079     0.0000       0     84      0    1.00    3.29    1.00      0       0       0       0   result_model_2

K    P     10   10   asym  0.000000    0.000000    0.000000    0.145    0.013545      0.0183     0.0079     0.0000       0     84      0    1.00    3.29    1.00      0       0       0       0   result_model_2
P    K     10   10   asym  0.000000    0.000000    0.000000    0.139    0.013901      0.0183     0.0079     0.0000       0     84      0    1.00    3.29    1.00      0       0       0       0   result_model_2
K    P     10   10   max   0.000000    0.000000    0.000000    0.145    0.013901      0.0183     0.0079     0.0000       0     84      0    1.00    3.29    1.00      0       0       0       0   result_model_2

K    Q     10   10   asym  0.000000    0.000000    0.000000    0.176    0.015286      0.0000     0.0000     0.0000       0     84      0    1.00    3.29    1.00      0       0       0       0   result_model_2
Q    K     10   10   asym  0.000000    0.000000    0.000000    0.169    0.015891      0.0000     0.0000     0.0000       0     84      0    1.00    3.29    1.00      0       0       0       0   result_model_2
K    Q     10   10   max   0.000000    0.000000    0.000000    0.176    0.015891      0.0000     0.0000     0.0000       0     84      0    1.00    3.29    1.00      0       0       0       0   result_model_2

K    R     10   10   asym  0.000000    0.000000    0.000000    0.138    0.013109      0.0000     0.0000     0.0000       0     84      0    1.00    3.29    1.00      0       0       0       0   result_model_2
R    K     10   10   asym  0.000000    0.000000    0.000000    0.132    0.013538      0.0000     0.0000     0.0000       0     84      0    1.00    3.29    1.00      0       0       0       0   result_model_2
K    R     10   10   max   0.000000    0.000000    0.000000    0.138    0.013538      0.0000     0.0000     0.0000       0     84      0    1.00    3.29    1.00      0       0       0       0   result_model_2

K    S     10   10   asym  0.000000    0.000000    0.000000    0.159    0.014370      0.0000     0.0000     0.0000       0     84      0    1.00    3.29    1.00      0       0       0       0   result_model_2
S    K     10   10   asym  0.000000    0.000000    0.000000    0.154    0.014896      0.0000     0.0000     0.0000       0     84      0    1.00    3.29    1.00      0       0       0       0   result_model_2
K    S     10   10   max   0.000000    0.000000    0.000000    0.159    0.014896      0.0000     0.0000     0.0000       0     84      0    1.00    3.29    1.00      0       0       0       0   result_model_2

K    T     10   10   asym  0.000000    0.000000    0.000000    0.133    0.012795      0.0000     0.0000     0.0000       0     84      0    1.00    3.29    1.00      0       0       0       0   result_model_2
T    K     10   10   asym  0.000000    0.000000    0.000000    0.127    0.013237      0.0000     0.0000     0.0000       0     84      0    1.00    3.29    1.00      0       0       0       0   result_model_2
K    T     10   10   max   0.000000    0.000000    0.000000    0.133    0.013237      0.0000     0.0000     0.0000       0     84      0    1.00    3.29    1.00      0       0       0       0   result_model_2

L    M     10   10   asym  0.000000    0.000000    0.000000    0.160    0.015084      0.0192     0.0081     0.0000       0     84      0    1.00    3.29    1.00      0       0       0       0   result_model_2
M    L     10   10   asym  0.000000    0.000000    0.000000    0.165    0.014928      0.0192     0.0081     0.0000       0     84      0    1.00    3.29    1.00      0       0       0       0   result_model_2
L    M     10   10   max   0.000000    0.000000    0.000000    0.165    0.015084      0.0192     0.0081     0.0000       0     84      0    1.00    3.29    1.00      0       0       0       0   result_model_2

L    N     10   10   asym  0.000000    0.000000    0.000000    0.224    0.019120      0.0237     0.0083     0.0000       0     84      0    1.00    3.29    1.00      0       0       0       0   result_model_2
N    L     10   10   asym  0.000000    0.000000    0.000000    0.223    0.019351      0.0237     0.0083     0.0000       0     84      0    1.00    3.29    1.00      0       0       0       0   result_model_2
L    N     10   10   max   0.000000    0.000000    0.000000    0.224    0.019351      0.0237     0.0083     0.0000       0     84      0    1.00    3.29    1.00      0       0       0       0   result_model_2

L    O     10   10   asym  0.000000    0.000000    0.000000    0.149    0.013942      0.0184     0.0079     0.0000       0     84      0    1.00    3.29    1.00      0       0       0       0   result_model_2
O    L     10   10   asym  0.000000    0.000000    0.000000    0.147    0.014163      0.0184     0.0079     0.0000       0     84      0    1.00    3.29    1.00      0       0       0       0   result_model_2
L    O     10   10   max   0.000000    0.000000    0.000000    0.149    0.014163      0.0184     0.0079     0.0000       0     84      0    1.00    3.29    1.00      0       0       0       0   result_model_2

L    P     10   10   asym  0.000000    0.000000    0.000000    0.194    0.016554      0.0000     0.0000     0.0000       0     84      0    1.00    3.29    1.00      0       0       0       0   result_model_2
P    L     10   10   asym  0.000000    0.000000    0.000000    0.189    0.017160      0.0000     0.0000     0.0000       0     84      0    1.00    3.29    1.00      0       0       0       0   result_model_2
L    P     10   10   max   0.000000    0.000000    0.000000    0.194    0.017160      0.0000     0.0000     0.0000       0     84      0    1.00    3.29    1.00      0       0       0       0   result_model_2

L    Q     10   10   asym  0.000000    0.000000    0.000000    0.139    0.013330      0.0000     0.0000     0.0000       0     84      0    1.00    3.29    1.00      0       0       0       0   result_model_2
Q    L     10   10   asym  0.000000    0.000000    0.000000    0.137    0.013614      0.0000     0.0000     0.0000       0     84      0    1.00    3.29    1.00      0       0       0       0   result_model_2
L    Q     10   10   max   0.000000    0.000000    0.000000    0.139    0.013614      0.0000     0.0000     0.0000       0     84      0    1.00    3.29    1.00      0       0       0       0   result_model_2

L    R     10   10   asym  0.000000    0.000000    0.000000    0.172    0.015204      0.0000     0.0000     0.0000       0     84      0    1.00    3.29    1.00      0       0       0       0   result_model_2
R    L     10   10   asym  0.000000    0.000000    0.000000    0.168    0.015763      0.0000     0.0000     0.0000       0     84      0    1.00    3.29    1.00      0       0       0       0   result_model_2
L    R     10   10   max   0.000000    0.000000    0.000000    0.172    0.015763      0.0000     0.0000     0.0000       0     84      0    1.00    3.29    1.00      0       0       0       0   result_model_2

L    S     10   10   asym  0.000000    0.000000    0.000000    0.133    0.012954      0.0000     0.0000     0.0000       0     84      0    1.00    3.29    1.00      0       0       0       0   result_model_2
S    L     10   10   asym  0.000000    0.000000    0.000000    0.130    0.013248      0.0000     0.0000     0.0000       0     84      0    1.00    3.29    1.00      0       0       0       0   result_model_2
L    S     10   10   max   0.000000    0.000000    0.000000    0.133    0.013248      0.0000     0.0000     0.0000       0     84      0    1.00    3.29    1.00      0       0       0       0   result_model_2

L    T     10   10   asym  0.000000    0.000000    0.000000    0.155    0.014215      0.0000     0.0000     0.0000       0     84      0    1.00    3.29    1.00      0       0       0       0   result_model_2
T    L     10   10   asym  0.000000    0.000000    0.000000    0.150    0.014658      0.0000     0.0000     0.0000       0     84      0    1.00    3.29    1.00      0       0       0       0   result_model_2
L    T     10   10   max   0.000000    0.000000    0.000000    0.155    0.014658      0.0000     0.0000     0.0000       0     84      0    1.00    3.29    1.00      0       0       0       0   result_model_2

M    N     10   10   asym  0.000000    0.000000    0.000000    0.164    0.014952      0.0195     0.0081     0.0000       0     84      0    1.00    3.29    1.00      0       0       0       0   result_model_2
N    M     10   10   asym  0.000000    0.000000    0.000000    0.162    0.015024      0.0195     0.0081     0.0000       0     84      0    1.00    3.29    1.00      0       0       0       0   result_model_2
M    N     10   10   max   0.000000    0.000000    0.000000    0.164    0.015024      0.0195     0.0081     0.0000       0     84      0    1.00    3.29    1.00      0       0       0       0   result_model_2

M    O     10   10   asym  0.000000    0.000000    0.000000    0.239    0.020143      0.0243     0.0084     0.0000       0     84      0    1.00    3.29    1.00      0       0       0       0   result_model_2
O    M     10   10   asym  0.000000    0.000000    0.000000    0.236    0.020510      0.0243     0.0085     0.0000       0     84      0    1.00    3.29    1.00      0       0       0       0   result_model_2
M    O     10   10   max   0.000000    0.000000    0.000000    0.239    0.020510      0.0243     0.0085     0.0000       0     84      0    1.00    3.29    1.00      0       0       0       0   result_model_2

M    P     10   10   asym  0.000000    0.000000    0.000000    0.153    0.013995      0.0189     0.0080     0.0000       0     84      0    1.00    3.29    1.00      0       0       0       0   result_model_2
P    M     10   10   asym  0.000000    0.000000    0.000000    0.147    0.014357      0.0189     0.0080     0.0000       0     84      0    1.00    3.29    1.00      0       0       0       0   result_model_2
M    P     10   10   max   0.000000    0.000000    0.000000    0.153    0.014357      0.0189     0.0080     0.0000       0     84      0    1.00    3.29    1.00      0       0       0       0   result_model_2

M    Q     10   10   asym  0.000000    0.000000    0.000000    0.210    0.017267      0.0183     0.0078     0.0000       0     84      0    1.00    3.29    1.00      0       0       0       0   result_model_2
Q    M     10   10   asym  0.000000    0.000000    0.000000    0.200    0.017999      0.0183     0.0079     0.0000       0     84      0    1.00    3.29    1.00      0       0       0       0   result_model_2
M    Q     10   10   max   0.000000    0.000000    0.000000    0.210    0.017999      0.0183     0.0079     0.0000       0     84      0    1.00    3.29    1.00      0       0       0       0   result_model_2

M    R     10   10   asym  0.000000    0.000000    0.000000    0.145    0.013425      0.0183     0.0079     0.0000       0     84      0    1.00    3.29    1.00      0       0       0       0   result_model_2
R    M     10   10   asym  0.000000    0.000000    0.000000    0.138    0.013876      0.0183     0.0079     0.0000       0     84      0    1.00    3.29    1.00      0       0       0       0   result_model_2
M    R     10   10   max   0.000000    0.000000    0.000000    0.145    0.013876      0.0183     0.0079     0.0000       0     84      0    1.00    3.29    1.00      0       0       0       0   result_model_2

M    S     10   10   asym  0.000000    0.000000    0.000000    0.185    0.015588      0.0000     0.0000     0.0000       0     84      0    1.00    3.29    1.00      0       0       0       0   result_model_2
S    M     10   10   asym  0.000000    0.000000    0.000000    0.174    0.016486      0.0000     0.0000     0.0000       0     84      0    1.00    3.29    1.00      0       0       0       0   result_model_2
M    S     10   10   max   0.000000    0.000000    0.000000    0.185    0.016486      0.0000     0.0000     0.0000       0     84      0    1.00    3.29    1.00      0       0       0       0   result_model_2

M    T     10   10   asym  0.000000    0.000000    0.000000    0.137    0.013023      0.0000     0.0000     0.0000       0     84      0    1.00    3.29    1.00      0       0       0       0   result_model_2
T    M     10   10   asym  0.000000    0.000000    0.000000    0.131    0.013458      0.0000     0.0000     0.0000       0     84      0    1.00    3.29    1.00      0       0       0       0   result_model_2
M    T     10   10   max   0.000000    0.000000    0.000000    0.137    0.013458      0.0000     0.0000     0.0000       0     84      0    1.00    3.29    1.00      0       0       0       0   result_model_2

N    O     10   10   asym  0.000000    0.000000    0.000000    0.159    0.014896      0.0192     0.0081     0.0000       0     84      0    1.00    3.29    1.00      0       0       0       0   result_model_2
O    N     10   10   asym  0.000000    0.000000    0.000000    0.162    0.014843      0.0192     0.0081     0.0000       0     84      0    1.00    3.29    1.00      0       0       0       0   result_model_2
N    O     10   10   max   0.000000    0.000000    0.000000    0.162    0.014896      0.0192     0.0081     0.0000       0     84      0    1.00    3.29    1.00      0       0       0       0   result_model_2

N    P     10   10   asym  0.000000    0.000000    0.000000    0.238    0.019819      0.0239     0.0084     0.0000       0     84      0    1.00    3.29    1.00      0       0       0       0   result_model_2
P    N     10   10   asym  0.000000    0.000000    0.000000    0.232    0.020387      0.0239     0.0084     0.0000       0     84      0    1.00    3.29    1.00      0       0       0       0   result_model_2
N    P     10   10   max   0.000000    0.000000    0.000000    0.238    0.020387      0.0239     0.0084     0.0000       0     84      0    1.00    3.29    1.00      0       0       0       0   result_model_2

N    Q     10   10   asym  0.000000    0.000000    0.000000    0.148    0.013837      0.0184     0.0079     0.0000       0     84      0    1.00    3.29    1.00      0       0       0       0   result_model_2
Q    N     10   10   asym  0.000000    0.000000    0.000000    0.146    0.014112      0.0184     0.0079     0.0000       0     84      0    1.00    3.29    1.00      0       0       0       0   result_model_2
N    Q     10   10   max   0.000000    0.000000    0.000000    0.148    0.014112      0.0184     0.0079     0.0000       0     84      0    1.00    3.29    1.00      0       0       0       0   result_model_2

N    R     10   10   asym  0.000000    0.000000    0.000000    0.205    0.016995      0.0000     0.0000     0.0000       0     84      0    1.00    3.29    1.00      0       0       0       0   result_model_2
R    N     10   10   asym  0.000000    0.000000    0.000000    0.195    0.018012      0.0000     0.0000     0.0000       0     84      0    1.00    3.29    1.00      0       0       0       0   result_model_2
N    R     10   10   max   0.000000    0.000000    0.000000    0.205    0.018012      0.0000     0.0000     0.0000       0     84      0    1.00    3.29    1.00      0       0       0       0   result_model_2

N    S     10   10   asym  0.000000    0.000000    0.000000    0.138    0.013215      0.0000     0.0000     0.0000       0     84      0    1.00    3.29    1.00      0       0       0       0   result_model_2
S    N     10   10   asym  0.000000    0.000000    0.000000    0.135    0.013543      0.0000     0.0000     0.0000       0     84      0    1.00    3.29    1.00      0       0       0       0   result_model_2
N    S     10   10   max   0.000000    0.000000    0.000000    0.138    0.013543      0.0000     0.0000     0.0000       0     84      0    1.00    3.29    1.00      0       0       0       0   result_model_2

N    T     10   10   asym  0.000000    0.000000    0.000000    0.176    0.015446      0.0000     0.0000     0.0000       0     84      0    1.00    3.29    1.00      0       0       0       0   result_model_2
T    N     10   10   asym  0.000000    0.000000    0.000000    0.171    0.016102      0.0000     0.0000     0.0000       0     84      0    1.00    3.29    1.00      0       0       0       0   result_model_2
N    T     10   10   max   0.000000    0.000000    0.000000    0.176    0.016102      0.0000     0.0000     0.0000       0     84      0    1.00    3.29    1.00      0       0       0       0   result_model_2

O    P     10   10   asym  0.000000    0.000000    0.000000    0.162    0.014826      0.0195     0.0081     0.0000       0     84      0    1.00    3.29    1.00      0       0       0       0   result_model_2
P    O     10   10   asym  0.000000    0.000000    0.000000    0.160    0.014886      0.0195     0.0081     0.0000       0     84      0    1.00    3.29    1.00      0       0       0       0   result_model_2
O    P     10   10   max   0.000000    0.000000    0.000000    0.162    0.014886      0.0195     0.0081     0.0000       0     84      0    1.00    3.29    1.00      0       0       0       0   result_model_2

O    Q     10   10   asym  0.000000    0.000000    0.000000    0.248    0.020706      0.0243     0.0085     0.0000       0     84      0    1.00    3.29    1.00      0       0       0       0   result_model_2
Q    O     10   10   asym  0.000000    0.000000    0.000000    0.242    0.021043      0.0243     0.0085     0.0000       0     84      0    1.00    3.29    1.00      0       0       0       0   result_model_2
O    Q     10   10   max   0.000000    0.000000    0.000000    0.248    0.021043      0.0243     0.0085     0.0000       0     84      0    1.00    3.29    1.00      0       0       0       0   result_model_2

O    R     10   10   asym  0.000000    0.000000    0.000000    0.153    0.013937      0.0189     0.0080     0.0000       0     84      0    1.00    3.29    1.00      0       0       0       0   result_model_2
R    O     10   10   asym  0.000000    0.000000    0.000000    0.147    0.014313      0.0189     0.0080     0.0000       0     84      0    1.00    3.29    1.00      0       0       0       0   result_model_2
O    R     10   10   max   0.000000    0.000000    0.000000    0.153    0.014313      0.0189     0.0080     0.0000       0     84      0    1.00    3.29    1.00      0       0       0       0   result_model_2

O    S     10   10   asym  0.000000    0.000000    0.000000    0.215    0.017634      0.0183     0.0078     0.0000       0     84      0    1.00    3.29    1.00      0       0       0       0   result_model_2
S    O     10   10   asym  0.000000    0.000000    0.000000    0.204    0.018383      0.0183     0.0079     0.0000       0     84      0    1.00    3.29    1.00      0       0       0       0   result_model_2
O    S     10   10   max   0.000000    0.000000    0.000000    0.215    0.018383      0.0183     0.0079     0.0000       0     84      0    1.00    3.29    1.00      0       0       0       0   result_model_2

O    T     10   10   asym  0.000000    0.000000    0.000000    0.144    0.013449      0.0184     0.0079     0.0000       0     84      0    1.00    3.29    1.00      0       0       0       0   result_model_2
T    O     10   10   asym  0.000000    0.000000    0.000000    0.138    0.013849      0.0184     0.0079     0.0000       0     84      0    1.00    3.29    1.00      0       0       0       0   result_model_2
O    T     10   10   max   0.000000    0.000000    0.000000    0.144    0.013849      0.0184     0.0079     0.0000       0     84      0    1.00    3.29    1.00      0       0       0       0   result_model_2

P    Q     10   10   asym  0.000000    0.000000    0.000000    0.157    0.014782      0.0191     0.0081     0.0000       0     84      0    1.00    3.29    1.00      0       0       0       0   result_model_2
Q    P     10   10   asym  0.000000    0.000000    0.000000    0.161    0.014733      0.0191     0.0081     0.0000       0     84      0    1.00    3.29    1.00      0       0       0       0   result_model_2
P    Q     10   10   max   0.000000    0.000000    0.000000    0.161    0.014782      0.0191     0.0081     0.0000       0     84      0    1.00    3.29    1.00      0       0       0       0   result_model_2

P    R     10   10   asym  0.000000    0.000000    0.000000    0.246    0.020536      0.0241     0.0084     0.0000       0     84      0    1.00    3.29    1.00      0       0       0       0   result_model_2
R    P     10   10   asym  0.000000    0.000000    0.000000    0.240    0.021136      0.0241     0.0085     0.0000       0     84      0    1.00    3.29    1.00      0       0       0       0   result_model_2
P    R     10   10   max   0.000000    0.000000    0.000000    0.246    0.021136      0.0241     0.0085     0.0000       0     84      0    1.00    3.29    1.00      0       0       0       0   result_model_2

P    S     10   10   asym  0.000000    0.000000    0.000000    0.147    0.013798      0.0184     0.0079     0.0000       0     84      0    1.00    3.29    1.00      0       0       0       0   result_model_2
S    P     10   10   asym  0.000000    0.000000    0.000000    0.145    0.014074      0.0184     0.0079     0.0000       0     84      0    1.00    3.29    1.00      0       0       0       0   result_model_2
P    S     10   10   max   0.000000    0.000000    0.000000    0.147    0.014074      0.0184     0.0079     0.0000       0     84      0    1.00    3.29    1.00      0       0       0       0   result_model_2

P    T     10   10   asym  0.000000    0.000000    0.000000    0.207    0.017360      0.0000     0.0000     0.0000       0     84      0    1.00    3.29    1.00      0       0       0       0   result_model_2
T    P     10   10   asym  0.000000    0.000000    0.000000    0.202    0.018260      0.0000     0.0000     0.0000       0     84      0    1.00    3.29    1.00      0       0       0       0   result_model_2
P    T     10   10   max   0.000000    0.000000    0.000000    0.207    0.018260      0.0000     0.0000     0.0000       0     84      0    1.00    3.29    1.00      0       0       0       0   result_model_2

Q    R     10   10   asym  0.000000    0.000000    0.000000    0.160    0.014739      0.0194     0.0080     0.0000       0     84      0    1.00    3.29    1.00      0       0       0       0   result_model_2
R    Q     10   10   asym  0.000000    0.000000    0.000000    0.158    0.014760      0.0194     0.0080     0.0000       0     84      0    1.00    3.29    1.00      0       0       0       0   result_model_2
Q    R     10   10   max   0.000000    0.000000    0.000000    0.160    0.014760      0.0194     0.0080     0.0000       0     84      0    1.00    3.29    1.00      0       0       0       0   result_model_2

Q    S     10   10   asym  0.000000    0.000000    0.000000    0.244    0.020418      0.0238     0.0084     0.0000       0     84      0    1.00    3.29    1.00      0       0       0       0   result_model_2
S    Q     10   10   asym  0.000000    0.000000    0.000000    0.242    0.020562      0.0238     0.0085     0.0000       0     84      0    1.00    3.29    1.00      0       0       0       0   result_model_2
Q    S     10   10   max   0.000000    0.000000    0.000000    0.244    0.020562      0.0238     0.0085     0.0000       0     84      0    1.00    3.29    1.00      0       0       0       0   result_model_2

Q    T     10   10   asym  0.000000    0.000000    0.000000    0.151    0.013915      0.0189     0.0079     0.0000       0     84      0    1.00    3.29    1.00      0       0       0       0   result_model_2
T    Q     10   10   asym  0.000000    0.000000    0.000000    0.146    0.014206      0.0189     0.0079     0.0000       0     84      0    1.00    3.29    1.00      0       0       0       0   result_model_2
Q    T     10   10   max   0.000000    0.000000    0.000000    0.151    0.014206      0.0189     0.0079     0.0000       0     84      0    1.00    3.29    1.00      0       0       0       0   result_model_2

R    S     10   10   asym  0.000000    0.000000    0.000000    0.154    0.014677      0.0191     0.0080     0.0000       0     84      0    1.00    3.29    1.00      0       0       0       0   result_model_2
S    R     10   10   asym  0.000000    0.000000    0.000000    0.159    0.014521      0.0191     0.0080     0.0000       0     84      0    1.00    3.29    1.00      0       0       0       0   result_model_2
R    S     10   10   max   0.000000    0.000000    0.000000    0.159    0.014677      0.0191     0.0080     0.0000       0     84      0    1.00    3.29    1.00      0       0       0       0   result_model_2

R    T     10   10   asym  0.000000    0.000000    0.000000    0.231    0.019757      0.0237     0.0084     0.0000       0     84      0    1.00    3.29    1.00      0       0       0       0   result_model_2
T    R     10   10   asym  0.000000    0.000000    0.000000    0.232    0.019940      0.0237     0.0084     0.0000       0     84      0    1.00    3.29    1.00      0       0       0       0   result_model_2
R    T     10   10   max   0.000000    0.000000    0.000000    0.232    0.019940      0.0237     0.0084     0.0000       0     84      0    1.00    3.29    1.00      0       0       0       0   result_model_2

S    T     10   10   asym  0.000000    0.000000    0.000000    0.156    0.014648      0.0193     0.0080     0.0000       0     84      0    1.00    3.29    1.00      0       0       0       0   result_model_2
T    S     10   10   asym  0.000000    0.000000    0.000000    0.156    0.014606      0.0193     0.0080     0.0000       0     84      0    1.00    3.29    1.00      0       0       0       0   result_model_2
S    T     10   10   max   0.000000    0.000000    0.000000    0.156    0.014648      0.0193     0.0080     0.0000       0     84      0    1.00    3.29    1.00      0       0       0       0   result_model_2

