
Chn1 Chn2  PAE Dist  Type   ipSAE    ipSAE_d0chn ipSAE_d0dom  ipTM_af  ipTM_d0chn     pDockQ     pDockQ2    LIS       n0res  n0chn  n0dom   d0res   d0chn   d0dom  nres1   nres2   dist1   dist2  Model
A    B     10   10   asym  0.000000    0.000000    0.000000    0.194    0.016956      0.0194     0.0081     0.0000       0     84      0    1.00    3.29    1.00      0       0       0       0   result_model_1
B    A     10   10   asym  0.000000    0.000000    0.000000    0.194    0.016977      0.0194     0.0081     0.0000       0     84      0    1.00    3.29    1.00      0       0       0       0   result_model_1
A    B     10   10   max   0.000000    0.000000    0.000000    0.194    0.016977      0.0194     0.0081     0.0000       0     84      0    1.00    3.29    1.00      0       0       0       0   result_model_1

A    C     10   10   asym  0.000000    0.000000    0.000000    0.310    0.028589      0.0247     0.0092     0.0000       0     84      0    1.00    3.29    1.00      0       0       0       0   result_model_1
C    A     10   10   asym  0.000000    0.000000    0.000000    0.314    0.027094      0.0247     0.0091     0.0000       0     84      0    1.00    3.29    1.00      0       0       0       0   result_model_1
A    C     10   10   max   0.000000    0.000000    0.000000    0.314    0.028589      0.0247     0.0092     0.0000       0     84      0    1.00    3.29    1.00      0       0       0       0   result_model_1

A    D     10   10   asym  0.000000    0.000000    0.000000    0.188    0.016528      0.0192     0.0081     0.0000       0     84      0    1.00    3.29    1.00      0       0       0       0   result_model_1
D    A     10   10   asym  0.000000    0.000000    0.000000    0.188    0.016509      0.0192     0.0081     0.0000       0     84      0    1.00    3.29    1.00      0       0       0       0   result_model_1
A    D     10   10   max   0.000000    0.000000    0.000000    0.188    0.016528      0.0192     0.0081     0.0000       0     84      0    1.00    3.29    1.00      0       0       0       0   result_model_1

A    E     10   10   asym  0.000000    0.000000    0.000000    0.258    0.022999      0.0185     0.0083     0.0000       0     84      0    1.00    3.29    1.00      0       0       0       0   result_model_1
E    A     10   10   asym  0.000000    0.000000    0.000000    0.263    0.021828      0.0185     0.0083     0.0000       0     84      0    1.00    3.29    1.00      0       0       0       0   result_model_1
A    E     10   10   max   0.000000    0.000000    0.000000    0.263    0.022999      0.0185     0.0083     0.0000       0     84      0    1.00    3.29    1.00      0       0       0       0   result_model_1

A    F     10   10   asym  0.000000    0.000000    0.000000    0.176    0.016023      0.0000     0.0000     0.0000       0     84      0    1.00    3.29    1.00      0       0       0       0   result_model_1
F    A     10   10   asym  0.000000    0.000000    0.000000    0.179    0.015676      0.0000     0.0000     0.0000       0     84      0    1.00    3.29    1.00      0       0       0       0   result_model_1
A    F     10   10   max   0.000000    0.000000    0.000000    0.179    0.016023      0.0000     0.0000     0.0000       0     84      0    1.00    3.29    1.00      0       0       0       0   result_model_1

A    G     10   10   asym  0.000000    0.000000    0.000000    0.208    0.018690      0.0000     0.0000     0.0000       0     84      0    1.00    3.29    1.00      0       0       0       0   result_model_1
G    A     10   10   asym  0.000000    0.000000    0.000000    0.212    0.018046      0.0000     0.0000     0.0000       0     84      0    1.00    3.29    1.00      0       0       0       0   result_model_1
A    G     10   10   max   0.000000    0.000000    0.000000    0.212    0.018690      0.0000     0.0000     0.0000       0     84      0    1.00    3.29    1.00      0       0       0       0   result_model_1

A    H     10   10   asym  0.000000    0.000000    0.000000    0.163    0.015368      0.0000     0.0000     0.0000       0     84      0    1.00    3.29    1.00      0       0       0       0   result_model_1
H    A     10   10   asym  0.000000    0.000000    0.000000    0.168    0.014912      0.0000     0.0000     0.0000       0     84      0    1.00    3.29    1.00      0       0       0       0   result_model_1
A    H     10   10   max   0.000000    0.000000    0.000000    0.168    0.015368      0.0000     0.0000     0.0000       0     84      0    1.00    3.29    1.00      0       0       0       0   result_model_1

A    I     10   10   asym  0.000000    0.000000    0.000000    0.174    0.016102      0.0000     0.0000     0.0000       0     84      0    1.00    3.29    1.00      0       0       0       0   result_model_1
I    A     10   10   asym  0.000000    0.000000    0.000000    0.177    0.015646      0.0000     0.0000     0.0000       0     84      0    1.00    3.29    1.00      0       0       0       0   result_model_1
A    I     10   10   max   0.000000    0.000000    0.000000    0.177    0.016102      0.0000     0.0000     0.0000       0     84      0    1.00    3.29    1.00      0       0       0       0   result_model_1

A    J     10   10   asym  0.000000    0.000000    0.000000    0.153    0.014631      0.0000     0.0000     0.0000       0     84      0    1.00    3.29    1.00      0       0       0       0   result_model_1
J    A     10   10   asym  0.000000    0.000000    0.000000    0.156    0.014347      0.0000     0.0000     0.0000       0     84      0    1.00    3.29    1.00      0       0       0       0   result_model_1
A    J     10   10   max   0.000000    0.000000    0.000000    0.156    0.014631      0.0000     0.0000     0.0000       0     84      0    1.00    3.29    1.00      0       0       0       0   result_model_1

A    K     10   10   asym  0.000000    0.000000    0.000000    0.156    0.014677      0.0000     0.0000     0.0000       0     84      0    1.00    3.29    1.00      0       0       0       0   result_model_1
K    A     10   10   asym  0.000000    0.000000    0.000000    0.157    0.014485      0.0000     0.0000     0.0000       0     84      0    1.00    3.29    1.00      0       0       0       0   result_model_1
A    K     10   10   max   0.000000    0.000000    0.000000    0.157    0.014677      0.0000     0.0000     0.0000       0     84      0    1.00    3.29    1.00      0       0       0       0   result_model_1

A    L     10   10   asym  0.000000    0.000000    0.000000    0.145    0.014134      0.0000     0.0000     0.0000       0     84      0    1.00    3.29    1.00      0       0       0       0   result_model_1
L    A     10   10   asym  0.000000    0.000000    0.000000    0.148    0.013854      0.0000     0.0000     0.0000       0     84      0    1.00    3.29    1.00      0       0       0       0   result_model_1
A    L     10   10   max   0.000000    0.000000    0.000000    0.148    0.014134      0.0000     0.0000     0.0000       0     84      0    1.00    3.29    1.00      0       0       0       0   result_model_1

A    M     10   10   asym  0.000000    0.000000    0.000000    0.146    0.013780      0.0000     0.0000     0.0000       0     84      0    1.00    3.29    1.00      0       0       0       0   result_model_1
M    A     10   10   asym  0.000000    0.000000    0.000000    0.143    0.013851      0.0000     0.0000     0.0000       0     84      0    1.00    3.29    1.00      0       0       0       0   result_model_1
A    M     10   10   max   0.000000    0.000000    0.000000    0.146    0.013851      0.0000     0.0000     0.0000       0     84      0    1.00    3.29    1.00      0       0       0       0   result_model_1

A    N     10   10   asym  0.000000    0.000000    0.000000    0.139    0.013643      0.0000     0.0000     0.0000       0     84      0    1.00    3.29    1.00      0       0       0       0   result_model_1
N    A     10   10   asym  0.000000    0.000000    0.000000    0.140    0.013516      0.0000     0.0000     0.0000       0     84      0    1.00    3.29    1.00      0       0       0       0   result_model_1
A    N     10   10   max   0.000000    0.000000    0.000000    0.140    0.013643      0.0000     0.0000     0.0000       0     84      0    1.00    3.29    1.00      0       0       0       0   result_model_1

A    O     10   10   asym  0.000000    0.000000    0.000000    0.138    0.013132      0.0000     0.0000     0.0000       0     84      0    1.00    3.29    1.00      0       0       0       0   result_model_1
O    A     10   10   asym  0.000000    0.000000    0.000000    0.133    0.013388      0.0000     0.0000     0.0000       0     84      0    1.00    3.29    1.00      0       0       0       0   result_model_1
A    O     10   10   max   0.000000    0.000000    0.000000    0.138    0.013388      0.0000     0.0000     0.0000       0     84      0    1.00    3.29    1.00      0       0       0       0   result_model_1

A    P     10   10   asym  0.000000    0.000000    0.000000    0.132    0.013152      0.0000     0.0000     0.0000       0     84      0    1.00    3.29    1.00      0       0       0       0   result_model_1
P    A     10   10   asym  0.000000    0.000000    0.000000    0.132    0.013125      0.0000     0.0000     0.0000       0     84      0    1.00    3.29    1.00      0       0       0       0   result_model_1
A    P     10   10   max   0.000000    0.000000    0.000000    0.132    0.013152      0.0000     0.0000     0.0000       0     84      0    1.00    3.29    1.00      0       0       0       0   result_model_1

A    Q     10   10   asym  0.000000    0.000000    0.000000    0.130    0.012587      0.0000     0.0000     0.0000       0     84      0    1.00    3.29    1.00      0       0       0       0   result_model_1
Q    A     10   10   asym  0.000000    0.000000    0.000000    0.123    0.012935      0.0000     0.0000     0.0000       0     84      0    1.00    3.29    1.00      0       0       0       0   result_model_1
A    Q     10   10   max   0.000000    0.000000    0.000000    0.130    0.012935      0.0000     0.0000     0.0000       0     84      0    1.00    3.29    1.00      0       0       0       0   result_model_1

A    R     10   10   asym  0.000000    0.000000    0.000000    0.126    0.012674      0.0000     0.0000     0.0000       0     84      0    1.00    3.29    1.00      0       0       0       0   result_model_1
R    A     10   10   asym  0.000000    0.000000    0.000000    0.124    0.012746      0.0000     0.0000     0.0000       0     84      0    1.00    3.29    1.00      0       0       0       0   result_model_1
A    R     10   10   max   0.000000    0.000000    0.000000    0.126    0.012746      0.0000     0.0000     0.0000       0     84      0    1.00    3.29    1.00      0       0       0       0   result_model_1

A    S     10   10   asym  0.000000    0.000000    0.000000    0.121    0.012185      0.0000     0.0000     0.0000       0     84      0    1.00    3.29    1.00      0       0       0       0   result_model_1
S    A     10   10   asym  0.000000    0.000000    0.000000    0.117    0.012429      0.0000     0.0000     0.0000       0     84      0    1.00    3.29    1.00      0       0       0       0   result_model_1
A    S     10   10   max   0.000000    0.000000    0.000000    0.121    0.012429      0.0000     0.0000     0.0000       0     84      0    1.00    3.29    1.00      0       0       0       0   result_model_1

A    T     10   10   asym  0.000000    0.000000    0.000000    0.118    0.012262      0.0000     0.0000     0.0000       0     84      0    1.00    3.29    1.00      0       0       0       0   result_model_1
T    A     10   10   asym  0.000000    0.000000    0.000000    0.117    0.012291      0.0000     0.0000     0.0000       0     84      0    1.00    3.29    1.00      0       0       0       0   result_model_1
A    T     10   10   max   0.000000    0.000000    0.000000    0.118    0.012291      0.0000     0.0000     0.0000       0     84      0    1.00    3.29    1.00      0       0       0       0   result_model_1

B    C     10   10   asym  0.000000    0.000000    0.000000    0.189    0.016950      0.0188     0.0081     0.0000       0     84      0    1.00    3.29    1.00      0       0       0       0   result_model_1
C    B     10   10   asym  0.000000    0.000000    0.000000    0.194    0.016515      0.0188     0.0080     0.0000       0     84      0    1.00    3.29    1.00      0       0       0       0   result_model_1
B    C     10   10   max   0.000000    0.000000    0.000000    0.194    0.016950      0.0188     0.0081     0.0000       0     84      0    1.00    3.29    1.00      0       0       0       0   result_model_1

B    D     10   10   asym  0.000000    0.000000    0.000000    0.304    0.027009      0.0242     0.0091     0.0000       0     84      0    1.00    3.29    1.00      0       0       0       0   result_model_1
D    B     10   10   asym  0.000000    0.000000    0.000000    0.311    0.025714      0.0242     0.0090     0.0000       0     84      0    1.00    3.29    1.00      0       0       0       0   result_model_1
B    D     10   10   max   0.000000    0.000000    0.000000    0.311    0.027009      0.0242     0.0091     0.0000       0     84      0    1.00    3.29    1.00      0       0       0       0   result_model_1

B    E     10   10   asym  0.000000    0.000000    0.000000    0.177    0.016317      0.0000     0.0000     0.0000       0     84      0    1.00    3.29    1.00      0       0       0       0   result_model_1
E    B     10   10   asym  0.000000    0.000000    0.000000    0.184    0.015770      0.0000     0.0000     0.0000       0     84      0    1.00    3.29    1.00      0       0       0       0   result_model_1
B    E     10   10   max   0.000000    0.000000    0.000000    0.184    0.016317      0.0000     0.0000     0.0000       0     84      0    1.00    3.29    1.00      0       0       0       0   result_model_1

B    F     10   10   asym  0.000000    0.000000    0.000000    0.247    0.021917      0.0000     0.0000     0.0000       0     84      0    1.00    3.29    1.00      0       0       0       0   result_model_1
F    B     10   10   asym  0.000000    0.000000    0.000000    0.255    0.020700      0.0000     0.0000     0.0000       0     84      0    1.00    3.29    1.00      0       0       0       0   result_model_1
B    F     10   10   max   0.000000    0.000000    0.000000    0.255    0.021917      0.0000     0.0000     0.0000       0     84      0    1.00    3.29    1.00      0       0       0       0   result_model_1

B    G     10   10   asym  0.000000    0.000000    0.000000    0.163    0.015400      0.0000     0.0000     0.0000       0     84      0    1.00    3.29    1.00      0       0       0       0   result_model_1
G    B     10   10   asym  0.000000    0.000000    0.000000    0.169    0.014892      0.0000     0.0000     0.0000       0     84      0    1.00    3.29    1.00      0       0       0       0   result_model_1
B    G     10   10   max   0.000000    0.000000    0.000000    0.169    0.015400      0.0000     0.0000     0.0000       0     84      0    1.00    3.29    1.00      0       0       0       0   result_model_1

B    H     10   10   asym  0.000000    0.000000    0.000000    0.198    0.018129      0.0000     0.0000     0.0000       0     84      0    1.00    3.29    1.00      0       0       0       0   result_model_1
H    B     10   10   asym  0.000000    0.000000    0.000000    0.205    0.017269      0.0000     0.0000     0.0000       0     84      0    1.00    3.29    1.00      0       0       0       0   result_model_1
B    H     10   10   max   0.000000    0.000000    0.000000    0.205    0.018129      0.0000     0.0000     0.0000       0     84      0    1.00    3.29    1.00      0       0       0       0   result_model_1

B    I     10   10   asym  0.000000    0.000000    0.000000    0.153    0.014616      0.0000     0.0000     0.0000       0     84      0    1.00    3.29    1.00      0       0       0       0   result_model_1
I    B     10   10   asym  0.000000    0.000000    0.000000    0.156    0.014304      0.0000     0.0000     0.0000       0     84      0    1.00    3.29    1.00      0       0       0       0   result_model_1
B    I     10   10   max   0.000000    0.000000    0.000000    0.156    0.014616      0.0000     0.0000     0.0000       0     84      0    1.00    3.29    1.00      0       0       0       0   result_model_1

B    J     10   10   asym  0.000000    0.000000    0.000000    0.169    0.015906      0.0000     0.0000     0.0000       0     84      0    1.00    3.29    1.00      0       0       0       0   result_model_1
J    B     10   10   asym  0.000000    0.000000    0.000000    0.174    0.015328      0.0000     0.0000     0.0000       0     84      0    1.00    3.29    1.00      0       0       0       0   result_model_1
B    J     10   10   max   0.000000    0.000000    0.000000    0.174    0.015906      0.0000     0.0000     0.0000       0     84      0    1.00    3.29    1.00      0       0       0       0   result_model_1

B    K     10   10   asym  0.000000    0.000000    0.000000    0.143    0.013986      0.0000     0.0000     0.0000       0     84      0    1.00    3.29    1.00      0       0       0       0   result_model_1
K    B     10   10   asym  0.000000    0.000000    0.000000    0.146    0.013736      0.0000     0.0000     0.0000       0     84      0    1.00    3.29    1.00      0       0       0       0   result_model_1
B    K     10   10   max   0.000000    0.000000    0.000000    0.146    0.013986      0.0000     0.0000     0.0000       0     84      0    1.00    3.29    1.00      0       0       0       0   result_model_1

B    L     10   10   asym  0.000000    0.000000    0.000000    0.152    0.014545      0.0000     0.0000     0.0000       0     84      0    1.00    3.29    1.00      0       0       0       0   result_model_1
L    B     10   10   asym  0.000000    0.000000    0.000000    0.155    0.014263      0.0000     0.0000     0.0000       0     84      0    1.00    3.29    1.00      0       0       0       0   result_model_1
B    L     10   10   max   0.000000    0.000000    0.000000    0.155    0.014545      0.0000     0.0000     0.0000       0     84      0    1.00    3.29    1.00      0       0       0       0   result_model_1

B    M     10   10   asym  0.000000    0.000000    0.000000    0.136    0.013433      0.0000     0.0000     0.0000       0     84      0    1.00    3.29    1.00      0       0       0       0   result_model_1
M    B     10   10   asym  0.000000    0.000000    0.000000    0.137    0.013317      0.0000     0.0000     0.0000       0     84      0    1.00    3.29    1.00      0       0       0       0   result_model_1
B    M     10   10   max   0.000000    0.000000    0.000000    0.137    0.013433      0.0000     0.0000     0.0000       0     84      0    1.00    3.29    1.00      0       0       0       0   result_model_1

B    N     10   10   asym  0.000000    0.000000    0.000000    0.143    0.013669      0.0000     0.0000     0.0000       0     84      0    1.00    3.29    1.00      0       0       0       0   result_model_1
N    B     10   10   asym  0.000000    0.000000    0.000000    0.142    0.013693      0.0000     0.0000     0.0000       0     84      0    1.00    3.29    1.00      0       0       0       0   result_model_1
B    N     10   10   max   0.000000    0.000000    0.000000    0.143    0.013693      0.0000     0.0000     0.0000       0     84      0    1.00    3.29    1.00      0       0       0       0   result_model_1

B    O     10   10   asym  0.000000    0.000000    0.000000    0.130    0.012934      0.0000     0.0000     0.0000       0     84      0    1.00    3.29    1.00      0       0       0       0   result_model_1
O    B     10   10   asym  0.000000    0.000000    0.000000    0.129    0.012937      0.0000     0.0000     0.0000       0     84      0    1.00    3.29    1.00      0       0       0       0   result_model_1
B    O     10   10   max   0.000000    0.000000    0.000000    0.130    0.012937      0.0000     0.0000     0.0000       0     84      0    1.00    3.29    1.00      0       0       0       0   result_model_1

B    P     10   10   asym  0.000000    0.000000    0.000000    0.136    0.013043      0.0000     0.0000     0.0000       0     84      0    1.00    3.29    1.00      0       0       0       0   result_model_1
P    B     10   10   asym  0.000000    0.000000    0.000000    0.132    0.013275      0.0000     0.0000     0.0000       0     84      0    1.00    3.29    1.00      0       0       0       0   result_model_1
B    P     10   10   max   0.000000    0.000000    0.000000    0.136    0.013275      0.0000     0.0000     0.0000       0     84      0    1.00    3.29    1.00      0       0       0       0   result_model_1

B    Q     10   10   asym  0.000000    0.000000    0.000000    0.124    0.012480      0.0000     0.0000     0.0000       0     84      0    1.00    3.29    1.00      0       0       0       0   result_model_1
Q    B     10   10   asym  0.000000    0.000000    0.000000    0.121    0.012601      0.0000     0.0000     0.0000       0     84      0    1.00    3.29    1.00      0       0       0       0   result_model_1
B    Q     10   10   max   0.000000    0.000000    0.000000    0.124    0.012601      0.0000     0.0000     0.0000       0     84      0    1.00    3.29    1.00      0       0       0       0   result_model_1

B    R     10   10   asym  0.000000    0.000000    0.000000    0.128    0.012569      0.0000     0.0000     0.0000       0     84      0    1.00    3.29    1.00      0       0       0       0   result_model_1
R    B     10   10   asym  0.000000    0.000000    0.000000    0.123    0.012826      0.0000     0.0000     0.0000       0     84      0    1.00    3.29    1.00      0       0       0       0   result_model_1
B    R     10   10   max   0.000000    0.000000    0.000000    0.128    0.012826      0.0000     0.0000     0.0000       0     84      0    1.00    3.29    1.00      0       0       0       0   result_model_1

B    S     10   10   asym  0.000000    0.000000    0.000000    0.117    0.012121      0.0000     0.0000     0.0000       0     84      0    1.00    3.29    1.00      0       0       0       0   result_model_1
S    B     10   10   asym  0.000000    0.000000    0.000000    0.115    0.012205      0.0000     0.0000     0.0000       0     84      0    1.00    3.29    1.00      0       0       0       0   result_model_1
B    S     10   10   max   0.000000    0.000000    0.000000    0.117    0.012205      0.0000     0.0000     0.0000       0     84      0    1.00    3.29    1.00      0       0       0       0   result_model_1

B    T     10   10   asym  0.000000    0.000000    0.000000    0.119    0.012233      0.0000     0.0000     0.0000       0     84      0    1.00    3.29    1.00      0       0       0       0   result_model_1
T    B     10   10   asym  0.000000    0.000000    0.000000    0.117    0.012358      0.0000     0.0000     0.0000       0     84      0    1.00    3.29    1.00      0       0       0       0   result_model_1
B    T     10   10   max   0.000000    0.000000    0.000000    0.119    0.012358      0.0000     0.0000     0.0000       0     84      0    1.00    3.29    1.00      0       0       0       0   result_model_1

C    D     10   10   asym  0.000000    0.000000    0.000000    0.200    0.017251      0.0195     0.0082     0.0000       0     84      0    1.00    3.29    1.00      0       0       0       0   result_model_1
D    C     10   10   asym  0.000000    0.000000    0.000000    0.201    0.017229      0.0195     0.0082     0.0000       0     84      0    1.00    3.29    1.00      0       0       0       0   result_model_1
C    D     10   10   max   0.000000    0.000000    0.000000    0.201    0.017251      0.0195     0.0082     0.0000       0     84      0    1.00    3.29    1.00      0       0       0       0   result_model_1

C    E     10   10   asym  0.000000    0.000000    0.000000    0.291    0.027039      0.0253     0.0092     0.0000       0     84      0    1.00    3.29    1.00      0       0       0       0   result_model_1
E    C     10   10   asym  0.000000    0.000000    0.000000    0.304    0.025333      0.0253     0.0090     0.0000       0     84      0    1.00    3.29    1.00      0       0       0       0   result_model_1
C    E     10   10   max   0.000000    0.000000    0.000000    0.304    0.027039      0.0253     0.0092     0.0000       0     84      0    1.00    3.29    1.00      0       0       0       0   result_model_1

C    F     10   10   asym  0.000000    0.000000    0.000000    0.190    0.016851      0.0193     0.0082     0.0000       0     84      0    1.00    3.29    1.00      0       0       0       0   result_model_1
F    C     10   10   asym  0.000000    0.000000    0.000000    0.194    0.016548      0.0193     0.0082     0.0000       0     84      0    1.00    3.29    1.00      0       0       0       0   result_model_1
C    F     10   10   max   0.000000    0.000000    0.000000    0.194    0.016851      0.0193     0.0082     0.0000       0     84      0    1.00    3.29    1.00      0       0       0       0   result_model_1

C    G     10   10   asym  0.000000    0.000000    0.000000    0.235    0.020935      0.0185     0.0083     0.0000       0     84      0    1.00    3.29    1.00      0       0       0       0   result_model_1
G    C     10   10   asym  0.000000    0.000000    0.000000    0.243    0.019866      0.0185     0.0083     0.0000       0     84      0    1.00    3.29    1.00      0       0       0       0   result_model_1
C    G     10   10   max   0.000000    0.000000    0.000000    0.243    0.020935      0.0185     0.0083     0.0000       0     84      0    1.00    3.29    1.00      0       0       0       0   result_model_1

C    H     10   10   asym  0.000000    0.000000    0.000000    0.175    0.016113      0.0000     0.0000     0.0000       0     84      0    1.00    3.29    1.00      0       0       0       0   result_model_1
H    C     10   10   asym  0.000000    0.000000    0.000000    0.181    0.015586      0.0000     0.0000     0.0000       0     84      0    1.00    3.29    1.00      0       0       0       0   result_model_1
C    H     10   10   max   0.000000    0.000000    0.000000    0.181    0.016113      0.0000     0.0000     0.0000       0     84      0    1.00    3.29    1.00      0       0       0       0   result_model_1

C    I     10   10   asym  0.000000    0.000000    0.000000    0.193    0.017404      0.0000     0.0000     0.0000       0     84      0    1.00    3.29    1.00      0       0       0       0   result_model_1
I    C     10   10   asym  0.000000    0.000000    0.000000    0.198    0.016797      0.0000     0.0000     0.0000       0     84      0    1.00    3.29    1.00      0       0       0       0   result_model_1
C    I     10   10   max   0.000000    0.000000    0.000000    0.198    0.017404      0.0000     0.0000     0.0000       0     84      0    1.00    3.29    1.00      0       0       0       0   result_model_1

C    J     10   10   asym  0.000000    0.000000    0.000000    0.164    0.015390      0.0000     0.0000     0.0000       0     84      0    1.00    3.29    1.00      0       0       0       0   result_model_1
J    C     10   10   asym  0.000000    0.000000    0.000000    0.169    0.014939      0.0000     0.0000     0.0000       0     84      0    1.00    3.29    1.00      0       0       0       0   result_model_1
C    J     10   10   max   0.000000    0.000000    0.000000    0.169    0.015390      0.0000     0.0000     0.0000       0     84      0    1.00    3.29    1.00      0       0       0       0   result_model_1

C    K     10   10   asym  0.000000    0.000000    0.000000    0.167    0.015386      0.0000     0.0000     0.0000       0     84      0    1.00    3.29    1.00      0       0       0       0   result_model_1
K    C     10   10   asym  0.000000    0.000000    0.000000    0.171    0.015069      0.0000     0.0000     0.0000       0     84      0    1.00    3.29    1.00      0       0       0       0   result_model_1
C    K     10   10   max   0.000000    0.000000    0.000000    0.171    0.015386      0.0000     0.0000     0.0000       0     84      0    1.00    3.29    1.00      0       0       0       0   result_model_1

C    L     10   10   asym  0.000000    0.000000    0.000000    0.155    0.014706      0.0000     0.0000     0.0000       0     84      0    1.00    3.29    1.00      0       0       0       0   result_model_1
L    C     10   10   asym  0.000000    0.000000    0.000000    0.159    0.014409      0.0000     0.0000     0.0000       0     84      0    1.00    3.29    1.00      0       0       0       0   result_model_1
C    L     10   10   max   0.000000    0.000000    0.000000    0.159    0.014706      0.0000     0.0000     0.0000       0     84      0    1.00    3.29    1.00      0       0       0       0   result_model_1

C    M     10   10   asym  0.000000    0.000000    0.000000    0.156    0.014496      0.0000     0.0000     0.0000       0     84      0    1.00    3.29    1.00      0       0       0       0   result_model_1
M    C     10   10   asym  0.000000    0.000000    0.000000    0.157    0.014418      0.0000     0.0000     0.0000       0     84      0    1.00    3.29    1.00      0       0       0       0   result_model_1
C    M     10   10   max   0.000000    0.000000    0.000000    0.157    0.014496      0.0000     0.0000     0.0000       0     84      0    1.00    3.29    1.00      0       0       0       0   result_model_1

C    N     10   10   asym  0.000000    0.000000    0.000000    0.148    0.014289      0.0000     0.0000     0.0000       0     84      0    1.00    3.29    1.00      0       0       0       0   result_model_1
N    C     10   10   asym  0.000000    0.000000    0.000000    0.152    0.014042      0.0000     0.0000     0.0000       0     84      0    1.00    3.29    1.00      0       0       0       0   result_model_1
C    N     10   10   max   0.000000    0.000000    0.000000    0.152    0.014289      0.0000     0.0000     0.0000       0     84      0    1.00    3.29    1.00      0       0       0       0   result_model_1

C    O     10   10   asym  0.000000    0.000000    0.000000    0.148    0.013811      0.0000     0.0000     0.0000       0     84      0    1.00    3.29    1.00      0       0       0       0   result_model_1
O    C     10   10   asym  0.000000    0.000000    0.000000    0.145    0.013937      0.0000     0.0000     0.0000       0     84      0    1.00    3.29    1.00      0       0       0       0   result_model_1
C    O     10   10   max   0.000000    0.000000    0.000000    0.148    0.013937      0.0000     0.0000     0.0000       0     84      0    1.00    3.29    1.00      0       0       0       0   result_model_1

C    P     10   10   asym  0.000000    0.000000    0.000000    0.141    0.013759      0.0000     0.0000     0.0000       0     84      0    1.00    3.29    1.00      0       0       0       0   result_model_1
P    C     10   10   asym  0.000000    0.000000    0.000000    0.143    0.013657      0.0000     0.0000     0.0000       0     84      0    1.00    3.29    1.00      0       0       0       0   result_model_1
C    P     10   10   max   0.000000    0.000000    0.000000    0.143    0.013759      0.0000     0.0000     0.0000       0     84      0    1.00    3.29    1.00      0       0       0       0   result_model_1

C    Q     10   10   asym  0.000000    0.000000    0.000000    0.139    0.013203      0.0000     0.0000     0.0000       0     84      0    1.00    3.29    1.00      0       0       0       0   result_model_1
Q    C     10   10   asym  0.000000    0.000000    0.000000    0.135    0.013412      0.0000     0.0000     0.0000       0     84      0    1.00    3.29    1.00      0       0       0       0   result_model_1
C    Q     10   10   max   0.000000    0.000000    0.000000    0.139    0.013412      0.0000     0.0000     0.0000       0     84      0    1.00    3.29    1.00      0       0       0       0   result_model_1

C    R     10   10   asym  0.000000    0.000000    0.000000    0.133    0.013226      0.0000     0.0000     0.0000       0     84      0    1.00    3.29    1.00      0       0       0       0   result_model_1
R    C     10   10   asym  0.000000    0.000000    0.000000    0.134    0.013130      0.0000     0.0000     0.0000       0     84      0    1.00    3.29    1.00      0       0       0       0   result_model_1
C    R     10   10   max   0.000000    0.000000    0.000000    0.134    0.013226      0.0000     0.0000     0.0000       0     84      0    1.00    3.29    1.00      0       0       0       0   result_model_1

C    S     10   10   asym  0.000000    0.000000    0.000000    0.127    0.012661      0.0000     0.0000     0.0000       0     84      0    1.00    3.29    1.00      0       0       0       0   result_model_1
S    C     10   10   asym  0.000000    0.000000    0.000000    0.125    0.012760      0.0000     0.0000     0.0000       0     84      0    1.00    3.29    1.00      0       0       0       0   result_model_1
C    S     10   10   max   0.000000    0.000000    0.000000    0.127    0.012760      0.0000     0.0000     0.0000       0     84      0    1.00    3.29    1.00      0       0       0       0   result_model_1

C    T     10   10   asym  0.000000    0.000000    0.000000    0.123    0.012719      0.0000     0.0000     0.0000       0     84      0    1.00    3.29    1.00      0       0       0       0   result_model_1
T    C     10   10   asym  0.000000    0.000000    0.000000    0.125    0.012573      0.0000     0.0000     0.0000       0     84      0    1.00    3.29    1.00      0       0       0       0   result_model_1
C    T     10   10   max   0.000000    0.000000    0.000000    0.125    0.012719      0.0000     0.0000     0.0000       0     84      0    1.00    3.29    1.00      0       0       0       0   result_model_1

D    E     10   10   asym  0.000000    0.000000    0.000000    0.190    0.017356      0.0188     0.0081     0.0000       0     84      0    1.00    3.29    1.00      0       0       0       0   result_model_1
E    D     10   10   asym  0.000000    0.000000    0.000000    0.201    0.016538      0.0188     0.0081     0.0000       0     84      0    1.00    3.29    1.00      0       0       0       0   result_model_1
D    E     10   10   max   0.000000    0.000000    0.000000    0.201    0.017356      0.0188     0.0081     0.0000       0     84      0    1.00    3.29    1.00      0       0       0       0   result_model_1

D    F     10   10   asym  0.000000    0.000000    0.000000    0.278    0.024563      0.0251     0.0089     0.0000       0     84      0    1.00    3.29    1.00      0       0       0       0   result_model_1
F    D     10   10   asym  0.000000    0.000000    0.000000    0.290    0.023021      0.0251     0.0088     0.0000       0     84      0    1.00    3.29    1.00      0       0       0       0   result_model_1
D    F     10   10   max   0.000000    0.000000    0.000000    0.290    0.024563      0.0251     0.0089     0.0000       0     84      0    1.00    3.29    1.00      0       0       0       0   result_model_1

D    G     10   10   asym  0.000000    0.000000    0.000000    0.176    0.016311      0.0000     0.0000     0.0000       0     84      0    1.00    3.29    1.00      0       0       0       0   result_model_1
G    D     10   10   asym  0.000000    0.000000    0.000000    0.184    0.015628      0.0000     0.0000     0.0000       0     84      0    1.00    3.29    1.00      0       0       0       0   result_model_1
D    G     10   10   max   0.000000    0.000000    0.000000    0.184    0.016311      0.0000     0.0000     0.0000       0     84      0    1.00    3.29    1.00      0       0       0       0   result_model_1

D    H     10   10   asym  0.000000    0.000000    0.000000    0.226    0.020098      0.0000     0.0000     0.0000       0     84      0    1.00    3.29    1.00      0       0       0       0   result_model_1
H    D     10   10   asym  0.000000    0.000000    0.000000    0.235    0.019025      0.0000     0.0000     0.0000       0     84      0    1.00    3.29    1.00      0       0       0       0   result_model_1
D    H     10   10   max   0.000000    0.000000    0.000000    0.235    0.020098      0.0000     0.0000     0.0000       0     84      0    1.00    3.29    1.00      0       0       0       0   result_model_1

D    I     10   10   asym  0.000000    0.000000    0.000000    0.163    0.015305      0.0000     0.0000     0.0000       0     84      0    1.00    3.29    1.00      0       0       0       0   result_model_1
I    D     10   10   asym  0.000000    0.000000    0.000000    0.169    0.014865      0.0000     0.0000     0.0000       0     84      0    1.00    3.29    1.00      0       0       0       0   result_model_1
D    I     10   10   max   0.000000    0.000000    0.000000    0.169    0.015305      0.0000     0.0000     0.0000       0     84      0    1.00    3.29    1.00      0       0       0       0   result_model_1

D    J     10   10   asym  0.000000    0.000000    0.000000    0.185    0.016857      0.0000     0.0000     0.0000       0     84      0    1.00    3.29    1.00      0       0       0       0   result_model_1
J    D     10   10   asym  0.000000    0.000000    0.000000    0.191    0.016283      0.0000     0.0000     0.0000       0     84      0    1.00    3.29    1.00      0       0       0       0   result_model_1
D    J     10   10   max   0.000000    0.000000    0.000000    0.191    0.016857      0.0000     0.0000     0.0000       0     84      0    1.00    3.29    1.00      0       0       0       0   result_model_1

D    K     10   10   asym  0.000000    0.000000    0.000000    0.153    0.014592      0.0000     0.0000     0.0000       0     84      0    1.00    3.29    1.00      0       0       0       0   result_model_1
K    D     10   10   asym  0.000000    0.000000    0.000000    0.157    0.014308      0.0000     0.0000     0.0000       0     84      0    1.00    3.29    1.00      0       0       0       0   result_model_1
D    K     10   10   max   0.000000    0.000000    0.000000    0.157    0.014592      0.0000     0.0000     0.0000       0     84      0    1.00    3.29    1.00      0       0       0       0   result_model_1

D    L     10   10   asym  0.000000    0.000000    0.000000    0.163    0.015161      0.0000     0.0000     0.0000       0     84      0    1.00    3.29    1.00      0       0       0       0   result_model_1
L    D     10   10   asym  0.000000    0.000000    0.000000    0.166    0.014849      0.0000     0.0000     0.0000       0     84      0    1.00    3.29    1.00      0       0       0       0   result_model_1
D    L     10   10   max   0.000000    0.000000    0.000000    0.166    0.015161      0.0000     0.0000     0.0000       0     84      0    1.00    3.29    1.00      0       0       0       0   result_model_1

D    M     10   10   asym  0.000000    0.000000    0.000000    0.145    0.014014      0.0000     0.0000     0.0000       0     84      0    1.00    3.29    1.00      0       0       0       0   result_model_1
M    D     10   10   asym  0.000000    0.000000    0.000000    0.148    0.013855      0.0000     0.0000     0.0000       0     84      0    1.00    3.29    1.00      0       0       0       0   result_model_1
D    M     10   10   max   0.000000    0.000000    0.000000    0.148    0.014014      0.0000     0.0000     0.0000       0     84      0    1.00    3.29    1.00      0       0       0       0   result_model_1

D    N     10   10   asym  0.000000    0.000000    0.000000    0.153    0.014345      0.0000     0.0000     0.0000       0     84      0    1.00    3.29    1.00      0       0       0       0   result_model_1
N    D     10   10   asym  0.000000    0.000000    0.000000    0.154    0.014263      0.0000     0.0000     0.0000       0     84      0    1.00    3.29    1.00      0       0       0       0   result_model_1
D    N     10   10   max   0.000000    0.000000    0.000000    0.154    0.014345      0.0000     0.0000     0.0000       0     84      0    1.00    3.29    1.00      0       0       0       0   result_model_1

D    O     10   10   asym  0.000000    0.000000    0.000000    0.138    0.013479      0.0000     0.0000     0.0000       0     84      0    1.00    3.29    1.00      0       0       0       0   result_model_1
O    D     10   10   asym  0.000000    0.000000    0.000000    0.139    0.013448      0.0000     0.0000     0.0000       0     84      0    1.00    3.29    1.00      0       0       0       0   result_model_1
D    O     10   10   max   0.000000    0.000000    0.000000    0.139    0.013479      0.0000     0.0000     0.0000       0     84      0    1.00    3.29    1.00      0       0       0       0   result_model_1

D    P     10   10   asym  0.000000    0.000000    0.000000    0.146    0.013698      0.0000     0.0000     0.0000       0     84      0    1.00    3.29    1.00      0       0       0       0   result_model_1
P    D     10   10   asym  0.000000    0.000000    0.000000    0.144    0.013840      0.0000     0.0000     0.0000       0     84      0    1.00    3.29    1.00      0       0       0       0   result_model_1
D    P     10   10   max   0.000000    0.000000    0.000000    0.146    0.013840      0.0000     0.0000     0.0000       0     84      0    1.00    3.29    1.00      0       0       0       0   result_model_1

D    Q     10   10   asym  0.000000    0.000000    0.000000    0.130    0.012944      0.0000     0.0000     0.0000       0     84      0    1.00    3.29    1.00      0       0       0       0   result_model_1
Q    D     10   10   asym  0.000000    0.000000    0.000000    0.130    0.012973      0.0000     0.0000     0.0000       0     84      0    1.00    3.29    1.00      0       0       0       0   result_model_1
D    Q     10   10   max   0.000000    0.000000    0.000000    0.130    0.012973      0.0000     0.0000     0.0000       0     84      0    1.00    3.29    1.00      0       0       0       0   result_model_1

D    R     10   10   asym  0.000000    0.000000    0.000000    0.137    0.013130      0.0000     0.0000     0.0000       0     84      0    1.00    3.29    1.00      0       0       0       0   result_model_1
R    D     10   10   asym  0.000000    0.000000    0.000000    0.134    0.013332      0.0000     0.0000     0.0000       0     84      0    1.00    3.29    1.00      0       0       0       0   result_model_1
D    R     10   10   max   0.000000    0.000000    0.000000    0.137    0.013332      0.0000     0.0000     0.0000       0     84      0    1.00    3.29    1.00      0       0       0       0   result_model_1

D    S     10   10   asym  0.000000    0.000000    0.000000    0.121    0.012477      0.0000     0.0000     0.0000       0     84      0    1.00    3.29    1.00      0       0       0       0   result_model_1
S    D     10   10   asym  0.000000    0.000000    0.000000    0.121    0.012461      0.0000     0.0000     0.0000       0     84      0    1.00    3.29    1.00      0       0       0       0   result_model_1
D    S     10   10   max   0.000000    0.000000    0.000000    0.121    0.012477      0.0000     0.0000     0.0000       0     84      0    1.00    3.29    1.00      0       0       0       0   result_model_1

D    T     10   10   asym  0.000000    0.000000    0.000000    0.125    0.012674      0.0000     0.0000     0.0000       0     84      0    1.00    3.29    1.00      0       0       0       0   result_model_1
T    D     10   10   asym  0.000000    0.000000    0.000000    0.125    0.012694      0.0000     0.0000     0.0000       0     84      0    1.00    3.29    1.00      0       0       0       0   result_model_1
D    T     10   10   max   0.000000    0.000000    0.000000    0.125    0.012694      0.0000     0.0000     0.0000       0     84      0    1.00    3.29    1.00      0       0       0       0   result_model_1

E    F     10   10   asym  0.000000    0.000000    0.000000    0.201    0.017204      0.0195     0.0082     0.0000       0     84      0    1.00    3.29    1.00      0       0       0       0   result_model_1
F    E     10   10   asym  0.000000    0.000000    0.000000    0.200    0.017232      0.0195     0.0082     0.0000       0     84      0    1.00    3.29    1.00      0       0       0       0   result_model_1
E    F     10   10   max   0.000000    0.000000    0.000000    0.201    0.017232      0.0195     0.0082     0.0000       0     84      0    1.00    3.29    1.00      0       0       0       0   result_model_1

E    G     10   10   asym  0.000000    0.000000    0.000000    0.271    0.023940      0.0249     0.0088     0.0000       0     84      0    1.00    3.29    1.00      0       0       0       0   result_model_1
G    E     10   10   asym  0.000000    0.000000    0.000000    0.277    0.022878      0.0249     0.0088     0.0000       0     84      0    1.00    3.29    1.00      0       0       0       0   result_model_1
E    G     10   10   max   0.000000    0.000000    0.000000    0.277    0.023940      0.0249     0.0088     0.0000       0     84      0    1.00    3.29    1.00      0       0       0       0   result_model_1

E    H     10   10   asym  0.000000    0.000000    0.000000    0.189    0.016498      0.0193     0.0081     0.0000       0     84      0    1.00    3.29    1.00      0       0       0       0   result_model_1
H    E     10   10   asym  0.000000    0.000000    0.000000    0.188    0.016456      0.0193     0.0081     0.0000       0     84      0    1.00    3.29    1.00      0       0       0       0   result_model_1
E    H     10   10   max   0.000000    0.000000    0.000000    0.189    0.016498      0.0193     0.0081     0.0000       0     84      0    1.00    3.29    1.00      0       0       0       0   result_model_1

E    I     10   10   asym  0.000000    0.000000    0.000000    0.219    0.018816      0.0184     0.0081     0.0000       0     84      0    1.00    3.29    1.00      0       0       0       0   result_model_1
I    E     10   10   asym  0.000000    0.000000    0.000000    0.218    0.018482      0.0184     0.0081     0.0000       0     84      0    1.00    3.29    1.00      0       0       0       0   result_model_1
E    I     10   10   max   0.000000    0.000000    0.000000    0.219    0.018816      0.0184     0.0081     0.0000       0     84      0    1.00    3.29    1.00      0       0       0       0   result_model_1

E    J     10   10   asym  0.000000    0.000000    0.000000    0.176    0.015742      0.0000     0.0000     0.0000       0     84      0    1.00    3.29    1.00      0       0       0       0   result_model_1
J    E     10   10   asym  0.000000    0.000000    0.000000    0.176    0.015641      0.0000     0.0000     0.0000       0     84      0    1.00    3.29    1.00      0       0       0       0   result_model_1
E    J     10   10   max   0.000000    0.000000    0.000000    0.176    0.015742      0.0000     0.0000     0.0000       0     84      0    1.00    3.29    1.00      0       0       0       0   result_model_1

E    K     10   10   asym  0.000000    0.000000    0.000000    0.183    0.016151      0.0000     0.0000     0.0000       0     84      0    1.00    3.29    1.00      0       0       0       0   result_model_1
K    E     10   10   asym  0.000000    0.000000    0.000000    0.181    0.016061      0.0000     0.0000     0.0000       0     84      0    1.00    3.29    1.00      0       0       0       0   result_model_1
E    K     10   10   max   0.000000    0.000000    0.000000    0.183    0.016151      0.0000     0.0000     0.0000       0     84      0    1.00    3.29    1.00      0       0       0       0   result_model_1

E    L     10   10   asym  0.000000    0.000000    0.000000    0.165    0.015103      0.0000     0.0000     0.0000       0     84      0    1.00    3.29    1.00      0       0       0       0   result_model_1
L    E     10   10   asym  0.000000    0.000000    0.000000    0.166    0.014997      0.0000     0.0000     0.0000       0     84      0    1.00    3.29    1.00      0       0       0       0   result_model_1
E    L     10   10   max   0.000000    0.000000    0.000000    0.166    0.015103      0.0000     0.0000     0.0000       0     84      0    1.00    3.29    1.00      0       0       0       0   result_model_1

E    M     10   10   asym  0.000000    0.000000    0.000000    0.165    0.014885      0.0000     0.0000     0.0000       0     84      0    1.00    3.29    1.00      0       0       0       0   result_model_1
M    E     10   10   asym  0.000000    0.000000    0.000000    0.163    0.014949      0.0000     0.0000     0.0000       0     84      0    1.00    3.29    1.00      0       0       0       0   result_model_1
E    M     10   10   max   0.000000    0.000000    0.000000    0.165    0.014949      0.0000     0.0000     0.0000       0     84      0    1.00    3.29    1.00      0       0       0       0   result_model_1

E    N     10   10   asym  0.000000    0.000000    0.000000    0.157    0.014587      0.0000     0.0000     0.0000       0     84      0    1.00    3.29    1.00      0       0       0       0   result_model_1
N    E     10   10   asym  0.000000    0.000000    0.000000    0.157    0.014576      0.0000     0.0000     0.0000       0     84      0    1.00    3.29    1.00      0       0       0       0   result_model_1
E    N     10   10   max   0.000000    0.000000    0.000000    0.157    0.014587      0.0000     0.0000     0.0000       0     84      0    1.00    3.29    1.00      0       0       0       0   result_model_1

E    O     10   10   asym  0.000000    0.000000    0.000000    0.158    0.014275      0.0000     0.0000     0.0000       0     84      0    1.00    3.29    1.00      0       0       0       0   result_model_1
O    E     10   10   asym  0.000000    0.000000    0.000000    0.154    0.014508      0.0000     0.0000     0.0000       0     84      0    1.00    3.29    1.00      0       0       0       0   result_model_1
E    O     10   10   max   0.000000    0.000000    0.000000    0.158    0.014508      0.0000     0.0000     0.0000       0     84      0    1.00    3.29    1.00      0       0       0       0   result_model_1

E    P     10   10   asym  0.000000    0.000000    0.000000    0.150    0.014163      0.0000     0.0000     0.0000       0     84      0    1.00    3.29    1.00      0       0       0       0   result_model_1
P    E     10   10   asym  0.000000    0.000000    0.000000    0.151    0.014187      0.0000     0.0000     0.0000       0     84      0    1.00    3.29    1.00      0       0       0       0   result_model_1
E    P     10   10   max   0.000000    0.000000    0.000000    0.151    0.014187      0.0000     0.0000     0.0000       0     84      0    1.00    3.29    1.00      0       0       0       0   result_model_1

E    Q     10   10   asym  0.000000    0.000000    0.000000    0.149    0.013680      0.0000     0.0000     0.0000       0     84      0    1.00    3.29    1.00      0       0       0       0   result_model_1
Q    E     10   10   asym  0.000000    0.000000    0.000000    0.143    0.013990      0.0000     0.0000     0.0000       0     84      0    1.00    3.29    1.00      0       0       0       0   result_model_1
E    Q     10   10   max   0.000000    0.000000    0.000000    0.149    0.013990      0.0000     0.0000     0.0000       0     84      0    1.00    3.29    1.00      0       0       0       0   result_model_1

E    R     10   10   asym  0.000000    0.000000    0.000000    0.141    0.013609      0.0000     0.0000     0.0000       0     84      0    1.00    3.29    1.00      0       0       0       0   result_model_1
R    E     10   10   asym  0.000000    0.000000    0.000000    0.141    0.013656      0.0000     0.0000     0.0000       0     84      0    1.00    3.29    1.00      0       0       0       0   result_model_1
E    R     10   10   max   0.000000    0.000000    0.000000    0.141    0.013656      0.0000     0.0000     0.0000       0     84      0    1.00    3.29    1.00      0       0       0       0   result_model_1

E    S     10   10   asym  0.000000    0.000000    0.000000    0.135    0.013084      0.0000     0.0000     0.0000       0     84      0    1.00    3.29    1.00      0       0       0       0   result_model_1
S    E     10   10   asym  0.000000    0.000000    0.000000    0.133    0.013233      0.0000     0.0000     0.0000       0     84      0    1.00    3.29    1.00      0       0       0       0   result_model_1
E    S     10   10   max   0.000000    0.000000    0.000000    0.135    0.013233      0.0000     0.0000     0.0000       0     84      0    1.00    3.29    1.00      0       0       0       0   result_model_1

E    T     10   10   asym  0.000000    0.000000    0.000000    0.130    0.013070      0.0000     0.0000     0.0000       0     84      0    1.00    3.29    1.00      0       0       0       0   result_model_1
T    E     10   10   asym  0.000000    0.000000    0.000000    0.132    0.012999      0.0000     0.0000     0.0000       0     84      0    1.00    3.29    1.00      0       0       0       0   result_model_1
E    T     10   10   max   0.000000    0.000000    0.000000    0.132    0.013070      0.0000     0.0000     0.0000       0     84      0    1.00    3.29    1.00      0       0       0       0   result_model_1

F    G     10   10   asym  0.000000    0.000000    0.000000    0.189    0.017052      0.0188     0.0081     0.0000       0     84      0    1.00    3.29    1.00      0       0       0       0   result_model_1
G    F     10   10   asym  0.000000    0.000000    0.000000    0.197    0.016463      0.0188     0.0080     0.0000       0     84      0    1.00    3.29    1.00      0       0       0       0   result_model_1
F    G     10   10   max   0.000000    0.000000    0.000000    0.197    0.017052      0.0188     0.0081     0.0000       0     84      0    1.00    3.29    1.00      0       0       0       0   result_model_1

F    H     10   10   asym  0.000000    0.000000    0.000000    0.261    0.022394      0.0247     0.0087     0.0000       0     84      0    1.00    3.29    1.00      0       0       0       0   result_model_1
H    F     10   10   asym  0.000000    0.000000    0.000000    0.268    0.021465      0.0247     0.0086     0.0000       0     84      0    1.00    3.29    1.00      0       0       0       0   result_model_1
F    H     10   10   max   0.000000    0.000000    0.000000    0.268    0.022394      0.0247     0.0087     0.0000       0     84      0    1.00    3.29    1.00      0       0       0       0   result_model_1

F    I     10   10   asym  0.000000    0.000000    0.000000    0.175    0.015869      0.0000     0.0000     0.0000       0     84      0    1.00    3.29    1.00      0       0       0       0   result_model_1
I    F     10   10   asym  0.000000    0.000000    0.000000    0.178    0.015578      0.0000     0.0000     0.0000       0     84      0    1.00    3.29    1.00      0       0       0       0   result_model_1
F    I     10   10   max   0.000000    0.000000    0.000000    0.178    0.015869      0.0000     0.0000     0.0000       0     84      0    1.00    3.29    1.00      0       0       0       0   result_model_1

F    J     10   10   asym  0.000000    0.000000    0.000000    0.212    0.018324      0.0000     0.0000     0.0000       0     84      0    1.00    3.29    1.00      0       0       0       0   result_model_1
J    F     10   10   asym  0.000000    0.000000    0.000000    0.213    0.018025      0.0000     0.0000     0.0000       0     84      0    1.00    3.29    1.00      0       0       0       0   result_model_1
F    J     10   10   max   0.000000    0.000000    0.000000    0.213    0.018324      0.0000     0.0000     0.0000       0     84      0    1.00    3.29    1.00      0       0       0       0   result_model_1

F    K     10   10   asym  0.000000    0.000000    0.000000    0.162    0.014984      0.0000     0.0000     0.0000       0     84      0    1.00    3.29    1.00      0       0       0       0   result_model_1
K    F     10   10   asym  0.000000    0.000000    0.000000    0.164    0.014849      0.0000     0.0000     0.0000       0     84      0    1.00    3.29    1.00      0       0       0       0   result_model_1
F    K     10   10   max   0.000000    0.000000    0.000000    0.164    0.014984      0.0000     0.0000     0.0000       0     84      0    1.00    3.29    1.00      0       0       0       0   result_model_1

F    L     10   10   asym  0.000000    0.000000    0.000000    0.177    0.015741      0.0000     0.0000     0.0000       0     84      0    1.00    3.29    1.00      0       0       0       0   result_model_1
L    F     10   10   asym  0.000000    0.000000    0.000000    0.176    0.015683      0.0000     0.0000     0.0000       0     84      0    1.00    3.29    1.00      0       0       0       0   result_model_1
F    L     10   10   max   0.000000    0.000000    0.000000    0.177    0.015741      0.0000     0.0000     0.0000       0     84      0    1.00    3.29    1.00      0       0       0       0   result_model_1

F    M     10   10   asym  0.000000    0.000000    0.000000    0.154    0.014411      0.0000     0.0000     0.0000       0     84      0    1.00    3.29    1.00      0       0       0       0   result_model_1
M    F     10   10   asym  0.000000    0.000000    0.000000    0.155    0.014379      0.0000     0.0000     0.0000       0     84      0    1.00    3.29    1.00      0       0       0       0   result_model_1
F    M     10   10   max   0.000000    0.000000    0.000000    0.155    0.014411      0.0000     0.0000     0.0000       0     84      0    1.00    3.29    1.00      0       0       0       0   result_model_1

F    N     10   10   asym  0.000000    0.000000    0.000000    0.161    0.014681      0.0000     0.0000     0.0000       0     84      0    1.00    3.29    1.00      0       0       0       0   result_model_1
N    F     10   10   asym  0.000000    0.000000    0.000000    0.160    0.014763      0.0000     0.0000     0.0000       0     84      0    1.00    3.29    1.00      0       0       0       0   result_model_1
F    N     10   10   max   0.000000    0.000000    0.000000    0.161    0.014763      0.0000     0.0000     0.0000       0     84      0    1.00    3.29    1.00      0       0       0       0   result_model_1

F    O     10   10   asym  0.000000    0.000000    0.000000    0.147    0.013858      0.0000     0.0000     0.0000       0     84      0    1.00    3.29    1.00      0       0       0       0   result_model_1
O    F     10   10   asym  0.000000    0.000000    0.000000    0.146    0.013972      0.0000     0.0000     0.0000       0     84      0    1.00    3.29    1.00      0       0       0       0   result_model_1
F    O     10   10   max   0.000000    0.000000    0.000000    0.147    0.013972      0.0000     0.0000     0.0000       0     84      0    1.00    3.29    1.00      0       0       0       0   result_model_1

F    P     10   10   asym  0.000000    0.000000    0.000000    0.156    0.014121      0.0000     0.0000     0.0000       0     84      0    1.00    3.29    1.00      0       0       0       0   result_model_1
P    F     10   10   asym  0.000000    0.000000    0.000000    0.151    0.014420      0.0000     0.0000     0.0000       0     84      0    1.00    3.29    1.00      0       0       0       0   result_model_1
F    P     10   10   max   0.000000    0.000000    0.000000    0.156    0.014420      0.0000     0.0000     0.0000       0     84      0    1.00    3.29    1.00      0       0       0       0   result_model_1

F    Q     10   10   asym  0.000000    0.000000    0.000000    0.138    0.013321      0.0000     0.0000     0.0000       0     84      0    1.00    3.29    1.00      0       0       0       0   result_model_1
Q    F     10   10   asym  0.000000    0.000000    0.000000    0.137    0.013420      0.0000     0.0000     0.0000       0     84      0    1.00    3.29    1.00      0       0       0       0   result_model_1
F    Q     10   10   max   0.000000    0.000000    0.000000    0.138    0.013420      0.0000     0.0000     0.0000       0     84      0    1.00    3.29    1.00      0       0       0       0   result_model_1

F    R     10   10   asym  0.000000    0.000000    0.000000    0.147    0.013536      0.0000     0.0000     0.0000       0     84      0    1.00    3.29    1.00      0       0       0       0   result_model_1
R    F     10   10   asym  0.000000    0.000000    0.000000    0.141    0.013922      0.0000     0.0000     0.0000       0     84      0    1.00    3.29    1.00      0       0       0       0   result_model_1
F    R     10   10   max   0.000000    0.000000    0.000000    0.147    0.013922      0.0000     0.0000     0.0000       0     84      0    1.00    3.29    1.00      0       0       0       0   result_model_1

F    S     10   10   asym  0.000000    0.000000    0.000000    0.128    0.012811      0.0000     0.0000     0.0000       0     84      0    1.00    3.29    1.00      0       0       0       0   result_model_1
S    F     10   10   asym  0.000000    0.000000    0.000000    0.128    0.012829      0.0000     0.0000     0.0000       0     84      0    1.00    3.29    1.00      0       0       0       0   result_model_1
F    S     10   10   max   0.000000    0.000000    0.000000    0.128    0.012829      0.0000     0.0000     0.0000       0     84      0    1.00    3.29    1.00      0       0       0       0   result_model_1

F    T     10   10   asym  0.000000    0.000000    0.000000    0.134    0.013027      0.0000     0.0000     0.0000       0     84      0    1.00    3.29    1.00      0       0       0       0   result_model_1
T    F     10   10   asym  0.000000    0.000000    0.000000    0.132    0.013157      0.0000     0.0000     0.0000       0     84      0    1.00    3.29    1.00      0       0       0       0   result_model_1
F    T     10   10   max   0.000000    0.000000    0.000000    0.134    0.013157      0.0000     0.0000     0.0000       0     84      0    1.00    3.29    1.00      0       0       0       0   result_model_1

G    H     10   10   asym  0.000000    0.000000    0.000000    0.197    0.016960      0.0195     0.0081     0.0000       0     84      0    1.00    3.29    1.00      0       0       0       0   result_model_1
H    G     10   10   asym  0.000000    0.000000    0.000000    0.196    0.016966      0.0195     0.0081     0.0000       0     84      0    1.00    3.29    1.00      0       0       0       0   result_model_1
G    H     10   10   max   0.000000    0.000000    0.000000    0.197    0.016966      0.0195     0.0081     0.0000       0     84      0    1.00    3.29    1.00      0       0       0       0   result_model_1

G    I     10   10   asym  0.000000    0.000000    0.000000    0.257    0.021728      0.0244     0.0085     0.0000       0     84      0    1.00    3.29    1.00      0       0       0       0   result_model_1
I    G     10   10   asym  0.000000    0.000000    0.000000    0.255    0.021286      0.0244     0.0086     0.0000       0     84      0    1.00    3.29    1.00      0       0       0       0   result_model_1
G    I     10   10   max   0.000000    0.000000    0.000000    0.257    0.021728      0.0244     0.0086     0.0000       0     84      0    1.00    3.29    1.00      0       0       0       0   result_model_1

G    J     10   10   asym  0.000000    0.000000    0.000000    0.186    0.016148      0.0193     0.0081     0.0000       0     84      0    1.00    3.29    1.00      0       0       0       0   result_model_1
J    G     10   10   asym  0.000000    0.000000    0.000000    0.184    0.016278      0.0193     0.0081     0.0000       0     84      0    1.00    3.29    1.00      0       0       0       0   result_model_1
G    J     10   10   max   0.000000    0.000000    0.000000    0.186    0.016278      0.0193     0.0081     0.0000       0     84      0    1.00    3.29    1.00      0       0       0       0   result_model_1

G    K     10   10   asym  0.000000    0.000000    0.000000    0.207    0.017447      0.0183     0.0079     0.0000       0     84      0    1.00    3.29    1.00      0       0       0       0   result_model_1
K    G     10   10   asym  0.000000    0.000000    0.000000    0.201    0.017583      0.0183     0.0079     0.0000       0     84      0    1.00    3.29    1.00      0       0       0       0   result_model_1
G    K     10   10   max   0.000000    0.000000    0.000000    0.207    0.017583      0.0183     0.0079     0.0000       0     84      0    1.00    3.29    1.00      0       0       0       0   result_model_1

G    L     10   10   asym  0.000000    0.000000    0.000000    0.174    0.015388      0.0000     0.0000     0.0000       0     84      0    1.00    3.29    1.00      0       0       0       0   result_model_1
L    G     10   10   asym  0.000000    0.000000    0.000000    0.172    0.015556      0.0000     0.0000     0.0000       0     84      0    1.00    3.29    1.00      0       0       0       0   result_model_1
G    L     10   10   max   0.000000    0.000000    0.000000    0.174    0.015556      0.0000     0.0000     0.0000       0     84      0    1.00    3.29    1.00      0       0       0       0   result_model_1

G    M     10   10   asym  0.000000    0.000000    0.000000    0.178    0.015567      0.0000     0.0000     0.0000       0     84      0    1.00    3.29    1.00      0       0       0       0   result_model_1
M    G     10   10   asym  0.000000    0.000000    0.000000    0.174    0.015787      0.0000     0.0000     0.0000       0     84      0    1.00    3.29    1.00      0       0       0       0   result_model_1
G    M     10   10   max   0.000000    0.000000    0.000000    0.178    0.015787      0.0000     0.0000     0.0000       0     84      0    1.00    3.29    1.00      0       0       0       0   result_model_1

G    N     10   10   asym  0.000000    0.000000    0.000000    0.166    0.014911      0.0000     0.0000     0.0000       0     84      0    1.00    3.29    1.00      0       0       0       0   result_model_1
N    G     10   10   asym  0.000000    0.000000    0.000000    0.164    0.015073      0.0000     0.0000     0.0000       0     84      0    1.00    3.29    1.00      0       0       0       0   result_model_1
G    N     10   10   max   0.000000    0.000000    0.000000    0.166    0.015073      0.0000     0.0000     0.0000       0     84      0    1.00    3.29    1.00      0       0       0       0   result_model_1

G    O     10   10   asym  0.000000    0.000000    0.000000    0.165    0.014624      0.0000     0.0000     0.0000       0     84      0    1.00    3.29    1.00      0       0       0       0   result_model_1
O    G     10   10   asym  0.000000    0.000000    0.000000    0.160    0.015013      0.0000     0.0000     0.0000       0     84      0    1.00    3.29    1.00      0       0       0       0   result_model_1
G    O     10   10   max   0.000000    0.000000    0.000000    0.165    0.015013      0.0000     0.0000     0.0000       0     84      0    1.00    3.29    1.00      0       0       0       0   result_model_1

G    P     10   10   asym  0.000000    0.000000    0.000000    0.158    0.014374      0.0000     0.0000     0.0000       0     84      0    1.00    3.29    1.00      0       0       0       0   result_model_1
P    G     10   10   asym  0.000000    0.000000    0.000000    0.155    0.014626      0.0000     0.0000     0.0000       0     84      0    1.00    3.29    1.00      0       0       0       0   result_model_1
G    P     10   10   max   0.000000    0.000000    0.000000    0.158    0.014626      0.0000     0.0000     0.0000       0     84      0    1.00    3.29    1.00      0       0       0       0   result_model_1

G    Q     10   10   asym  0.000000    0.000000    0.000000    0.158    0.014059      0.0000     0.0000     0.0000       0     84      0    1.00    3.29    1.00      0       0       0       0   result_model_1
Q    G     10   10   asym  0.000000    0.000000    0.000000    0.151    0.014574      0.0000     0.0000     0.0000       0     84      0    1.00    3.29    1.00      0       0       0       0   result_model_1
G    Q     10   10   max   0.000000    0.000000    0.000000    0.158    0.014574      0.0000     0.0000     0.0000       0     84      0    1.00    3.29    1.00      0       0       0       0   result_model_1

G    R     10   10   asym  0.000000    0.000000    0.000000    0.149    0.013908      0.0000     0.0000     0.0000       0     84      0    1.00    3.29    1.00      0       0       0       0   result_model_1
R    G     10   10   asym  0.000000    0.000000    0.000000    0.147    0.014120      0.0000     0.0000     0.0000       0     84      0    1.00    3.29    1.00      0       0       0       0   result_model_1
G    R     10   10   max   0.000000    0.000000    0.000000    0.149    0.014120      0.0000     0.0000     0.0000       0     84      0    1.00    3.29    1.00      0       0       0       0   result_model_1

G    S     10   10   asym  0.000000    0.000000    0.000000    0.145    0.013457      0.0000     0.0000     0.0000       0     84      0    1.00    3.29    1.00      0       0       0       0   result_model_1
S    G     10   10   asym  0.000000    0.000000    0.000000    0.140    0.013793      0.0000     0.0000     0.0000       0     84      0    1.00    3.29    1.00      0       0       0       0   result_model_1
G    S     10   10   max   0.000000    0.000000    0.000000    0.145    0.013793      0.0000     0.0000     0.0000       0     84      0    1.00    3.29    1.00      0       0       0       0   result_model_1

G    T     10   10   asym  0.000000    0.000000    0.000000    0.138    0.013327      0.0000     0.0000     0.0000       0     84      0    1.00    3.29    1.00      0       0       0       0   result_model_1
T    G     10   10   asym  0.000000    0.000000    0.000000    0.137    0.013470      0.0000     0.0000     0.0000       0     84      0    1.00    3.29    1.00      0       0       0       0   result_model_1
G    T     10   10   max   0.000000    0.000000    0.000000    0.138    0.013470      0.0000     0.0000     0.0000       0     84      0    1.00    3.29    1.00      0       0       0       0   result_model_1

H    I     10   10   asym  0.000000    0.000000    0.000000    0.186    0.016660      0.0188     0.0081     0.0000       0     84      0    1.00    3.29    1.00      0       0       0       0   result_model_1
I    H     10   10   asym  0.000000    0.000000    0.000000    0.191    0.016362      0.0188     0.0080     0.0000       0     84      0    1.00    3.29    1.00      0       0       0       0   result_model_1
H    I     10   10   max   0.000000    0.000000    0.000000    0.191    0.016660      0.0188     0.0081     0.0000       0     84      0    1.00    3.29    1.00      0       0       0       0   result_model_1

H    J     10   10   asym  0.000000    0.000000    0.000000    0.246    0.020466      0.0241     0.0085     0.0000       0     84      0    1.00    3.29    1.00      0       0       0       0   result_model_1
J    H     10   10   asym  0.000000    0.000000    0.000000    0.247    0.020237      0.0241     0.0085     0.0000       0     84      0    1.00    3.29    1.00      0       0       0       0   result_model_1
H    J     10   10   max   0.000000    0.000000    0.000000    0.247    0.020466      0.0241     0.0085     0.0000       0     84      0    1.00    3.29    1.00      0       0       0       0   result_model_1

H    K     10   10   asym  0.000000    0.000000    0.000000    0.172    0.015518      0.0000     0.0000     0.0000       0     84      0    1.00    3.29    1.00      0       0       0       0   result_model_1
K    H     10   10   asym  0.000000    0.000000    0.000000    0.173    0.015460      0.0000     0.0000     0.0000       0     84      0    1.00    3.29    1.00      0       0       0       0   result_model_1
H    K     10   10   max   0.000000    0.000000    0.000000    0.173    0.015518      0.0000     0.0000     0.0000       0     84      0    1.00    3.29    1.00      0       0       0       0   result_model_1

H    L     10   10   asym  0.000000    0.000000    0.000000    0.200    0.016927      0.0000     0.0000     0.0000       0     84      0    1.00    3.29    1.00      0       0       0       0   result_model_1
L    H     10   10   asym  0.000000    0.000000    0.000000    0.195    0.017156      0.0000     0.0000     0.0000       0     84      0    1.00    3.29    1.00      0       0       0       0   result_model_1
H    L     10   10   max   0.000000    0.000000    0.000000    0.200    0.017156      0.0000     0.0000     0.0000       0     84      0    1.00    3.29    1.00      0       0       0       0   result_model_1

H    M     10   10   asym  0.000000    0.000000    0.000000    0.161    0.014759      0.0000     0.0000     0.0000       0     84      0    1.00    3.29    1.00      0       0       0       0   result_model_1
M    H     10   10   asym  0.000000    0.000000    0.000000    0.161    0.014804      0.0000     0.0000     0.0000       0     84      0    1.00    3.29    1.00      0       0       0       0   result_model_1
H    M     10   10   max   0.000000    0.000000    0.000000    0.161    0.014804      0.0000     0.0000     0.0000       0     84      0    1.00    3.29    1.00      0       0       0       0   result_model_1

H    N     10   10   asym  0.000000    0.000000    0.000000    0.173    0.015232      0.0000     0.0000     0.0000       0     84      0    1.00    3.29    1.00      0       0       0       0   result_model_1
N    H     10   10   asym  0.000000    0.000000    0.000000    0.169    0.015479      0.0000     0.0000     0.0000       0     84      0    1.00    3.29    1.00      0       0       0       0   result_model_1
H    N     10   10   max   0.000000    0.000000    0.000000    0.173    0.015479      0.0000     0.0000     0.0000       0     84      0    1.00    3.29    1.00      0       0       0       0   result_model_1

H    O     10   10   asym  0.000000    0.000000    0.000000    0.154    0.014221      0.0000     0.0000     0.0000       0     84      0    1.00    3.29    1.00      0       0       0       0   result_model_1
O    H     10   10   asym  0.000000    0.000000    0.000000    0.153    0.014430      0.0000     0.0000     0.0000       0     84      0    1.00    3.29    1.00      0       0       0       0   result_model_1
H    O     10   10   max   0.000000    0.000000    0.000000    0.154    0.014430      0.0000     0.0000     0.0000       0     84      0    1.00    3.29    1.00      0       0       0       0   result_model_1

H    P     10   10   asym  0.000000    0.000000    0.000000    0.163    0.014455      0.0000     0.0000     0.0000       0     84      0    1.00    3.29    1.00      0       0       0       0   result_model_1
P    H     10   10   asym  0.000000    0.000000    0.000000    0.157    0.014879      0.0000     0.0000     0.0000       0     84      0    1.00    3.29    1.00      0       0       0       0   result_model_1
H    P     10   10   max   0.000000    0.000000    0.000000    0.163    0.014879      0.0000     0.0000     0.0000       0     84      0    1.00    3.29    1.00      0       0       0       0   result_model_1

H    Q     10   10   asym  0.000000    0.000000    0.000000    0.145    0.013641      0.0000     0.0000     0.0000       0     84      0    1.00    3.29    1.00      0       0       0       0   result_model_1
Q    H     10   10   asym  0.000000    0.000000    0.000000    0.143    0.013894      0.0000     0.0000     0.0000       0     84      0    1.00    3.29    1.00      0       0       0       0   result_model_1
H    Q     10   10   max   0.000000    0.000000    0.000000    0.145    0.013894      0.0000     0.0000     0.0000       0     84      0    1.00    3.29    1.00      0       0       0       0   result_model_1

H    R     10   10   asym  0.000000    0.000000    0.000000    0.156    0.013922      0.0000     0.0000     0.0000       0     84      0    1.00    3.29    1.00      0       0       0       0   result_model_1
R    H     10   10   asym  0.000000    0.000000    0.000000    0.148    0.014486      0.0000     0.0000     0.0000       0     84      0    1.00    3.29    1.00      0       0       0       0   result_model_1
H    R     10   10   max   0.000000    0.000000    0.000000    0.156    0.014486      0.0000     0.0000     0.0000       0     84      0    1.00    3.29    1.00      0       0       0       0   result_model_1

H    S     10   10   asym  0.000000    0.000000    0.000000    0.134    0.013098      0.0000     0.0000     0.0000       0     84      0    1.00    3.29    1.00      0       0       0       0   result_model_1
S    H     10   10   asym  0.000000    0.000000    0.000000    0.133    0.013216      0.0000     0.0000     0.0000       0     84      0    1.00    3.29    1.00      0       0       0       0   result_model_1
H    S     10   10   max   0.000000    0.000000    0.000000    0.134    0.013216      0.0000     0.0000     0.0000       0     84      0    1.00    3.29    1.00      0       0       0       0   result_model_1

H    T     10   10   asym  0.000000    0.000000    0.000000    0.143    0.013334      0.0000     0.0000     0.0000       0     84      0    1.00    3.29    1.00      0       0       0       0   result_model_1
T    H     10   10   asym  0.000000    0.000000    0.000000    0.138    0.013698      0.0000     0.0000     0.0000       0     84      0    1.00    3.29    1.00      0       0       0       0   result_model_1
H    T     10   10   max   0.000000    0.000000    0.000000    0.143    0.013698      0.0000     0.0000     0.0000       0     84      0    1.00    3.29    1.00      0       0       0       0   result_model_1

I    J     10   10   asym  0.000000    0.000000    0.000000    0.195    0.016873      0.0194     0.0081     0.0000       0     84      0    1.00    3.29    1.00      0       0       0       0   result_model_1
J    I     10   10   asym  0.000000    0.000000    0.000000    0.195    0.016847      0.0194     0.0081     0.0000       0     84      0    1.00    3.29    1.00      0       0       0       0   result_model_1
I    J     10   10   max   0.000000    0.000000    0.000000    0.195    0.016873      0.0194     0.0081     0.0000       0     84      0    1.00    3.29    1.00      0       0       0       0   result_model_1

I    K     10   10   asym  0.000000    0.000000    0.000000    0.247    0.020444      0.0242     0.0084     0.0000       0     84      0    1.00    3.29    1.00      0       0       0       0   result_model_1
K    I     10   10   asym  0.000000    0.000000    0.000000    0.245    0.020260      0.0242     0.0085     0.0000       0     84      0    1.00    3.29    1.00      0       0       0       0   result_model_1
I    K     10   10   max   0.000000    0.000000    0.000000    0.247    0.020444      0.0242     0.0085     0.0000       0     84      0    1.00    3.29    1.00      0       0       0       0   result_model_1

I    L     10   10   asym  0.000000    0.000000    0.000000    0.184    0.015939      0.0193     0.0081     0.0000       0     84      0    1.00    3.29    1.00      0       0       0       0   result_model_1
L    I     10   10   asym  0.000000    0.000000    0.000000    0.182    0.016153      0.0193     0.0081     0.0000       0     84      0    1.00    3.29    1.00      0       0       0       0   result_model_1
I    L     10   10   max   0.000000    0.000000    0.000000    0.184    0.016153      0.0193     0.0081     0.0000       0     84      0    1.00    3.29    1.00      0       0       0       0   result_model_1

I    M     10   10   asym  0.000000    0.000000    0.000000    0.204    0.017072      0.0000     0.0000     0.0000       0     84      0    1.00    3.29    1.00      0       0       0       0   result_model_1
M    I     10   10   asym  0.000000    0.000000    0.000000    0.198    0.017397      0.0000     0.0000     0.0000       0     84      0    1.00    3.29    1.00      0       0       0       0   result_model_1
I    M     10   10   max   0.000000    0.000000    0.000000    0.204    0.017397      0.0000     0.0000     0.0000       0     84      0    1.00    3.29    1.00      0       0       0       0   result_model_1

I    N     10   10   asym  0.000000    0.000000    0.000000    0.175    0.015269      0.0000     0.0000     0.0000       0     84      0    1.00    3.29    1.00      0       0       0       0   result_model_1
N    I     10   10   asym  0.000000    0.000000    0.000000    0.171    0.015594      0.0000     0.0000     0.0000       0     84      0    1.00    3.29    1.00      0       0       0       0   result_model_1
I    N     10   10   max   0.000000    0.000000    0.000000    0.175    0.015594      0.0000     0.0000     0.0000       0     84      0    1.00    3.29    1.00      0       0       0       0   result_model_1

I    O     10   10   asym  0.000000    0.000000    0.000000    0.181    0.015526      0.0000     0.0000     0.0000       0     84      0    1.00    3.29    1.00      0       0       0       0   result_model_1
O    I     10   10   asym  0.000000    0.000000    0.000000    0.175    0.015955      0.0000     0.0000     0.0000       0     84      0    1.00    3.29    1.00      0       0       0       0   result_model_1
I    O     10   10   max   0.000000    0.000000    0.000000    0.181    0.015955      0.0000     0.0000     0.0000       0     84      0    1.00    3.29    1.00      0       0       0       0   result_model_1

I    P     10   10   asym  0.000000    0.000000    0.000000    0.166    0.014749      0.0000     0.0000     0.0000       0     84      0    1.00    3.29    1.00      0       0       0       0   result_model_1
P    I     10   10   asym  0.000000    0.000000    0.000000    0.162    0.015086      0.0000     0.0000     0.0000       0     84      0    1.00    3.29    1.00      0       0       0       0   result_model_1
I    P     10   10   max   0.000000    0.000000    0.000000    0.166    0.015086      0.0000     0.0000     0.0000       0     84      0    1.00    3.29    1.00      0       0       0       0   result_model_1

I    Q     10   10   asym  0.000000    0.000000    0.000000    0.168    0.014565      0.0000     0.0000     0.0000       0     84      0    1.00    3.29    1.00      0       0       0       0   result_model_1
Q    I     10   10   asym  0.000000    0.000000    0.000000    0.160    0.015211      0.0000     0.0000     0.0000       0     84      0    1.00    3.29    1.00      0       0       0       0   result_model_1
I    Q     10   10   max   0.000000    0.000000    0.000000    0.168    0.015211      0.0000     0.0000     0.0000       0     84      0    1.00    3.29    1.00      0       0       0       0   result_model_1

I    R     10   10   asym  0.000000    0.000000    0.000000    0.156    0.014144      0.0000     0.0000     0.0000       0     84      0    1.00    3.29    1.00      0       0       0       0   result_model_1
R    I     10   10   asym  0.000000    0.000000    0.000000    0.152    0.014523      0.0000     0.0000     0.0000       0     84      0    1.00    3.29    1.00      0       0       0       0   result_model_1
I    R     10   10   max   0.000000    0.000000    0.000000    0.156    0.014523      0.0000     0.0000     0.0000       0     84      0    1.00    3.29    1.00      0       0       0       0   result_model_1

I    S     10   10   asym  0.000000    0.000000    0.000000    0.156    0.013927      0.0000     0.0000     0.0000       0     84      0    1.00    3.29    1.00      0       0       0       0   result_model_1
S    I     10   10   asym  0.000000    0.000000    0.000000    0.148    0.014497      0.0000     0.0000     0.0000       0     84      0    1.00    3.29    1.00      0       0       0       0   result_model_1
I    S     10   10   max   0.000000    0.000000    0.000000    0.156    0.014497      0.0000     0.0000     0.0000       0     84      0    1.00    3.29    1.00      0       0       0       0   result_model_1

I    T     10   10   asym  0.000000    0.000000    0.000000    0.145    0.013625      0.0000     0.0000     0.0000       0     84      0    1.00    3.29    1.00      0       0       0       0   result_model_1
T    I     10   10   asym  0.000000    0.000000    0.000000    0.143    0.013878      0.0000     0.0000     0.0000       0     84      0    1.00    3.29    1.00      0       0       0       0   result_model_1
I    T     10   10   max   0.000000    0.000000    0.000000    0.145    0.013878      0.0000     0.0000     0.0000       0     84      0    1.00    3.29    1.00      0       0       0       0   result_model_1

J    K     10   10   asym  0.000000    0.000000    0.000000    0.187    0.016463      0.0188     0.0080     0.0000       0     84      0    1.00    3.29    1.00      0       0       0       0   result_model_1
K    J     10   10   asym  0.000000    0.000000    0.000000    0.188    0.016378      0.0188     0.0080     0.0000       0     84      0    1.00    3.29    1.00      0       0       0       0   result_model_1
J    K     10   10   max   0.000000    0.000000    0.000000    0.188    0.016463      0.0188     0.0080     0.0000       0     84      0    1.00    3.29    1.00      0       0       0       0   result_model_1

J    L     10   10   asym  0.000000    0.000000    0.000000    0.238    0.019489      0.0239     0.0084     0.0000       0     84      0    1.00    3.29    1.00      0       0       0       0   result_model_1
L    J     10   10   asym  0.000000    0.000000    0.000000    0.236    0.019551      0.0239     0.0084     0.0000       0     84      0    1.00    3.29    1.00      0       0       0       0   result_model_1
J    L     10   10   max   0.000000    0.000000    0.000000    0.238    0.019551      0.0239     0.0084     0.0000       0     84      0    1.00    3.29    1.00      0       0       0       0   result_model_1

J    M     10   10   asym  0.000000    0.000000    0.000000    0.173    0.015385      0.0000     0.0000     0.0000       0     84      0    1.00    3.29    1.00      0       0       0       0   result_model_1
M    J     10   10   asym  0.000000    0.000000    0.000000    0.172    0.015473      0.0000     0.0000     0.0000       0     84      0    1.00    3.29    1.00      0       0       0       0   result_model_1
J    M     10   10   max   0.000000    0.000000    0.000000    0.173    0.015473      0.0000     0.0000     0.0000       0     84      0    1.00    3.29    1.00      0       0       0       0   result_model_1

J    N     10   10   asym  0.000000    0.000000    0.000000    0.199    0.016718      0.0000     0.0000     0.0000       0     84      0    1.00    3.29    1.00      0       0       0       0   result_model_1
N    J     10   10   asym  0.000000    0.000000    0.000000    0.193    0.017123      0.0000     0.0000     0.0000       0     84      0    1.00    3.29    1.00      0       0       0       0   result_model_1
J    N     10   10   max   0.000000    0.000000    0.000000    0.199    0.017123      0.0000     0.0000     0.0000       0     84      0    1.00    3.29    1.00      0       0       0       0   result_model_1

J    O     10   10   asym  0.000000    0.000000    0.000000    0.163    0.014626      0.0000     0.0000     0.0000       0     84      0    1.00    3.29    1.00      0       0       0       0   result_model_1
O    J     10   10   asym  0.000000    0.000000    0.000000    0.160    0.014905      0.0000     0.0000     0.0000       0     84      0    1.00    3.29    1.00      0       0       0       0   result_model_1
J    O     10   10   max   0.000000    0.000000    0.000000    0.163    0.014905      0.0000     0.0000     0.0000       0     84      0    1.00    3.29    1.00      0       0       0       0   result_model_1

J    P     10   10   asym  0.000000    0.000000    0.000000    0.178    0.015267      0.0000     0.0000     0.0000       0     84      0    1.00    3.29    1.00      0       0       0       0   result_model_1
P    J     10   10   asym  0.000000    0.000000    0.000000    0.171    0.015807      0.0000     0.0000     0.0000       0     84      0    1.00    3.29    1.00      0       0       0       0   result_model_1
J    P     10   10   max   0.000000    0.000000    0.000000    0.178    0.015807      0.0000     0.0000     0.0000       0     84      0    1.00    3.29    1.00      0       0       0       0   result_model_1

J    Q     10   10   asym  0.000000    0.000000    0.000000    0.153    0.014042      0.0000     0.0000     0.0000       0     84      0    1.00    3.29    1.00      0       0       0       0   result_model_1
Q    J     10   10   asym  0.000000    0.000000    0.000000    0.150    0.014368      0.0000     0.0000     0.0000       0     84      0    1.00    3.29    1.00      0       0       0       0   result_model_1
J    Q     10   10   max   0.000000    0.000000    0.000000    0.153    0.014368      0.0000     0.0000     0.0000       0     84      0    1.00    3.29    1.00      0       0       0       0   result_model_1

J    R     10   10   asym  0.000000    0.000000    0.000000    0.166    0.014441      0.0000     0.0000     0.0000       0     84      0    1.00    3.29    1.00      0       0       0       0   result_model_1
R    J     10   10   asym  0.000000    0.000000    0.000000    0.157    0.015118      0.0000     0.0000     0.0000       0     84      0    1.00    3.29    1.00      0       0       0       0   result_model_1
J    R     10   10   max   0.000000    0.000000    0.000000    0.166    0.015118      0.0000     0.0000     0.0000       0     84      0    1.00    3.29    1.00      0       0       0       0   result_model_1

J    S     10   10   asym  0.000000    0.000000    0.000000    0.141    0.013478      0.0000     0.0000     0.0000       0     84      0    1.00    3.29    1.00      0       0       0       0   result_model_1
S    J     10   10   asym  0.000000    0.000000    0.000000    0.140    0.013633      0.0000     0.0000     0.0000       0     84      0    1.00    3.29    1.00      0       0       0       0   result_model_1
J    S     10   10   max   0.000000    0.000000    0.000000    0.141    0.013633      0.0000     0.0000     0.0000       0     84      0    1.00    3.29    1.00      0       0       0       0   result_model_1

J    T     10   10   asym  0.000000    0.000000    0.000000    0.154    0.013793      0.0000     0.0000     0.0000       0     84      0    1.00    3.29    1.00      0       0       0       0   result_model_1
T    J     10   10   asym  0.000000    0.000000    0.000000    0.146    0.014391      0.0000     0.0000     0.0000       0     84      0    1.00    3.29    1.00      0       0       0       0   result_model_1
J    T     10   10   max   0.000000    0.000000    0.000000    0.154    0.014391      0.0000     0.0000     0.0000       0     84      0    1.00    3.29    1.00      0       0       0       0   result_model_1

K    L     10   10   asym  0.000000    0.000000    0.000000    0.193    0.016728      0.0194     0.0081     0.0000       0     84      0    1.00    3.29    1.00      0       0       0       0   result_model_1
L    K     10   10   asym  0.000000    0.000000    0.000000    0.193    0.016666      0.0194     0.0081     0.0000       0     84      0    1.00    3.29    1.00      0       0       0       0   result_model_1
K    L     10   10   max   0.000000    0.000000    0.000000    0.193    0.016728      0.0194     0.0081     0.0000       0     84      0    1.00    3.29    1.00      0       0       0       0   result_model_1

K    M     10   10   asym  0.000000    0.000000    0.000000    0.251    0.020534      0.0243     0.0084     0.0000       0     84      0    1.00    3.29    1.00      0       0       0       0   result_model_1
M    K     10   10   asym  0.000000    0.000000    0.000000    0.249    0.020450      0.0243     0.0085     0.0000       0     84      0    1.00    3.29    1.00      0       0       0       0   result_model_1
K    M     10   10   max   0.000000    0.000000    0.000000    0.251    0.020534      0.0243     0.0085     0.0000       0     84      0    1.00    3.29    1.00      0       0       0       0   result_model_1

K    N     10   10   asym  0.000000    0.000000    0.000000    0.186    0.015828      0.0193     0.0081     0.0000       0     84      0    1.00    3.29    1.00      0       0       0       0   result_model_1
N    K     10   10   asym  0.000000    0.000000    0.000000    0.181    0.016178      0.0193     0.0081     0.0000       0     84      0    1.00    3.29    1.00      0       0       0       0   result_model_1
K    N     10   10   max   0.000000    0.000000    0.000000    0.186    0.016178      0.0193     0.0081     0.0000       0     84      0    1.00    3.29    1.00      0       0       0       0   result_model_1

K    O     10   10   asym  0.000000    0.000000    0.000000    0.214    0.017440      0.0000     0.0000     0.0000       0     84      0    1.00    3.29    1.00      0       0       0       0   result_model_1
O    K     10   10   asym  0.000000    0.000000    0.000000    0.205    0.018117      0.0000     0.0000     0.0000       0     84      0    1.00    3.29    1.00      0       0       0       0   result_model_1
K    O     10   10   max   0.000000    0.000000    0.000000    0.214    0.018117      0.0000     0.0000     0.0000       0     84      0    1.00    3.29    1.00      0       0       0       0   result_model_1

K    P     10   10   asym  0.000000    0.000000    0.000000    0.176    0.015063      0.0183     0.0080     0.0000       0     84      0    1.00    3.29    1.00      0       0       0       0   result_model_1
P    K     10   10   asym  0.000000    0.000000    0.000000    0.169    0.015617      0.0183     0.0079     0.0000       0     84      0    1.00    3.29    1.00      0       0       0       0   result_model_1
K    P     10   10   max   0.000000    0.000000    0.000000    0.176    0.015617      0.0183     0.0080     0.0000       0     84      0    1.00    3.29    1.00      0       0       0       0   result_model_1

K    Q     10   10   asym  0.000000    0.000000    0.000000    0.191    0.015815      0.0000     0.0000     0.0000       0     84      0    1.00    3.29    1.00      0       0       0       0   result_model_1
Q    K     10   10   asym  0.000000    0.000000    0.000000    0.180    0.016713      0.0000     0.0000     0.0000       0     84      0    1.00    3.29    1.00      0       0       0       0   result_model_1
K    Q     10   10   max   0.000000    0.000000    0.000000    0.191    0.016713      0.0000     0.0000     0.0000       0     84      0    1.00    3.29    1.00      0       0       0       0   result_model_1

K    R     10   10   asym  0.000000    0.000000    0.000000    0.165    0.014487      0.0000     0.0000     0.0000       0     84      0    1.00    3.29    1.00      0       0       0       0   result_model_1
R    K     10   10   asym  0.000000    0.000000    0.000000    0.159    0.014979      0.0000     0.0000     0.0000       0     84      0    1.00    3.29    1.00      0       0       0       0   result_model_1
K    R     10   10   max   0.000000    0.000000    0.000000    0.165    0.014979      0.0000     0.0000     0.0000       0     84      0    1.00    3.29    1.00      0       0       0       0   result_model_1

K    S     10   10   asym  0.000000    0.000000    0.000000    0.170    0.014691      0.0000     0.0000     0.0000       0     84      0    1.00    3.29    1.00      0       0       0       0   result_model_1
S    K     10   10   asym  0.000000    0.000000    0.000000    0.161    0.015415      0.0000     0.0000     0.0000       0     84      0    1.00    3.29    1.00      0       0       0       0   result_model_1
K    S     10   10   max   0.000000    0.000000    0.000000    0.170    0.015415      0.0000     0.0000     0.0000       0     84      0    1.00    3.29    1.00      0       0       0       0   result_model_1

K    T     10   10   asym  0.000000    0.000000    0.000000    0.151    0.013838      0.0000     0.0000     0.0000       0     84      0    1.00    3.29    1.00      0       0       0       0   result_model_1
T    K     10   10   asym  0.000000    0.000000    0.000000    0.147    0.014230      0.0000     0.0000     0.0000       0     84      0    1.00    3.29    1.00      0       0       0       0   result_model_1
K    T     10   10   max   0.000000    0.000000    0.000000    0.151    0.014230      0.0000     0.0000     0.0000       0     84      0    1.00    3.29    1.00      0       0       0       0   result_model_1

L    M     10   10   asym  0.000000    0.000000    0.000000    0.187    0.016283      0.0188     0.0080     0.0000       0     84      0    1.00    3.29    1.00      0       0       0       0   result_model_1
M    L     10   10   asym  0.000000    0.000000    0.000000    0.187    0.016344      0.0188     0.0080     0.0000       0     84      0    1.00    3.29    1.00      0       0       0       0   result_model_1
L    M     10   10   max   0.000000    0.000000    0.000000    0.187    0.016344      0.0188     0.0080     0.0000       0     84      0    1.00    3.29    1.00      0       0       0       0   result_model_1

L    N     10   10   asym  0.000000    0.000000    0.000000    0.245    0.019874      0.0241     0.0084     0.0000       0     84      0    1.00    3.29    1.00      0       0       0       0   result_model_1
N    L     10   10   asym  0.000000    0.000000    0.000000    0.243    0.020024      0.0241     0.0084     0.0000       0     84      0    1.00    3.29    1.00      0       0       0       0   result_model_1
L    N     10   10   max   0.000000    0.000000    0.000000    0.245    0.020024      0.0241     0.0084     0.0000       0     84      0    1.00    3.29    1.00      0       0       0       0   result_model_1

L    O     10   10   asym  0.000000    0.000000    0.000000    0.175    0.015236      0.0000     0.0000     0.0000       0     84      0    1.00    3.29    1.00      0       0       0       0   result_model_1
O    L     10   10   asym  0.000000    0.000000    0.000000    0.172    0.015586      0.0000     0.0000     0.0000       0     84      0    1.00    3.29    1.00      0       0       0       0   result_model_1
L    O     10   10   max   0.000000    0.000000    0.000000    0.175    0.015586      0.0000     0.0000     0.0000       0     84      0    1.00    3.29    1.00      0       0       0       0   result_model_1

L    P     10   10   asym  0.000000    0.000000    0.000000    0.213    0.017201      0.0000     0.0000     0.0000       0     84      0    1.00    3.29    1.00      0       0       0       0   result_model_1
P    L     10   10   asym  0.000000    0.000000    0.000000    0.201    0.017990      0.0000     0.0000     0.0000       0     84      0    1.00    3.29    1.00      0       0       0       0   result_model_1
L    P     10   10   max   0.000000    0.000000    0.000000    0.213    0.017990      0.0000     0.0000     0.0000       0     84      0    1.00    3.29    1.00      0       0       0       0   result_model_1

L    Q     10   10   asym  0.000000    0.000000    0.000000    0.162    0.014452      0.0000     0.0000     0.0000       0     84      0    1.00    3.29    1.00      0       0       0       0   result_model_1
Q    L     10   10   asym  0.000000    0.000000    0.000000    0.158    0.014862      0.0000     0.0000     0.0000       0     84      0    1.00    3.29    1.00      0       0       0       0   result_model_1
L    Q     10   10   max   0.000000    0.000000    0.000000    0.162    0.014862      0.0000     0.0000     0.0000       0     84      0    1.00    3.29    1.00      0       0       0       0   result_model_1

L    R     10   10   asym  0.000000    0.000000    0.000000    0.189    0.015563      0.0000     0.0000     0.0000       0     84      0    1.00    3.29    1.00      0       0       0       0   result_model_1
R    L     10   10   asym  0.000000    0.000000    0.000000    0.176    0.016549      0.0000     0.0000     0.0000       0     84      0    1.00    3.29    1.00      0       0       0       0   result_model_1
L    R     10   10   max   0.000000    0.000000    0.000000    0.189    0.016549      0.0000     0.0000     0.0000       0     84      0    1.00    3.29    1.00      0       0       0       0   result_model_1

L    S     10   10   asym  0.000000    0.000000    0.000000    0.149    0.013859      0.0000     0.0000     0.0000       0     84      0    1.00    3.29    1.00      0       0       0       0   result_model_1
S    L     10   10   asym  0.000000    0.000000    0.000000    0.148    0.014126      0.0000     0.0000     0.0000       0     84      0    1.00    3.29    1.00      0       0       0       0   result_model_1
L    S     10   10   max   0.000000    0.000000    0.000000    0.149    0.014126      0.0000     0.0000     0.0000       0     84      0    1.00    3.29    1.00      0       0       0       0   result_model_1

L    T     10   10   asym  0.000000    0.000000    0.000000    0.168    0.014589      0.0000     0.0000     0.0000       0     84      0    1.00    3.29    1.00      0       0       0       0   result_model_1
T    L     10   10   asym  0.000000    0.000000    0.000000    0.159    0.015278      0.0000     0.0000     0.0000       0     84      0    1.00    3.29    1.00      0       0       0       0   result_model_1
L    T     10   10   max   0.000000    0.000000    0.000000    0.168    0.015278      0.0000     0.0000     0.0000       0     84      0    1.00    3.29    1.00      0       0       0       0   result_model_1

M    N     10   10   asym  0.000000    0.000000    0.000000    0.195    0.016699      0.0194     0.0081     0.0000       0     84      0    1.00    3.29    1.00      0       0       0       0   result_model_1
N    M     10   10   asym  0.000000    0.000000    0.000000    0.194    0.016695      0.0194     0.0081     0.0000       0     84      0    1.00    3.29    1.00      0       0       0       0   result_model_1
M    N     10   10   max   0.000000    0.000000    0.000000    0.195    0.016699      0.0194     0.0081     0.0000       0     84      0    1.00    3.29    1.00      0       0       0       0   result_model_1

M    O     10   10   asym  0.000000    0.000000    0.000000    0.265    0.021329      0.0245     0.0085     0.0000       0     84      0    1.00    3.29    1.00      0       0       0       0   result_model_1
O    M     10   10   asym  0.000000    0.000000    0.000000    0.260    0.021647      0.0245     0.0086     0.0000       0     84      0    1.00    3.29    1.00      0       0       0       0   result_model_1
M    O     10   10   max   0.000000    0.000000    0.000000    0.265    0.021647      0.0245     0.0086     0.0000       0     84      0    1.00    3.29    1.00      0       0       0       0   result_model_1

M    P     10   10   asym  0.000000    0.000000    0.000000    0.188    0.015715      0.0192     0.0081     0.0000       0     84      0    1.00    3.29    1.00      0       0       0       0   result_model_1
P    M     10   10   asym  0.000000    0.000000    0.000000    0.181    0.016225      0.0192     0.0081     0.0000       0     84      0    1.00    3.29    1.00      0       0       0       0   result_model_1
M    P     10   10   max   0.000000    0.000000    0.000000    0.188    0.016225      0.0192     0.0081     0.0000       0     84      0    1.00    3.29    1.00      0       0       0       0   result_model_1

M    Q     10   10   asym  0.000000    0.000000    0.000000    0.230    0.017956      0.0000     0.0000     0.0000       0     84      0    1.00    3.29    1.00      0       0       0       0   result_model_1
Q    M     10   10   asym  0.000000    0.000000    0.000000    0.214    0.019228      0.0000     0.0000     0.0000       0     84      0    1.00    3.29    1.00      0       0       0       0   result_model_1
M    Q     10   10   max   0.000000    0.000000    0.000000    0.230    0.019228      0.0000     0.0000     0.0000       0     84      0    1.00    3.29    1.00      0       0       0       0   result_model_1

M    R     10   10   asym  0.000000    0.000000    0.000000    0.176    0.014892      0.0183     0.0079     0.0000       0     84      0    1.00    3.29    1.00      0       0       0       0   result_model_1
R    M     10   10   asym  0.000000    0.000000    0.000000    0.167    0.015542      0.0183     0.0079     0.0000       0     84      0    1.00    3.29    1.00      0       0       0       0   result_model_1
M    R     10   10   max   0.000000    0.000000    0.000000    0.176    0.015542      0.0183     0.0079     0.0000       0     84      0    1.00    3.29    1.00      0       0       0       0   result_model_1

M    S     10   10   asym  0.000000    0.000000    0.000000    0.197    0.016118      0.0000     0.0000     0.0000       0     84      0    1.00    3.29    1.00      0       0       0       0   result_model_1
S    M     10   10   asym  0.000000    0.000000    0.000000    0.185    0.017178      0.0000     0.0000     0.0000       0     84      0    1.00    3.29    1.00      0       0       0       0   result_model_1
M    S     10   10   max   0.000000    0.000000    0.000000    0.197    0.017178      0.0000     0.0000     0.0000       0     84      0    1.00    3.29    1.00      0       0       0       0   result_model_1

M    T     10   10   asym  0.000000    0.000000    0.000000    0.160    0.014234      0.0000     0.0000     0.0000       0     84      0    1.00    3.29    1.00      0       0       0       0   result_model_1
T    M     10   10   asym  0.000000    0.000000    0.000000    0.155    0.014667      0.0000     0.0000     0.0000       0     84      0    1.00    3.29    1.00      0       0       0       0   result_model_1
M    T     10   10   max   0.000000    0.000000    0.000000    0.160    0.014667      0.0000     0.0000     0.0000       0     84      0    1.00    3.29    1.00      0       0       0       0   result_model_1

N    O     10   10   asym  0.000000    0.000000    0.000000    0.190    0.016253      0.0188     0.0080     0.0000       0     84      0    1.00    3.29    1.00      0       0       0       0   result_model_1
O    N     10   10   asym  0.000000    0.000000    0.000000    0.189    0.016447      0.0188     0.0080     0.0000       0     84      0    1.00    3.29    1.00      0       0       0       0   result_model_1
N    O     10   10   max   0.000000    0.000000    0.000000    0.190    0.016447      0.0188     0.0080     0.0000       0     84      0    1.00    3.29    1.00      0       0       0       0   result_model_1

N    P     10   10   asym  0.000000    0.000000    0.000000    0.263    0.020930      0.0244     0.0085     0.0000       0     84      0    1.00    3.29    1.00      0       0       0       0   result_model_1
P    N     10   10   asym  0.000000    0.000000    0.000000    0.257    0.021340      0.0244     0.0086     0.0000       0     84      0    1.00    3.29    1.00      0       0       0       0   result_model_1
N    P     10   10   max   0.000000    0.000000    0.000000    0.263    0.021340      0.0244     0.0086     0.0000       0     84      0    1.00    3.29    1.00      0       0       0       0   result_model_1

N    Q     10   10   asym  0.000000    0.000000    0.000000    0.177    0.015210      0.0000     0.0000     0.0000       0     84      0    1.00    3.29    1.00      0       0       0       0   result_model_1
Q    N     10   10   asym  0.000000    0.000000    0.000000    0.173    0.015627      0.0000     0.0000     0.0000       0     84      0    1.00    3.29    1.00      0       0       0       0   result_model_1
N    Q     10   10   max   0.000000    0.000000    0.000000    0.177    0.015627      0.0000     0.0000     0.0000       0     84      0    1.00    3.29    1.00      0       0       0       0   result_model_1

N    R     10   10   asym  0.000000    0.000000    0.000000    0.229    0.017863      0.0000     0.0000     0.0000       0     84      0    1.00    3.29    1.00      0       0       0       0   result_model_1
R    N     10   10   asym  0.000000    0.000000    0.000000    0.212    0.019093      0.0000     0.0000     0.0000       0     84      0    1.00    3.29    1.00      0       0       0       0   result_model_1
N    R     10   10   max   0.000000    0.000000    0.000000    0.229    0.019093      0.0000     0.0000     0.0000       0     84      0    1.00    3.29    1.00      0       0       0       0   result_model_1

N    S     10   10   asym  0.000000    0.000000    0.000000    0.159    0.014348      0.0000     0.0000     0.0000       0     84      0    1.00    3.29    1.00      0       0       0       0   result_model_1
S    N     10   10   asym  0.000000    0.000000    0.000000    0.157    0.014642      0.0000     0.0000     0.0000       0     84      0    1.00    3.29    1.00      0       0       0       0   result_model_1
N    S     10   10   max   0.000000    0.000000    0.000000    0.159    0.014642      0.0000     0.0000     0.0000       0     84      0    1.00    3.29    1.00      0       0       0       0   result_model_1

N    T     10   10   asym  0.000000    0.000000    0.000000    0.195    0.015967      0.0000     0.0000     0.0000       0     84      0    1.00    3.29    1.00      0       0       0       0   result_model_1
T    N     10   10   asym  0.000000    0.000000    0.000000    0.183    0.016999      0.0000     0.0000     0.0000       0     84      0    1.00    3.29    1.00      0       0       0       0   result_model_1
N    T     10   10   max   0.000000    0.000000    0.000000    0.195    0.016999      0.0000     0.0000     0.0000       0     84      0    1.00    3.29    1.00      0       0       0       0   result_model_1

O    P     10   10   asym  0.000000    0.000000    0.000000    0.197    0.016727      0.0194     0.0081     0.0000       0     84      0    1.00    3.29    1.00      0       0       0       0   result_model_1
P    O     10   10   asym  0.000000    0.000000    0.000000    0.197    0.016640      0.0194     0.0081     0.0000       0     84      0    1.00    3.29    1.00      0       0       0       0   result_model_1
O    P     10   10   max   0.000000    0.000000    0.000000    0.197    0.016727      0.0194     0.0081     0.0000       0     84      0    1.00    3.29    1.00      0       0       0       0   result_model_1

O    Q     10   10   asym  0.000000    0.000000    0.000000    0.278    0.022063      0.0247     0.0086     0.0000       0     84      0    1.00    3.29    1.00      0       0       0       0   result_model_1
Q    O     10   10   asym  0.000000    0.000000    0.000000    0.271    0.022551      0.0247     0.0087     0.0000       0     84      0    1.00    3.29    1.00      0       0       0       0   result_model_1
O    Q     10   10   max   0.000000    0.000000    0.000000    0.278    0.022551      0.0247     0.0087     0.0000       0     84      0    1.00    3.29    1.00      0       0       0       0   result_model_1

O    R     10   10   asym  0.000000    0.000000    0.000000    0.187    0.015679      0.0192     0.0080     0.0000       0     84      0    1.00    3.29    1.00      0       0       0       0   result_model_1
R    O     10   10   asym  0.000000    0.000000    0.000000    0.181    0.016131      0.0192     0.0080     0.0000       0     84      0    1.00    3.29    1.00      0       0       0       0   result_model_1
O    R     10   10   max   0.000000    0.000000    0.000000    0.187    0.016131      0.0192     0.0080     0.0000       0     84      0    1.00    3.29    1.00      0       0       0       0   result_model_1

O    S     10   10   asym  0.000000    0.000000    0.000000    0.234    0.018390      0.0000     0.0000     0.0000       0     84      0    1.00    3.29    1.00      0       0       0       0   result_model_1
S    O     10   10   asym  0.000000    0.000000    0.000000    0.221    0.019507      0.0000     0.0000     0.0000       0     84      0    1.00    3.29    1.00      0       0       0       0   result_model_1
O    S     10   10   max   0.000000    0.000000    0.000000    0.234    0.019507      0.0000     0.0000     0.0000       0     84      0    1.00    3.29    1.00      0       0       0       0   result_model_1

O    T     10   10   asym  0.000000    0.000000    0.000000    0.171    0.014795      0.0000     0.0000     0.0000       0     84      0    1.00    3.29    1.00      0       0       0       0   result_model_1
T    O     10   10   asym  0.000000    0.000000    0.000000    0.166    0.015207      0.0000     0.0000     0.0000       0     84      0    1.00    3.29    1.00      0       0       0       0   result_model_1
O    T     10   10   max   0.000000    0.000000    0.000000    0.171    0.015207      0.0000     0.0000     0.0000       0     84      0    1.00    3.29    1.00      0       0       0       0   result_model_1

P    Q     10   10   asym  0.000000    0.000000    0.000000    0.189    0.016155      0.0188     0.0080     0.0000       0     84      0    1.00    3.29    1.00      0       0       0       0   result_model_1
Q    P     10   10   asym  0.000000    0.000000    0.000000    0.189    0.016342      0.0188     0.0080     0.0000       0     84      0    1.00    3.29    1.00      0       0       0       0   result_model_1
P    Q     10   10   max   0.000000    0.000000    0.000000    0.189    0.016342      0.0188     0.0080     0.0000       0     84      0    1.00    3.29    1.00      0       0       0       0   result_model_1

P    R     10   10   asym  0.000000    0.000000    0.000000    0.277    0.021796      0.0245     0.0086     0.0000       0     84      0    1.00    3.29    1.00      0       0       0       0   result_model_1
R    P     10   10   asym  0.000000    0.000000    0.000000    0.270    0.022424      0.0245     0.0087     0.0000       0     84      0    1.00    3.29    1.00      0       0       0       0   result_model_1
P    R     10   10   max   0.000000    0.000000    0.000000    0.277    0.022424      0.0245     0.0087     0.0000       0     84      0    1.00    3.29    1.00      0       0       0       0   result_model_1

P    S     10   10   asym  0.000000    0.000000    0.000000    0.172    0.015080      0.0000     0.0000     0.0000       0     84      0    1.00    3.29    1.00      0       0       0       0   result_model_1
S    P     10   10   asym  0.000000    0.000000    0.000000    0.171    0.015320      0.0000     0.0000     0.0000       0     84      0    1.00    3.29    1.00      0       0       0       0   result_model_1
P    S     10   10   max   0.000000    0.000000    0.000000    0.172    0.015320      0.0000     0.0000     0.0000       0     84      0    1.00    3.29    1.00      0       0       0       0   result_model_1

P    T     10   10   asym  0.000000    0.000000    0.000000    0.232    0.018193      0.0000     0.0000     0.0000       0     84      0    1.00    3.29    1.00      0       0       0       0   result_model_1
T    P     10   10   asym  0.000000    0.000000    0.000000    0.220    0.019385      0.0000     0.0000     0.0000       0     84      0    1.00    3.29    1.00      0       0       0       0   result_model_1
P    T     10   10   max   0.000000    0.000000    0.000000    0.232    0.019385      0.0000     0.0000     0.0000       0     84      0    1.00    3.29    1.00      0       0       0       0   result_model_1

Q    R     10   10   asym  0.000000    0.000000    0.000000    0.193    0.016483      0.0194     0.0081     0.0000       0     84      0    1.00    3.29    1.00      0       0       0       0   result_model_1
R    Q     10   10   asym  0.000000    0.000000    0.000000    0.193    0.016376      0.0194     0.0080     0.0000       0     84      0    1.00    3.29    1.00      0       0       0       0   result_model_1
Q    R     10   10   max   0.000000    0.000000    0.000000    0.193    0.016483      0.0194     0.0081     0.0000       0     84      0    1.00    3.29    1.00      0       0       0       0   result_model_1

Q    S     10   10   asym  0.000000    0.000000    0.000000    0.271    0.021688      0.0241     0.0085     0.0000       0     84      0    1.00    3.29    1.00      0       0       0       0   result_model_1
S    Q     10   10   asym  0.000000    0.000000    0.000000    0.271    0.021975      0.0241     0.0086     0.0000       0     84      0    1.00    3.29    1.00      0       0       0       0   result_model_1
Q    S     10   10   max   0.000000    0.000000    0.000000    0.271    0.021975      0.0241     0.0086     0.0000       0     84      0    1.00    3.29    1.00      0       0       0       0   result_model_1

Q    T     10   10   asym  0.000000    0.000000    0.000000    0.179    0.015321      0.0192     0.0080     0.0000       0     84      0    1.00    3.29    1.00      0       0       0       0   result_model_1
T    Q     10   10   asym  0.000000    0.000000    0.000000    0.175    0.015722      0.0192     0.0080     0.0000       0     84      0    1.00    3.29    1.00      0       0       0       0   result_model_1
Q    T     10   10   max   0.000000    0.000000    0.000000    0.179    0.015722      0.0192     0.0080     0.0000       0     84      0    1.00    3.29    1.00      0       0       0       0   result_model_1

R    S     10   10   asym  0.000000    0.000000    0.000000    0.180    0.015851      0.0188     0.0080     0.0000       0     84      0    1.00    3.29    1.00      0       0       0       0   result_model_1
S    R     10   10   asym  0.000000    0.000000    0.000000    0.183    0.015823      0.0188     0.0080     0.0000       0     84      0    1.00    3.29    1.00      0       0       0       0   result_model_1
R    S     10   10   max   0.000000    0.000000    0.000000    0.183    0.015851      0.0188     0.0080     0.0000       0     84      0    1.00    3.29    1.00      0       0       0       0   result_model_1

R    T     10   10   asym  0.000000    0.000000    0.000000    0.267    0.021344      0.0242     0.0085     0.0000       0     84      0    1.00    3.29    1.00      0       0       0       0   result_model_1
T    R     10   10   asym  0.000000    0.000000    0.000000    0.268    0.021617      0.0242     0.0086     0.0000       0     84      0    1.00    3.29    1.00      0       0       0       0   result_model_1
R    T     10   10   max   0.000000    0.000000    0.000000    0.268    0.021617      0.0242     0.0086     0.0000       0     84      0    1.00    3.29    1.00      0       0       0       0   result_model_1

S    T     10   10   asym  0.000000    0.000000    0.000000    0.187    0.016043      0.0193     0.0080     0.0000       0     84      0    1.00    3.29    1.00      0       0       0       0   result_model_1
T    S     10   10   asym  0.000000    0.000000    0.000000    0.184    0.016179      0.0193     0.0080     0.0000       0     84      0    1.00    3.29    1.00      0       0       0       0   result_model_1
S    T     10   10   max   0.000000    0.000000    0.000000    0.187    0.016179      0.0193     0.0080     0.0000       0     84      0    1.00    3.29    1.00      0       0       0       0   result_model_1

